time,temp_c,humidity_pct,wind_speed_kmh,surface_pressure_hpa,solar_radiation_wm2,precipitation_mm
2023-01-01T00:00,20.5,68,6.3,992.5,0.0,0.0
2023-01-01T01:00,20.1,69,6.6,992.1,0.0,0.0
2023-01-01T02:00,18.3,79,8.9,991.6,0.0,0.0
2023-01-01T03:00,18.1,82,9.4,991.7,0.0,0.0
2023-01-01T04:00,17.6,78,8.7,992.2,0.0,0.0
2023-01-01T05:00,17.7,79,5.2,993.1,0.0,0.0
2023-01-01T06:00,17.9,73,6.6,994.1,0.0,0.0
2023-01-01T07:00,18.4,66,9.1,995.1,96.6,0.0
2023-01-01T08:00,20.1,60,7.1,996.0,445.0,0.0
2023-01-01T09:00,22.5,55,4.0,996.8,633.2,0.0
2023-01-01T10:00,24.5,50,2.2,996.7,732.1,0.0
2023-01-01T11:00,26.3,47,1.8,996.1,782.5,0.0
2023-01-01T12:00,27.7,45,2.8,994.9,804.2,0.0
2023-01-01T13:00,28.5,44,3.9,993.4,801.4,0.0
2023-01-01T14:00,28.8,43,4.7,992.3,770.5,0.0
2023-01-01T15:00,28.6,43,5.2,991.9,702.4,0.0
2023-01-01T16:00,27.9,46,5.2,991.9,569.1,0.0
2023-01-01T17:00,25.3,65,7.2,991.9,332.1,0.0
2023-01-01T18:00,24.2,60,8.5,992.8,0.0,0.0
2023-01-01T19:00,23.5,58,8.8,993.8,0.0,0.0
2023-01-01T20:00,22.7,61,8.0,994.5,0.0,0.0
2023-01-01T21:00,22.8,59,9.1,994.5,0.0,0.0
2023-01-01T22:00,22.3,60,11.7,994.4,0.0,0.0
2023-01-01T23:00,21.1,63,10.3,993.9,0.0,0.0
2023-01-02T00:00,19.8,67,6.6,993.2,0.0,0.0
2023-01-02T01:00,20.2,65,4.9,992.9,0.0,0.0
2023-01-02T02:00,19.8,68,2.2,992.7,0.0,0.0
2023-01-02T03:00,17.2,81,4.8,992.3,0.0,0.0
2023-01-02T04:00,16.5,84,7.2,992.5,0.0,0.0
2023-01-02T05:00,17.0,81,5.8,993.4,0.0,0.0
2023-01-02T06:00,17.0,80,5.8,994.2,0.0,0.0
2023-01-02T07:00,17.7,77,7.2,995.2,97.1,0.0
2023-01-02T08:00,19.8,68,6.5,996.4,446.6,0.0
2023-01-02T09:00,22.1,61,4.7,997.2,631.6,0.0
2023-01-02T10:00,24.3,55,3.8,997.0,730.4,0.0
2023-01-02T11:00,26.2,50,3.1,996.0,782.0,0.0
2023-01-02T12:00,27.7,46,1.5,994.7,807.4,0.0
2023-01-02T13:00,28.5,44,0.8,993.2,804.1,0.0
2023-01-02T14:00,28.8,43,3.1,992.4,773.1,0.0
2023-01-02T15:00,28.7,44,4.5,992.2,697.7,0.0
2023-01-02T16:00,28.1,47,4.2,992.3,554.1,0.0
2023-01-02T17:00,25.2,66,6.3,992.9,322.9,0.0
2023-01-02T18:00,23.3,66,6.9,993.5,0.0,0.0
2023-01-02T19:00,22.7,66,6.8,994.4,0.0,0.0
2023-01-02T20:00,21.9,68,7.1,994.8,0.0,0.0
2023-01-02T21:00,21.4,69,7.1,995.2,0.0,0.0
2023-01-02T22:00,21.2,69,8.1,995.2,0.0,0.0
2023-01-02T23:00,20.8,69,9.4,994.8,0.0,0.0
2023-01-03T00:00,20.2,69,8.0,994.3,0.0,0.0
2023-01-03T01:00,19.6,70,8.0,993.9,0.0,0.0
2023-01-03T02:00,19.1,71,7.7,993.3,0.0,0.0
2023-01-03T03:00,17.8,79,8.4,993.0,0.0,0.0
2023-01-03T04:00,17.6,79,7.4,993.4,0.0,0.0
2023-01-03T05:00,17.2,83,6.6,993.8,0.0,0.0
2023-01-03T06:00,17.2,84,5.5,994.5,0.0,0.0
2023-01-03T07:00,18.3,78,5.0,995.5,86.7,0.0
2023-01-03T08:00,20.5,69,4.1,996.6,431.6,0.0
2023-01-03T09:00,22.8,60,4.3,997.0,620.7,0.0
2023-01-03T10:00,24.8,54,2.8,996.9,720.1,0.0
2023-01-03T11:00,26.3,51,1.8,995.8,696.6,0.0
2023-01-03T12:00,27.6,48,3.2,994.6,724.0,0.0
2023-01-03T13:00,28.4,45,4.0,993.2,753.6,0.0
2023-01-03T14:00,28.7,44,2.0,992.3,670.3,0.0
2023-01-03T15:00,28.7,42,4.7,991.8,595.3,0.0
2023-01-03T16:00,28.2,42,5.7,991.8,525.1,0.0
2023-01-03T17:00,26.4,56,1.0,992.3,339.9,0.0
2023-01-03T18:00,23.6,72,5.8,992.8,0.0,0.0
2023-01-03T19:00,23.0,72,5.8,993.7,0.0,0.0
2023-01-03T20:00,22.6,74,4.7,994.4,0.0,0.0
2023-01-03T21:00,22.4,72,7.2,994.7,0.0,0.0
2023-01-03T22:00,21.6,77,5.2,994.7,0.0,0.0
2023-01-03T23:00,21.2,77,5.3,994.3,0.0,0.0
2023-01-04T00:00,21.5,74,6.3,993.6,0.0,0.0
2023-01-04T01:00,20.4,80,8.4,992.9,0.0,0.0
2023-01-04T02:00,20.0,80,5.7,992.6,0.0,0.0
2023-01-04T03:00,19.7,78,5.6,992.6,0.0,0.0
2023-01-04T04:00,19.8,76,7.6,993.0,0.0,0.0
2023-01-04T05:00,19.3,83,9.4,993.7,0.0,0.0
2023-01-04T06:00,19.4,82,7.2,994.2,0.0,0.0
2023-01-04T07:00,19.7,82,9.5,994.9,54.5,0.0
2023-01-04T08:00,21.4,76,8.6,995.8,309.2,0.0
2023-01-04T09:00,23.4,66,7.3,996.5,479.8,0.0
2023-01-04T10:00,24.8,61,5.2,996.2,556.7,0.0
2023-01-04T11:00,26.0,57,3.7,995.4,576.1,0.0
2023-01-04T12:00,26.7,55,1.5,994.1,564.1,0.0
2023-01-04T13:00,27.0,53,2.3,992.9,534.8,0.3
2023-01-04T14:00,27.3,51,2.2,991.7,544.9,0.1
2023-01-04T15:00,27.0,52,3.1,991.6,427.0,0.0
2023-01-04T16:00,26.5,53,7.3,991.6,378.6,0.0
2023-01-04T17:00,23.2,73,9.5,992.6,154.5,0.0
2023-01-04T18:00,22.6,76,8.7,993.2,0.0,0.0
2023-01-04T19:00,22.0,77,7.4,994.1,0.0,0.0
2023-01-04T20:00,21.5,80,8.7,994.9,0.0,0.0
2023-01-04T21:00,20.8,83,7.9,995.2,0.0,0.0
2023-01-04T22:00,20.5,85,8.4,995.5,0.0,0.0
2023-01-04T23:00,20.1,85,10.2,995.0,0.0,0.0
2023-01-05T00:00,19.6,86,8.7,994.5,0.0,0.0
2023-01-05T01:00,19.1,87,7.2,994.1,0.0,0.0
2023-01-05T02:00,19.0,86,8.2,993.6,0.0,0.0
2023-01-05T03:00,18.6,86,6.4,993.6,0.0,0.0
2023-01-05T04:00,18.7,85,6.4,993.6,0.0,0.0
2023-01-05T05:00,17.8,90,4.3,994.0,0.0,0.0
2023-01-05T06:00,17.8,90,4.2,995.1,0.0,0.0
2023-01-05T07:00,18.3,88,7.6,996.1,65.7,0.0
2023-01-05T08:00,19.9,80,6.8,997.0,363.8,0.0
2023-01-05T09:00,21.9,73,6.1,998.0,554.3,0.0
2023-01-05T10:00,24.3,65,4.7,997.8,565.1,0.0
2023-01-05T11:00,25.8,60,4.3,996.9,571.1,0.0
2023-01-05T12:00,26.4,58,1.5,995.5,326.7,0.0
2023-01-05T13:00,26.3,58,2.9,994.5,139.0,0.0
2023-01-05T14:00,27.0,56,4.5,993.6,420.1,0.1
2023-01-05T15:00,27.4,53,5.2,993.1,508.7,0.0
2023-01-05T16:00,27.2,53,5.9,993.1,440.1,0.0
2023-01-05T17:00,24.3,68,9.4,994.3,259.8,0.0
2023-01-05T18:00,22.9,74,7.7,994.9,0.0,0.0
2023-01-05T19:00,22.0,77,7.6,995.8,0.0,0.0
2023-01-05T20:00,21.5,75,11.2,996.6,0.0,0.0
2023-01-05T21:00,20.6,76,9.7,997.1,0.0,0.0
2023-01-05T22:00,19.8,80,7.9,997.0,0.0,0.0
2023-01-05T23:00,19.2,84,6.1,996.8,0.0,0.0
2023-01-06T00:00,18.6,88,5.8,996.2,0.0,0.0
2023-01-06T01:00,18.3,90,5.9,995.8,0.0,0.0
2023-01-06T02:00,17.4,94,7.2,995.2,0.0,0.0
2023-01-06T03:00,17.2,94,6.9,994.7,0.0,0.0
2023-01-06T04:00,16.9,94,6.2,994.6,0.0,0.0
2023-01-06T05:00,17.4,92,5.1,995.4,0.0,0.0
2023-01-06T06:00,17.5,91,5.5,996.3,0.0,0.0
2023-01-06T07:00,18.3,86,6.8,997.3,76.9,0.0
2023-01-06T08:00,20.3,76,6.6,998.5,402.0,0.0
2023-01-06T09:00,22.3,66,6.9,999.5,589.3,0.0
2023-01-06T10:00,24.4,58,7.0,999.5,681.6,0.0
2023-01-06T11:00,26.0,53,6.6,998.6,732.4,0.0
2023-01-06T12:00,27.1,50,5.2,997.3,782.0,0.0
2023-01-06T13:00,28.1,47,5.0,995.7,751.4,0.0
2023-01-06T14:00,28.1,46,7.3,994.8,451.0,0.0
2023-01-06T15:00,28.1,46,10.9,994.1,504.6,0.0
2023-01-06T16:00,27.1,49,14.1,994.1,486.9,0.0
2023-01-06T17:00,24.8,60,7.6,994.7,318.1,0.0
2023-01-06T18:00,23.0,68,7.2,995.5,0.0,0.0
2023-01-06T19:00,21.8,73,6.5,996.1,0.0,0.0
2023-01-06T20:00,21.1,75,7.4,996.7,0.0,0.0
2023-01-06T21:00,20.7,75,8.2,997.0,0.0,0.0
2023-01-06T22:00,20.1,75,8.2,997.0,0.0,0.0
2023-01-06T23:00,19.3,78,6.7,996.7,0.0,0.0
2023-01-07T00:00,18.6,81,7.1,996.3,0.0,0.0
2023-01-07T01:00,18.0,83,7.1,995.8,0.0,0.0
2023-01-07T02:00,17.6,84,8.4,995.2,0.0,0.0
2023-01-07T03:00,17.2,79,8.9,994.7,0.0,0.0
2023-01-07T04:00,16.3,69,7.7,994.8,0.0,0.0
2023-01-07T05:00,15.7,65,7.1,995.3,0.0,0.0
2023-01-07T06:00,15.3,62,6.2,996.5,0.0,0.0
2023-01-07T07:00,15.6,61,6.8,997.4,88.2,0.0
2023-01-07T08:00,17.3,58,6.2,998.1,461.0,0.0
2023-01-07T09:00,19.5,57,5.4,998.5,654.5,0.0
2023-01-07T10:00,21.8,52,4.3,998.7,760.1,0.0
2023-01-07T11:00,23.7,45,4.4,997.8,817.5,0.0
2023-01-07T12:00,25.1,39,3.4,996.5,843.2,0.0
2023-01-07T13:00,26.0,37,4.0,995.0,845.0,0.0
2023-01-07T14:00,26.4,35,6.6,994.1,818.1,0.0
2023-01-07T15:00,26.2,33,9.6,993.5,754.4,0.0
2023-01-07T16:00,25.2,33,10.0,993.3,631.9,0.0
2023-01-07T17:00,22.5,45,7.4,993.8,399.1,0.0
2023-01-07T18:00,19.9,54,7.5,994.3,0.0,0.0
2023-01-07T19:00,18.3,62,10.1,994.8,0.0,0.0
2023-01-07T20:00,17.2,67,10.0,995.2,0.0,0.0
2023-01-07T21:00,16.6,68,7.4,995.5,0.0,0.0
2023-01-07T22:00,15.8,71,7.7,995.4,0.0,0.0
2023-01-07T23:00,15.6,69,7.1,995.0,0.0,0.0
2023-01-08T00:00,14.4,73,8.3,994.3,0.0,0.0
2023-01-08T01:00,13.4,75,10.5,993.8,0.0,0.0
2023-01-08T02:00,12.9,75,9.8,993.2,0.0,0.0
2023-01-08T03:00,12.9,73,8.5,992.9,0.0,0.0
2023-01-08T04:00,12.0,76,9.4,993.3,0.0,0.0
2023-01-08T05:00,11.3,79,10.7,994.2,0.0,0.0
2023-01-08T06:00,11.5,75,8.9,994.8,0.0,0.0
2023-01-08T07:00,12.5,76,4.5,995.8,110.6,0.0
2023-01-08T08:00,15.1,60,3.6,996.7,507.7,0.0
2023-01-08T09:00,17.5,52,3.0,997.2,705.6,0.0
2023-01-08T10:00,20.0,48,3.2,997.2,807.5,0.0
2023-01-08T11:00,22.4,42,4.0,996.3,858.6,0.0
2023-01-08T12:00,24.2,36,4.3,994.9,879.7,0.0
2023-01-08T13:00,25.4,31,5.2,993.7,876.0,0.0
2023-01-08T14:00,26.0,28,6.8,992.6,845.8,0.0
2023-01-08T15:00,26.0,27,9.0,992.3,779.1,0.0
2023-01-08T16:00,25.0,31,8.4,992.2,649.3,0.0
2023-01-08T17:00,22.1,42,7.0,992.2,411.1,0.0
2023-01-08T18:00,19.2,49,8.8,992.5,19.1,0.0
2023-01-08T19:00,17.5,58,10.1,993.2,0.0,0.0
2023-01-08T20:00,16.4,63,8.9,994.0,0.0,0.0
2023-01-08T21:00,15.7,65,8.1,994.5,0.0,0.0
2023-01-08T22:00,15.3,60,8.4,994.7,0.0,0.0
2023-01-08T23:00,14.9,59,8.7,994.4,0.0,0.0
2023-01-09T00:00,13.9,65,11.3,993.8,0.0,0.0
2023-01-09T01:00,14.2,63,8.8,993.4,0.0,0.0
2023-01-09T02:00,15.6,55,6.1,993.2,0.0,0.0
2023-01-09T03:00,11.8,72,7.6,993.0,0.0,0.0
2023-01-09T04:00,11.5,77,7.3,993.5,0.0,0.0
2023-01-09T05:00,11.1,85,7.0,994.5,0.0,0.0
2023-01-09T06:00,10.1,89,8.3,995.3,0.0,0.0
2023-01-09T07:00,11.6,84,3.8,996.3,99.9,0.0
2023-01-09T08:00,14.8,69,2.8,997.3,500.1,0.0
2023-01-09T09:00,17.7,57,1.3,998.2,698.5,0.0
2023-01-09T10:00,20.6,48,1.3,998.2,798.2,0.0
2023-01-09T11:00,23.1,42,2.5,997.2,848.6,0.0
2023-01-09T12:00,25.0,37,2.2,996.0,868.4,0.0
2023-01-09T13:00,26.1,34,2.6,994.7,864.1,0.0
2023-01-09T14:00,26.7,33,4.3,994.0,835.3,0.0
2023-01-09T15:00,26.7,33,5.9,993.6,769.9,0.0
2023-01-09T16:00,25.7,38,6.1,993.6,642.0,0.0
2023-01-09T17:00,22.7,46,6.4,993.5,404.7,0.0
2023-01-09T18:00,20.4,46,7.9,994.1,19.1,0.0
2023-01-09T19:00,18.5,53,10.8,994.7,0.0,0.0
2023-01-09T20:00,17.5,55,7.9,995.2,0.0,0.0
2023-01-09T21:00,16.6,62,8.3,995.4,0.0,0.0
2023-01-09T22:00,15.4,69,9.1,995.0,0.0,0.0
2023-01-09T23:00,15.2,69,8.5,994.7,0.0,0.0
2023-01-10T00:00,17.1,58,4.3,994.4,0.0,0.0
2023-01-10T01:00,16.5,60,0.4,993.9,0.0,0.0
2023-01-10T02:00,15.7,65,1.3,993.4,0.0,0.0
2023-01-10T03:00,15.2,66,1.8,993.2,0.0,0.0
2023-01-10T04:00,13.3,74,4.2,993.2,0.0,0.0
2023-01-10T05:00,12.0,80,6.2,994.1,0.0,0.0
2023-01-10T06:00,11.1,87,8.1,995.1,0.0,0.0
2023-01-10T07:00,12.5,85,3.4,995.7,100.1,0.0
2023-01-10T08:00,15.6,72,2.3,996.8,492.4,0.0
2023-01-10T09:00,18.8,59,1.6,997.4,691.4,0.0
2023-01-10T10:00,21.9,48,2.0,997.5,794.0,0.0
2023-01-10T11:00,24.4,41,3.9,996.7,844.4,0.0
2023-01-10T12:00,26.2,37,4.2,995.4,865.3,0.0
2023-01-10T13:00,27.3,34,3.6,994.1,863.1,0.0
2023-01-10T14:00,27.8,33,4.5,992.9,834.0,0.0
2023-01-10T15:00,27.8,33,4.8,992.3,770.0,0.0
2023-01-10T16:00,26.8,38,4.7,992.2,645.5,0.0
2023-01-10T17:00,23.3,56,8.6,992.1,410.2,0.0
2023-01-10T18:00,21.5,50,8.3,992.0,18.7,0.0
2023-01-10T19:00,21.5,48,5.6,992.7,0.0,0.0
2023-01-10T20:00,18.8,59,5.8,993.1,0.0,0.0
2023-01-10T21:00,17.0,65,7.6,993.2,0.0,0.0
2023-01-10T22:00,16.6,67,7.3,993.0,0.0,0.0
2023-01-10T23:00,18.0,60,5.6,992.8,0.0,0.0
2023-01-11T00:00,17.8,61,5.3,992.2,0.0,0.0
2023-01-11T01:00,17.1,64,5.3,991.2,0.0,0.0
2023-01-11T02:00,16.5,66,4.2,990.7,0.0,0.0
2023-01-11T03:00,13.5,80,6.0,990.2,0.0,0.0
2023-01-11T04:00,13.7,78,8.7,990.7,0.0,0.0
2023-01-11T05:00,14.6,75,5.8,991.5,0.0,0.0
2023-01-11T06:00,12.2,89,7.3,992.3,0.0,0.0
2023-01-11T07:00,13.7,84,4.1,993.4,100.3,0.0
2023-01-11T08:00,16.7,71,3.0,994.3,488.6,0.0
2023-01-11T09:00,19.8,56,1.5,995.1,686.4,0.0
2023-01-11T10:00,22.8,47,0.5,994.8,787.9,0.0
2023-01-11T11:00,25.2,41,0.5,994.1,840.1,0.0
2023-01-11T12:00,27.0,36,1.6,992.8,862.0,0.0
2023-01-11T13:00,28.0,32,2.7,991.5,859.3,0.0
2023-01-11T14:00,28.4,29,3.9,990.4,832.5,0.0
2023-01-11T15:00,28.4,29,4.3,989.8,768.2,0.0
2023-01-11T16:00,27.5,39,2.4,989.7,643.6,0.0
2023-01-11T17:00,24.0,51,6.7,989.6,409.7,0.0
2023-01-11T18:00,24.0,38,5.2,990.0,18.2,0.0
2023-01-11T19:00,23.5,39,2.5,990.6,0.0,0.0
2023-01-11T20:00,19.1,57,3.6,990.9,0.0,0.0
2023-01-11T21:00,17.6,63,4.9,991.2,0.0,0.0
2023-01-11T22:00,18.9,55,3.7,991.5,0.0,0.0
2023-01-11T23:00,19.9,49,4.7,991.1,0.0,0.0
2023-01-12T00:00,20.0,49,3.8,990.5,0.0,0.0
2023-01-12T01:00,19.6,51,3.3,989.7,0.0,0.0
2023-01-12T02:00,18.8,56,5.0,989.3,0.0,0.0
2023-01-12T03:00,17.7,63,4.4,988.8,0.0,0.0
2023-01-12T04:00,14.7,79,5.1,988.6,0.0,0.0
2023-01-12T05:00,14.7,80,4.3,989.1,0.0,0.0
2023-01-12T06:00,14.5,82,5.8,990.1,0.0,0.0
2023-01-12T07:00,15.0,85,3.3,990.9,89.3,0.0
2023-01-12T08:00,17.8,70,3.7,991.6,476.4,0.0
2023-01-12T09:00,21.0,58,3.2,992.4,674.3,0.0
2023-01-12T10:00,24.1,49,4.0,992.3,774.9,0.0
2023-01-12T11:00,26.5,41,5.4,991.6,828.4,0.0
2023-01-12T12:00,28.1,37,6.9,990.5,850.6,0.0
2023-01-12T13:00,29.0,34,7.2,989.2,848.7,0.0
2023-01-12T14:00,29.4,32,7.2,988.2,820.5,0.0
2023-01-12T15:00,29.3,32,7.7,987.6,757.2,0.0
2023-01-12T16:00,28.3,38,5.5,987.6,636.3,0.0
2023-01-12T17:00,24.9,42,8.0,987.9,409.3,0.0
2023-01-12T18:00,23.7,42,9.8,988.3,17.8,0.0
2023-01-12T19:00,21.8,51,7.6,989.2,0.0,0.0
2023-01-12T20:00,19.7,63,9.2,989.7,0.0,0.0
2023-01-12T21:00,18.6,67,9.5,990.0,0.0,0.0
2023-01-12T22:00,21.3,53,4.5,990.1,0.0,0.0
2023-01-12T23:00,19.7,59,3.4,989.7,0.0,0.0
2023-01-13T00:00,19.0,61,3.7,989.3,0.0,0.0
2023-01-13T01:00,19.3,59,4.1,989.1,0.0,0.0
2023-01-13T02:00,15.9,77,6.9,988.6,0.0,0.0
2023-01-13T03:00,16.3,76,6.1,988.3,0.0,0.0
2023-01-13T04:00,14.6,86,7.9,988.7,0.0,0.0
2023-01-13T05:00,14.0,89,6.6,989.3,0.0,0.0
2023-01-13T06:00,14.1,88,5.5,990.3,0.0,0.0
2023-01-13T07:00,15.1,83,4.0,991.3,89.4,0.0
2023-01-13T08:00,18.2,73,3.1,992.2,468.1,0.0
2023-01-13T09:00,21.4,62,3.3,993.1,664.4,0.0
2023-01-13T10:00,24.2,53,3.4,993.1,767.0,0.0
2023-01-13T11:00,26.3,47,2.9,992.6,821.1,0.0
2023-01-13T12:00,27.8,42,3.5,991.4,843.2,0.0
2023-01-13T13:00,28.7,37,5.2,990.3,842.2,0.0
2023-01-13T14:00,29.0,35,6.0,989.3,814.5,0.0
2023-01-13T15:00,29.0,35,5.5,989.0,753.6,0.0
2023-01-13T16:00,28.3,43,2.6,988.7,637.1,0.0
2023-01-13T17:00,25.8,53,4.6,989.0,408.8,0.0
2023-01-13T18:00,24.0,52,6.1,989.5,17.4,0.0
2023-01-13T19:00,24.9,47,4.1,990.3,0.0,0.0
2023-01-13T20:00,23.8,51,4.8,991.0,0.0,0.0
2023-01-13T21:00,23.0,54,4.7,991.3,0.0,0.0
2023-01-13T22:00,21.6,59,4.6,991.5,0.0,0.0
2023-01-13T23:00,21.0,62,3.6,990.8,0.0,0.0
2023-01-14T00:00,17.6,79,7.3,990.0,0.0,0.0
2023-01-14T01:00,16.8,84,9.2,989.5,0.0,0.0
2023-01-14T02:00,18.9,72,5.2,989.3,0.0,0.0
2023-01-14T03:00,18.2,75,3.1,989.2,0.0,0.0
2023-01-14T04:00,15.8,86,7.7,989.4,0.0,0.0
2023-01-14T05:00,15.2,88,7.2,990.0,0.0,0.0
2023-01-14T06:00,14.5,90,6.3,990.9,0.0,0.0
2023-01-14T07:00,15.7,82,7.2,991.8,89.4,0.0
2023-01-14T08:00,18.2,72,7.0,992.9,463.8,0.0
2023-01-14T09:00,20.8,64,7.3,993.7,659.1,0.0
2023-01-14T10:00,23.3,58,6.1,993.4,762.4,0.0
2023-01-14T11:00,25.5,52,5.6,992.6,818.0,0.0
2023-01-14T12:00,27.0,47,5.7,991.2,839.8,0.0
2023-01-14T13:00,27.9,44,5.8,989.9,838.3,0.0
2023-01-14T14:00,28.3,41,6.6,989.1,811.5,0.0
2023-01-14T15:00,28.3,41,6.5,988.7,748.1,0.0
2023-01-14T16:00,27.7,44,5.1,988.9,624.7,0.0
2023-01-14T17:00,24.7,68,6.6,989.4,397.3,0.0
2023-01-14T18:00,22.7,62,6.7,989.8,17.0,0.0
2023-01-14T19:00,22.2,62,7.9,990.6,0.0,0.0
2023-01-14T20:00,21.5,63,7.4,991.3,0.0,0.0
2023-01-14T21:00,20.0,70,8.7,991.2,0.0,0.0
2023-01-14T22:00,19.2,74,8.7,991.3,0.0,0.0
2023-01-14T23:00,17.8,81,9.3,990.7,0.0,0.0
2023-01-15T00:00,18.6,76,5.9,990.5,0.0,0.0
2023-01-15T01:00,19.2,73,4.1,990.3,0.0,0.0
2023-01-15T02:00,18.4,77,4.1,989.7,0.0,0.0
2023-01-15T03:00,17.3,82,2.5,989.4,0.0,0.0
2023-01-15T04:00,15.3,92,6.6,989.2,0.0,0.0
2023-01-15T05:00,15.2,94,8.4,990.0,0.0,0.0
2023-01-15T06:00,16.2,89,4.8,990.9,0.0,0.0
2023-01-15T07:00,16.8,87,5.2,991.6,89.4,0.0
2023-01-15T08:00,19.3,74,5.8,992.6,451.0,0.0
2023-01-15T09:00,21.8,60,6.1,993.2,649.0,0.0
2023-01-15T10:00,24.2,51,5.4,992.8,752.6,0.0
2023-01-15T11:00,26.1,47,3.4,991.7,807.6,0.0
2023-01-15T12:00,27.4,45,2.3,990.3,832.3,0.0
2023-01-15T13:00,28.3,43,3.3,989.2,831.7,0.0
2023-01-15T14:00,28.7,42,4.3,988.2,804.0,0.0
2023-01-15T15:00,28.7,41,4.7,987.6,744.5,0.0
2023-01-15T16:00,28.2,43,3.7,987.6,622.9,0.0
2023-01-15T17:00,25.9,58,4.0,988.3,397.0,0.0
2023-01-15T18:00,25.7,53,1.4,988.4,16.6,0.0
2023-01-15T19:00,22.0,67,5.5,989.0,0.0,0.0
2023-01-15T20:00,21.2,68,6.4,989.6,0.0,0.0
2023-01-15T21:00,20.4,71,6.2,989.7,0.0,0.0
2023-01-15T22:00,19.1,79,8.2,989.9,0.0,0.0
2023-01-15T23:00,18.8,80,6.1,989.7,0.0,0.0
2023-01-16T00:00,18.0,86,7.4,989.2,0.0,0.0
2023-01-16T01:00,17.4,89,8.1,989.0,0.0,0.0
2023-01-16T02:00,17.2,90,7.6,988.6,0.0,0.0
2023-01-16T03:00,16.9,91,7.6,988.7,0.0,0.0
2023-01-16T04:00,16.7,91,6.3,988.7,0.0,0.0
2023-01-16T05:00,16.8,91,5.6,989.6,0.0,0.0
2023-01-16T06:00,17.3,86,6.5,990.4,0.0,0.0
2023-01-16T07:00,17.8,84,7.2,991.7,78.2,0.0
2023-01-16T08:00,20.2,75,5.7,992.7,438.0,0.0
2023-01-16T09:00,22.8,65,6.2,993.4,634.1,0.0
2023-01-16T10:00,24.9,58,5.6,993.2,741.0,0.0
2023-01-16T11:00,26.7,53,4.8,992.2,798.7,0.0
2023-01-16T12:00,28.0,49,5.4,991.0,823.5,0.0
2023-01-16T13:00,29.0,46,7.0,989.7,823.7,0.0
2023-01-16T14:00,29.7,43,5.5,988.4,796.6,0.0
2023-01-16T15:00,29.9,42,2.6,988.0,737.3,0.0
2023-01-16T16:00,29.6,44,2.2,987.8,610.8,0.0
2023-01-16T17:00,28.1,51,4.0,988.4,386.1,0.0
2023-01-16T18:00,25.1,60,6.8,988.7,16.3,0.0
2023-01-16T19:00,22.9,67,9.1,989.5,0.0,0.0
2023-01-16T20:00,22.1,69,8.3,990.1,0.0,0.0
2023-01-16T21:00,21.5,68,6.2,990.8,0.0,0.0
2023-01-16T22:00,20.9,69,6.5,990.8,0.0,0.0
2023-01-16T23:00,20.2,70,6.6,990.3,0.0,0.0
2023-01-17T00:00,19.9,71,8.0,989.9,0.0,0.0
2023-01-17T01:00,19.6,71,8.4,989.3,0.0,0.0
2023-01-17T02:00,19.3,72,7.9,988.8,0.0,0.0
2023-01-17T03:00,18.8,74,6.9,988.5,0.0,0.0
2023-01-17T04:00,17.7,80,7.6,988.7,0.0,0.0
2023-01-17T05:00,17.7,80,4.7,989.4,0.0,0.0
2023-01-17T06:00,17.9,80,4.3,989.8,0.0,0.0
2023-01-17T07:00,18.8,78,6.2,991.0,78.1,0.0
2023-01-17T08:00,21.4,70,5.6,992.2,445.8,0.0
2023-01-17T09:00,23.8,60,4.9,993.2,644.5,0.0
2023-01-17T10:00,25.4,54,4.0,993.0,749.6,0.0
2023-01-17T11:00,26.9,50,4.0,992.5,806.8,0.0
2023-01-17T12:00,28.2,47,4.6,991.4,830.6,0.0
2023-01-17T13:00,29.1,45,4.1,990.2,826.5,0.0
2023-01-17T14:00,29.8,42,3.4,988.9,799.4,0.0
2023-01-17T15:00,30.1,39,3.5,988.7,739.1,0.0
2023-01-17T16:00,29.6,40,3.8,988.5,622.0,0.0
2023-01-17T17:00,26.7,67,5.9,989.3,401.9,0.0
2023-01-17T18:00,24.2,62,8.4,989.7,15.9,0.0
2023-01-17T19:00,23.9,61,7.6,990.6,0.0,0.0
2023-01-17T20:00,23.8,59,7.6,991.4,0.0,0.0
2023-01-17T21:00,22.9,58,9.7,992.0,0.0,0.0
2023-01-17T22:00,22.6,58,12.2,991.9,0.0,0.0
2023-01-17T23:00,22.2,61,10.9,991.6,0.0,0.0
2023-01-18T00:00,21.5,64,9.8,991.3,0.0,0.0
2023-01-18T01:00,21.0,67,8.9,990.7,0.0,0.0
2023-01-18T02:00,20.2,71,6.6,990.6,0.0,0.0
2023-01-18T03:00,19.4,75,6.1,990.4,0.0,0.0
2023-01-18T04:00,18.3,82,7.6,990.6,0.0,0.0
2023-01-18T05:00,18.3,83,6.8,991.8,0.0,0.0
2023-01-18T06:00,18.1,84,6.6,992.7,0.0,0.0
2023-01-18T07:00,18.7,82,7.3,993.8,78.0,0.0
2023-01-18T08:00,21.3,74,6.5,994.9,436.6,0.0
2023-01-18T09:00,23.7,64,6.8,995.6,631.8,0.0
2023-01-18T10:00,25.4,58,5.5,995.6,739.5,0.0
2023-01-18T11:00,26.8,53,5.9,994.7,796.3,0.0
2023-01-18T12:00,27.9,49,5.4,993.5,821.7,0.0
2023-01-18T13:00,28.8,46,4.7,992.2,819.9,0.0
2023-01-18T14:00,29.3,44,2.5,990.9,792.0,0.0
2023-01-18T15:00,29.6,42,1.1,990.4,728.4,0.0
2023-01-18T16:00,29.4,42,1.9,990.4,610.1,0.0
2023-01-18T17:00,26.9,65,5.1,990.5,391.3,0.0
2023-01-18T18:00,24.4,62,8.0,991.2,31.2,0.0
2023-01-18T19:00,23.1,65,8.8,992.0,0.0,0.0
2023-01-18T20:00,22.4,65,7.2,992.8,0.0,0.0
2023-01-18T21:00,21.6,65,7.8,993.1,0.0,0.0
2023-01-18T22:00,21.2,65,7.3,993.3,0.0,0.0
2023-01-18T23:00,20.3,69,6.6,993.1,0.0,0.0
2023-01-19T00:00,19.6,72,7.7,992.4,0.0,0.0
2023-01-19T01:00,19.3,74,6.9,991.9,0.0,0.0
2023-01-19T02:00,18.8,76,7.0,991.3,0.0,0.0
2023-01-19T03:00,18.4,78,8.2,990.7,0.0,0.0
2023-01-19T04:00,17.4,83,8.3,991.1,0.0,0.0
2023-01-19T05:00,18.1,83,5.9,992.1,0.0,0.0
2023-01-19T06:00,18.0,85,6.4,993.0,0.0,0.0
2023-01-19T07:00,18.8,83,7.6,994.3,77.8,0.0
2023-01-19T08:00,21.2,75,4.8,995.3,439.8,0.0
2023-01-19T09:00,23.5,66,5.1,996.0,637.3,0.0
2023-01-19T10:00,25.5,60,3.9,995.7,742.9,0.0
2023-01-19T11:00,27.2,54,4.3,995.0,798.5,0.0
2023-01-19T12:00,28.5,46,4.1,993.5,823.3,0.0
2023-01-19T13:00,29.3,41,2.2,992.1,822.5,0.0
2023-01-19T14:00,29.7,38,1.9,991.2,786.0,0.0
2023-01-19T15:00,29.8,38,3.3,990.8,687.5,0.0
2023-01-19T16:00,29.3,41,3.9,990.8,565.5,0.0
2023-01-19T17:00,27.3,62,5.8,991.0,375.7,0.0
2023-01-19T18:00,27.2,45,3.9,991.4,30.6,0.0
2023-01-19T19:00,23.8,57,7.2,992.0,0.0,0.0
2023-01-19T20:00,22.4,62,6.2,992.4,0.0,0.0
2023-01-19T21:00,20.9,71,8.7,992.6,0.0,0.0
2023-01-19T22:00,20.7,70,5.9,992.7,0.0,0.0
2023-01-19T23:00,19.2,78,7.9,992.3,0.0,0.0
2023-01-20T00:00,18.9,76,6.2,991.8,0.0,0.0
2023-01-20T01:00,18.1,79,9.5,991.0,0.0,0.0
2023-01-20T02:00,18.0,78,6.6,990.4,0.0,0.0
2023-01-20T03:00,17.7,77,5.9,990.3,0.0,0.0
2023-01-20T04:00,17.1,79,6.8,990.2,0.0,0.0
2023-01-20T05:00,17.0,84,6.0,991.0,0.0,0.0
2023-01-20T06:00,17.0,84,6.2,992.0,0.0,0.0
2023-01-20T07:00,18.2,79,8.1,993.0,88.7,0.0
2023-01-20T08:00,21.0,70,9.2,994.4,455.2,0.0
2023-01-20T09:00,23.9,62,8.4,995.3,647.2,0.0
2023-01-20T10:00,26.2,56,8.3,995.0,751.1,0.0
2023-01-20T11:00,28.0,49,10.3,994.3,807.8,0.0
2023-01-20T12:00,29.2,41,10.0,993.0,831.4,0.0
2023-01-20T13:00,29.8,37,9.2,991.7,830.4,0.0
2023-01-20T14:00,30.0,36,7.9,990.6,801.8,0.0
2023-01-20T15:00,29.9,35,6.6,990.2,735.4,0.0
2023-01-20T16:00,29.3,39,5.4,990.1,606.7,0.0
2023-01-20T17:00,27.1,45,7.6,990.3,370.7,0.0
2023-01-20T18:00,24.9,51,6.6,990.6,30.0,0.0
2023-01-20T19:00,24.3,53,7.4,991.4,0.0,0.0
2023-01-20T20:00,23.3,58,6.3,992.3,0.0,0.0
2023-01-20T21:00,22.3,60,6.3,992.8,0.0,0.0
2023-01-20T22:00,21.5,62,7.7,992.7,0.0,0.0
2023-01-20T23:00,20.8,65,7.1,992.5,0.0,0.0
2023-01-21T00:00,20.2,68,7.0,991.9,0.0,0.0
2023-01-21T01:00,20.1,68,7.7,991.4,0.0,0.0
2023-01-21T02:00,19.9,67,9.7,990.8,0.0,0.0
2023-01-21T03:00,20.0,67,10.5,990.3,0.0,0.0
2023-01-21T04:00,19.8,69,9.8,990.2,0.0,0.0
2023-01-21T05:00,19.2,77,8.2,991.1,0.0,0.0
2023-01-21T06:00,18.8,79,6.9,991.8,0.0,0.0
2023-01-21T07:00,19.6,77,7.1,992.8,77.3,0.0
2023-01-21T08:00,22.4,68,6.8,993.9,441.5,0.0
2023-01-21T09:00,25.0,58,7.3,994.7,636.4,0.0
2023-01-21T10:00,27.0,52,7.9,994.7,740.8,0.0
2023-01-21T11:00,28.5,44,6.5,993.9,795.6,0.0
2023-01-21T12:00,29.3,40,4.0,992.6,819.7,0.0
2023-01-21T13:00,29.8,38,2.3,991.3,691.0,0.0
2023-01-21T14:00,29.8,38,1.1,990.2,534.4,0.0
2023-01-21T15:00,29.7,36,1.8,989.6,538.2,0.0
2023-01-21T16:00,29.4,38,3.3,989.4,475.5,0.0
2023-01-21T17:00,27.6,55,4.5,989.6,400.8,0.0
2023-01-21T18:00,25.6,49,4.8,990.0,29.4,0.0
2023-01-21T19:00,24.0,51,8.6,990.8,0.0,0.0
2023-01-21T20:00,22.9,54,7.0,991.4,0.0,0.0
2023-01-21T21:00,21.9,58,7.1,991.5,0.0,0.0
2023-01-21T22:00,20.8,64,6.9,991.3,0.0,0.0
2023-01-21T23:00,20.1,68,6.6,991.1,0.0,0.0
2023-01-22T00:00,19.9,67,6.9,990.8,0.0,0.0
2023-01-22T01:00,18.8,73,7.6,989.9,0.0,0.0
2023-01-22T02:00,18.6,75,8.1,989.3,0.0,0.0
2023-01-22T03:00,18.0,78,8.1,988.8,0.0,0.0
2023-01-22T04:00,17.8,77,5.5,989.1,0.0,0.0
2023-01-22T05:00,17.7,76,5.1,989.8,0.0,0.0
2023-01-22T06:00,17.2,78,5.7,990.4,0.0,0.0
2023-01-22T07:00,18.3,75,7.2,991.3,88.1,0.0
2023-01-22T08:00,21.6,65,7.4,992.6,460.6,0.0
2023-01-22T09:00,24.4,56,11.6,993.7,657.4,0.0
2023-01-22T10:00,26.8,50,12.7,993.7,760.5,0.0
2023-01-22T11:00,28.6,40,12.0,992.9,814.5,0.0
2023-01-22T12:00,29.6,35,10.2,991.5,839.4,0.0
2023-01-22T13:00,30.1,33,8.1,990.3,840.5,0.0
2023-01-22T14:00,30.3,32,6.2,989.2,814.2,0.0
2023-01-22T15:00,30.3,31,4.8,988.7,756.0,0.0
2023-01-22T16:00,29.6,37,3.7,988.7,640.2,0.0
2023-01-22T17:00,27.0,57,7.4,988.7,420.3,0.0
2023-01-22T18:00,24.1,53,7.9,988.9,28.9,0.0
2023-01-22T19:00,22.9,57,7.0,989.7,0.0,0.0
2023-01-22T20:00,21.9,59,6.8,990.4,0.0,0.0
2023-01-22T21:00,21.5,60,7.8,991.1,0.0,0.0
2023-01-22T22:00,20.5,64,7.0,991.4,0.0,0.0
2023-01-22T23:00,19.6,67,8.6,991.0,0.0,0.0
2023-01-23T00:00,19.6,65,7.3,990.6,0.0,0.0
2023-01-23T01:00,19.4,65,7.6,990.2,0.0,0.0
2023-01-23T02:00,18.6,71,9.2,989.5,0.0,0.0
2023-01-23T03:00,17.9,75,7.9,989.0,0.0,0.0
2023-01-23T04:00,17.1,80,10.1,988.9,0.0,0.0
2023-01-23T05:00,16.7,87,7.9,989.9,0.0,0.0
2023-01-23T06:00,17.0,85,5.9,990.7,0.0,0.0
2023-01-23T07:00,17.9,82,10.5,991.6,87.7,0.0
2023-01-23T08:00,20.9,73,7.4,992.6,454.8,0.0
2023-01-23T09:00,23.7,65,8.2,993.3,653.2,0.0
2023-01-23T10:00,26.3,58,9.2,993.2,758.3,0.0
2023-01-23T11:00,27.9,49,9.5,992.3,812.1,0.0
2023-01-23T12:00,28.8,45,9.0,990.8,828.9,0.0
2023-01-23T13:00,29.7,42,8.6,989.7,771.7,0.0
2023-01-23T14:00,30.1,39,9.6,988.8,587.6,0.0
2023-01-23T15:00,29.7,39,11.4,988.2,531.1,0.0
2023-01-23T16:00,29.2,40,11.5,988.0,449.2,0.0
2023-01-23T17:00,28.2,47,6.2,988.0,326.9,0.0
2023-01-23T18:00,25.8,51,8.0,988.8,28.3,0.0
2023-01-23T19:00,24.9,53,8.7,989.6,0.0,0.0
2023-01-23T20:00,23.9,55,9.8,990.3,0.0,0.0
2023-01-23T21:00,23.2,58,9.7,990.7,0.0,0.0
2023-01-23T22:00,22.0,62,8.0,990.8,0.0,0.0
2023-01-23T23:00,21.5,65,7.6,990.5,0.0,0.0
2023-01-24T00:00,20.8,68,6.9,989.9,0.0,0.0
2023-01-24T01:00,20.4,71,7.6,989.5,0.0,0.0
2023-01-24T02:00,19.2,78,8.0,989.0,0.0,0.0
2023-01-24T03:00,19.2,77,6.1,988.7,0.0,0.0
2023-01-24T04:00,18.8,79,10.0,988.9,0.0,0.0
2023-01-24T05:00,18.0,88,10.2,990.0,0.0,0.0
2023-01-24T06:00,18.4,85,8.9,990.8,0.0,0.0
2023-01-24T07:00,19.0,80,10.4,991.7,76.4,0.0
2023-01-24T08:00,21.3,71,11.2,992.6,432.6,0.0
2023-01-24T09:00,23.5,62,11.7,993.3,626.2,0.0
2023-01-24T10:00,25.8,53,11.3,993.2,732.7,0.0
2023-01-24T11:00,27.9,43,11.6,992.5,785.7,0.0
2023-01-24T12:00,29.3,37,11.1,991.3,807.9,0.0
2023-01-24T13:00,30.2,34,10.3,990.0,805.6,0.0
2023-01-24T14:00,30.5,31,9.3,989.1,783.0,0.0
2023-01-24T15:00,30.5,29,9.4,988.4,725.8,0.0
2023-01-24T16:00,29.8,28,8.1,988.4,619.1,0.0
2023-01-24T17:00,27.3,34,9.7,989.2,419.0,0.0
2023-01-24T18:00,25.8,36,8.4,989.5,13.9,0.0
2023-01-24T19:00,24.2,41,9.2,990.2,0.0,0.0
2023-01-24T20:00,23.3,44,9.5,990.6,0.0,0.0
2023-01-24T21:00,21.5,53,7.0,990.8,0.0,0.0
2023-01-24T22:00,20.2,59,7.7,990.6,0.0,0.0
2023-01-24T23:00,20.0,59,6.9,990.1,0.0,0.0
2023-01-25T00:00,19.3,62,7.1,989.9,0.0,0.0
2023-01-25T01:00,18.7,63,7.1,989.6,0.0,0.0
2023-01-25T02:00,18.9,60,7.3,989.0,0.0,0.0
2023-01-25T03:00,18.4,61,7.4,989.0,0.0,0.0
2023-01-25T04:00,19.2,58,12.6,989.3,0.0,0.0
2023-01-25T05:00,19.0,66,11.5,990.1,0.0,0.0
2023-01-25T06:00,19.4,66,10.5,990.8,0.0,0.0
2023-01-25T07:00,19.2,72,10.3,991.5,65.1,0.0
2023-01-25T08:00,21.1,70,8.5,992.3,126.0,0.0
2023-01-25T09:00,23.4,66,9.3,992.9,633.1,0.0
2023-01-25T10:00,25.6,55,12.1,992.8,760.2,0.0
2023-01-25T11:00,27.6,42,13.4,992.2,794.4,0.0
2023-01-25T12:00,28.9,34,13.0,991.0,798.7,0.0
2023-01-25T13:00,29.8,29,12.1,989.8,779.1,0.0
2023-01-25T14:00,30.2,26,10.9,988.8,711.2,0.0
2023-01-25T15:00,30.3,25,9.9,988.4,689.4,0.0
2023-01-25T16:00,29.5,29,6.4,988.2,617.2,0.0
2023-01-25T17:00,25.9,54,8.2,989.1,404.1,0.0
2023-01-25T18:00,23.3,46,9.6,989.3,40.9,0.0
2023-01-25T19:00,22.0,47,9.1,990.1,0.0,0.0
2023-01-25T20:00,21.4,49,7.8,990.6,0.0,0.0
2023-01-25T21:00,20.2,55,8.9,990.7,0.0,0.0
2023-01-25T22:00,19.1,60,9.1,990.6,0.0,0.0
2023-01-25T23:00,18.8,60,8.2,990.4,0.0,0.0
2023-01-26T00:00,18.2,65,9.3,990.0,0.0,0.0
2023-01-26T01:00,18.3,66,9.2,989.9,0.0,0.0
2023-01-26T02:00,20.6,56,4.2,989.6,0.0,0.0
2023-01-26T03:00,19.2,62,1.0,989.3,0.0,0.0
2023-01-26T04:00,16.3,76,3.5,989.2,0.0,0.0
2023-01-26T05:00,16.5,87,5.8,990.0,0.0,0.0
2023-01-26T06:00,16.8,86,5.6,991.3,0.0,0.0
2023-01-26T07:00,17.7,83,8.2,991.9,86.4,0.0
2023-01-26T08:00,20.3,74,5.2,993.3,449.0,0.0
2023-01-26T09:00,23.0,66,2.7,994.1,646.6,0.0
2023-01-26T10:00,25.1,61,1.5,994.2,751.2,0.0
2023-01-26T11:00,26.8,54,3.0,993.3,807.1,0.0
2023-01-26T12:00,28.1,45,4.0,992.1,834.8,0.0
2023-01-26T13:00,29.1,39,2.9,990.7,837.4,0.0
2023-01-26T14:00,29.6,34,2.6,989.7,813.4,0.0
2023-01-26T15:00,29.8,31,2.2,989.2,754.4,0.0
2023-01-26T16:00,29.5,32,2.1,989.1,639.3,0.0
2023-01-26T17:00,27.1,61,3.2,989.6,422.4,0.0
2023-01-26T18:00,23.9,59,8.3,990.0,40.2,0.0
2023-01-26T19:00,23.2,60,8.0,990.7,0.0,0.0
2023-01-26T20:00,21.6,65,8.4,991.2,0.0,0.0
2023-01-26T21:00,20.7,64,6.9,991.5,0.0,0.0
2023-01-26T22:00,21.1,60,6.6,991.4,0.0,0.0
2023-01-26T23:00,22.0,54,4.1,991.3,0.0,0.0
2023-01-27T00:00,21.5,56,4.0,991.2,0.0,0.0
2023-01-27T01:00,20.8,59,2.5,990.6,0.0,0.0
2023-01-27T02:00,17.9,73,4.4,990.3,0.0,0.0
2023-01-27T03:00,17.0,77,6.0,989.8,0.0,0.0
2023-01-27T04:00,16.4,82,7.6,989.9,0.0,0.0
2023-01-27T05:00,15.4,85,6.9,990.7,0.0,0.0
2023-01-27T06:00,15.7,85,6.3,991.5,0.0,0.0
2023-01-27T07:00,16.9,81,2.9,992.2,85.9,0.0
2023-01-27T08:00,20.2,71,0.4,993.4,462.9,0.0
2023-01-27T09:00,23.8,59,6.8,994.5,659.9,0.0
2023-01-27T10:00,26.4,51,4.6,994.4,758.5,0.0
2023-01-27T11:00,28.3,44,2.9,993.1,811.4,0.0
2023-01-27T12:00,29.6,37,2.2,991.7,834.5,0.0
2023-01-27T13:00,30.5,33,2.0,990.5,834.3,0.0
2023-01-27T14:00,30.9,31,3.9,989.5,809.9,0.0
2023-01-27T15:00,30.8,31,6.2,988.9,753.9,0.0
2023-01-27T16:00,30.1,32,7.4,988.9,642.0,0.0
2023-01-27T17:00,28.0,42,6.3,989.4,431.0,0.0
2023-01-27T18:00,25.4,40,7.4,990.1,39.5,0.0
2023-01-27T19:00,23.5,47,9.6,990.6,0.0,0.0
2023-01-27T20:00,22.4,51,8.8,991.0,0.0,0.0
2023-01-27T21:00,21.0,60,7.8,991.2,0.0,0.0
2023-01-27T22:00,20.0,67,7.3,991.2,0.0,0.0
2023-01-27T23:00,19.6,69,8.5,990.8,0.0,0.0
2023-01-28T00:00,20.0,64,8.3,990.4,0.0,0.0
2023-01-28T01:00,21.2,57,3.6,990.1,0.0,0.0
2023-01-28T02:00,18.4,68,7.3,990.0,0.0,0.0
2023-01-28T03:00,18.6,69,7.4,989.9,0.0,0.0
2023-01-28T04:00,17.9,79,8.0,989.9,0.0,0.0
2023-01-28T05:00,17.8,84,8.3,990.8,0.0,0.0
2023-01-28T06:00,19.2,78,4.6,991.8,0.0,0.0
2023-01-28T07:00,18.9,83,3.1,992.2,85.3,0.0
2023-01-28T08:00,21.1,74,4.0,993.0,444.5,0.0
2023-01-28T09:00,23.5,66,3.0,993.7,644.0,0.0
2023-01-28T10:00,25.9,58,2.9,993.3,749.3,0.0
2023-01-28T11:00,28.1,50,2.5,992.1,807.2,0.0
2023-01-28T12:00,29.7,43,2.1,990.5,834.1,0.0
2023-01-28T13:00,30.6,39,2.1,989.1,833.7,0.0
2023-01-28T14:00,31.0,36,1.8,988.0,807.8,0.0
2023-01-28T15:00,31.1,35,1.9,987.3,750.0,0.0
2023-01-28T16:00,30.8,37,2.8,987.1,635.2,0.0
2023-01-28T17:00,28.3,56,5.8,987.5,421.1,0.0
2023-01-28T18:00,25.4,54,7.1,988.0,51.7,0.0
2023-01-28T19:00,25.6,51,3.6,988.9,0.0,0.0
2023-01-28T20:00,23.1,63,5.6,989.4,0.0,0.0
2023-01-28T21:00,25.6,50,2.4,989.7,0.0,0.0
2023-01-28T22:00,25.6,49,4.3,989.6,0.0,0.0
2023-01-28T23:00,20.7,69,7.4,988.9,0.0,0.0
2023-01-29T00:00,20.1,70,9.2,988.3,0.0,0.0
2023-01-29T01:00,21.9,59,4.1,988.1,0.0,0.0
2023-01-29T02:00,20.1,68,5.7,987.7,0.0,0.0
2023-01-29T03:00,21.0,62,4.6,987.6,0.0,0.0
2023-01-29T04:00,20.4,65,1.0,988.0,0.0,0.0
2023-01-29T05:00,17.6,78,5.2,988.1,0.0,0.0
2023-01-29T06:00,17.0,81,6.6,989.0,0.0,0.0
2023-01-29T07:00,18.4,75,10.0,989.9,84.7,0.0
2023-01-29T08:00,20.7,68,5.4,990.9,454.0,0.0
2023-01-29T09:00,23.9,57,4.7,991.7,652.6,0.0
2023-01-29T10:00,26.8,49,5.1,991.7,756.5,0.0
2023-01-29T11:00,28.9,44,7.4,990.6,810.0,0.0
2023-01-29T12:00,30.3,38,6.7,989.4,829.8,0.0
2023-01-29T13:00,30.9,35,6.6,988.1,826.6,0.0
2023-01-29T14:00,31.2,33,8.4,987.0,800.2,0.0
2023-01-29T15:00,31.0,33,9.5,986.5,742.8,0.0
2023-01-29T16:00,30.5,35,7.3,986.5,635.6,0.0
2023-01-29T17:00,28.8,42,6.8,987.2,425.0,0.0
2023-01-29T18:00,26.0,47,7.3,987.9,50.9,0.0
2023-01-29T19:00,24.3,54,7.3,988.5,0.0,0.0
2023-01-29T20:00,23.0,60,8.9,989.1,0.0,0.0
2023-01-29T21:00,22.3,64,9.5,989.6,0.0,0.0
2023-01-29T22:00,24.2,53,3.3,990.1,0.0,0.0
2023-01-29T23:00,21.1,68,5.2,989.8,0.0,0.0
2023-01-30T00:00,20.6,70,6.1,989.4,0.0,0.0
2023-01-30T01:00,20.1,72,6.8,989.3,0.0,0.0
2023-01-30T02:00,19.8,73,7.3,989.2,0.0,0.0
2023-01-30T03:00,19.4,76,6.9,988.9,0.0,0.0
2023-01-30T04:00,20.0,71,10.2,989.4,0.0,0.0
2023-01-30T05:00,19.8,72,9.4,990.3,0.0,0.0
2023-01-30T06:00,19.5,74,6.6,991.0,0.0,0.0
2023-01-30T07:00,20.0,75,7.1,991.9,84.2,0.0
2023-01-30T08:00,22.7,67,4.9,993.1,431.6,0.0
2023-01-30T09:00,25.2,56,4.0,994.1,625.6,0.0
2023-01-30T10:00,27.2,46,4.7,994.0,709.8,0.0
2023-01-30T11:00,28.9,41,4.3,993.3,754.8,0.0
2023-01-30T12:00,30.0,38,2.9,991.9,806.4,0.0
2023-01-30T13:00,30.7,37,2.9,990.6,805.5,0.0
2023-01-30T14:00,31.1,35,4.7,989.5,781.3,0.0
2023-01-30T15:00,31.1,33,6.3,989.1,718.8,0.0
2023-01-30T16:00,30.6,36,5.5,989.2,596.1,0.0
2023-01-30T17:00,28.6,61,5.3,989.4,384.2,0.0
2023-01-30T18:00,26.3,54,8.1,990.0,37.5,0.0
2023-01-30T19:00,26.5,52,5.9,990.7,0.0,0.0
2023-01-30T20:00,25.6,54,5.5,991.2,0.0,0.0
2023-01-30T21:00,24.8,57,6.2,991.4,0.0,0.0
2023-01-30T22:00,24.8,54,3.2,991.5,0.0,0.0
2023-01-30T23:00,22.1,69,6.1,991.2,0.0,0.0
2023-01-31T00:00,22.8,63,5.6,990.9,0.0,0.0
2023-01-31T01:00,21.4,69,5.9,990.0,0.0,0.0
2023-01-31T02:00,22.2,62,13.0,990.0,0.0,0.0
2023-01-31T03:00,22.5,61,12.2,989.8,0.0,0.0
2023-01-31T04:00,21.3,65,8.5,989.9,0.0,0.0
2023-01-31T05:00,21.2,68,10.0,990.5,0.0,0.0
2023-01-31T06:00,20.6,71,6.6,991.5,0.0,0.0
2023-01-31T07:00,21.0,73,4.0,992.4,83.5,0.0
2023-01-31T08:00,22.8,65,2.9,993.3,405.4,0.0
2023-01-31T09:00,25.0,60,2.9,994.0,616.4,0.0
2023-01-31T10:00,27.5,53,2.6,994.1,721.7,0.0
2023-01-31T11:00,29.6,44,4.1,993.1,757.6,0.0
2023-01-31T12:00,30.6,40,4.5,991.5,747.5,0.0
2023-01-31T13:00,31.3,38,5.8,989.9,747.4,0.0
2023-01-31T14:00,31.4,37,8.3,989.1,648.5,0.0
2023-01-31T15:00,31.1,37,9.4,988.5,621.6,0.0
2023-01-31T16:00,30.5,37,9.9,988.5,506.2,0.0
2023-01-31T17:00,28.7,51,4.3,988.7,339.9,0.0
2023-01-31T18:00,25.6,57,8.9,989.2,49.2,0.0
2023-01-31T19:00,24.6,57,6.9,989.9,0.0,0.0
2023-01-31T20:00,24.4,55,6.8,990.6,0.0,0.0
2023-01-31T21:00,24.1,56,8.8,991.0,0.0,0.0
2023-01-31T22:00,23.7,57,9.3,991.1,0.0,0.0
2023-01-31T23:00,23.4,57,9.5,990.7,0.0,0.0
2023-02-01T00:00,22.9,57,12.6,990.4,0.0,0.0
2023-02-01T01:00,22.4,61,17.4,990.3,0.0,0.0
2023-02-01T02:00,21.5,65,15.4,989.8,0.0,0.0
2023-02-01T03:00,20.8,67,14.5,989.6,0.0,0.0
2023-02-01T04:00,20.2,68,13.0,989.9,0.0,0.0
2023-02-01T05:00,19.7,69,11.1,990.5,0.0,0.0
2023-02-01T06:00,19.5,69,8.4,991.8,0.0,0.0
2023-02-01T07:00,19.8,69,7.8,993.1,82.9,0.0
2023-02-01T08:00,21.5,63,7.2,993.9,406.7,0.0
2023-02-01T09:00,23.4,58,7.9,994.7,618.1,0.0
2023-02-01T10:00,25.4,52,8.2,994.9,731.9,0.0
2023-02-01T11:00,27.3,46,9.2,993.9,789.0,0.0
2023-02-01T12:00,29.0,40,9.7,992.4,815.7,0.0
2023-02-01T13:00,30.0,36,9.3,991.1,818.3,0.0
2023-02-01T14:00,30.4,34,9.0,990.0,692.9,0.0
2023-02-01T15:00,30.5,33,11.5,989.7,670.0,0.0
2023-02-01T16:00,29.7,33,13.1,989.5,549.0,0.0
2023-02-01T17:00,28.2,39,8.1,989.9,336.0,0.0
2023-02-01T18:00,25.8,44,8.0,990.4,48.4,0.0
2023-02-01T19:00,24.6,48,7.1,991.2,0.0,0.0
2023-02-01T20:00,23.3,54,6.9,991.9,0.0,0.0
2023-02-01T21:00,22.2,58,7.4,992.1,0.0,0.0
2023-02-01T22:00,22.0,55,7.4,992.0,0.0,0.0
2023-02-01T23:00,21.5,53,7.8,991.4,0.0,0.0
2023-02-02T00:00,21.4,52,9.1,990.7,0.0,0.0
2023-02-02T01:00,20.8,52,10.8,990.6,0.0,0.0
2023-02-02T02:00,19.0,51,6.9,990.6,0.0,0.0
2023-02-02T03:00,17.3,51,8.4,990.4,0.0,0.0
2023-02-02T04:00,16.8,45,6.9,990.8,0.0,0.0
2023-02-02T05:00,16.0,51,8.5,991.3,0.0,0.0
2023-02-02T06:00,15.6,53,7.6,992.4,0.0,0.0
2023-02-02T07:00,16.7,55,4.7,993.5,102.8,0.0
2023-02-02T08:00,18.8,45,3.7,994.8,497.4,0.0
2023-02-02T09:00,21.0,43,3.7,995.6,698.2,0.0
2023-02-02T10:00,23.9,37,5.9,995.6,801.5,0.0
2023-02-02T11:00,26.5,28,6.8,994.8,855.4,0.0
2023-02-02T12:00,28.3,23,8.1,993.4,880.8,0.0
2023-02-02T13:00,29.2,20,10.4,992.0,883.6,0.0
2023-02-02T14:00,29.4,16,12.3,990.9,865.1,0.0
2023-02-02T15:00,29.2,14,13.8,990.4,815.5,0.0
2023-02-02T16:00,28.3,15,10.8,990.4,708.0,0.0
2023-02-02T17:00,25.9,27,6.8,990.3,491.7,0.0
2023-02-02T18:00,22.7,24,8.1,990.5,71.5,0.0
2023-02-02T19:00,21.0,27,8.5,991.0,0.0,0.0
2023-02-02T20:00,20.1,29,8.5,991.6,0.0,0.0
2023-02-02T21:00,19.2,30,8.2,992.2,0.0,0.0
2023-02-02T22:00,18.3,32,8.0,992.3,0.0,0.0
2023-02-02T23:00,17.4,35,8.0,992.2,0.0,0.0
2023-02-03T00:00,16.3,41,10.0,991.5,0.0,0.0
2023-02-03T01:00,16.0,44,10.6,991.2,0.0,0.0
2023-02-03T02:00,15.6,44,10.8,991.0,0.0,0.0
2023-02-03T03:00,14.4,49,11.2,990.8,0.0,0.0
2023-02-03T04:00,13.5,55,10.5,990.9,0.0,0.0
2023-02-03T05:00,13.2,59,7.4,992.3,0.0,0.0
2023-02-03T06:00,12.6,63,7.7,992.7,0.0,0.0
2023-02-03T07:00,14.2,60,5.4,993.9,112.1,0.0
2023-02-03T08:00,17.5,52,4.8,994.8,497.9,0.0
2023-02-03T09:00,20.2,45,4.7,995.5,697.2,0.0
2023-02-03T10:00,23.1,40,5.0,995.6,798.3,0.0
2023-02-03T11:00,25.9,34,5.5,994.5,849.6,0.0
2023-02-03T12:00,27.9,27,5.0,993.1,873.8,0.0
2023-02-03T13:00,29.2,23,4.0,991.8,873.8,0.0
2023-02-03T14:00,29.7,21,4.6,990.4,849.1,0.0
2023-02-03T15:00,29.7,20,4.6,989.8,791.7,0.0
2023-02-03T16:00,29.0,25,4.3,989.8,680.6,0.0
2023-02-03T17:00,26.8,51,6.2,990.0,473.5,0.0
2023-02-03T18:00,22.6,44,9.4,990.0,70.5,0.0
2023-02-03T19:00,21.0,45,9.4,990.6,0.0,0.0
2023-02-03T20:00,21.4,40,6.6,991.4,0.0,0.0
2023-02-03T21:00,22.4,34,4.0,992.0,0.0,0.0
2023-02-03T22:00,19.1,47,6.0,992.1,0.0,0.0
2023-02-03T23:00,19.4,45,6.1,991.8,0.0,0.0
2023-02-04T00:00,17.7,52,7.0,991.2,0.0,0.0
2023-02-04T01:00,18.9,47,4.8,990.8,0.0,0.0
2023-02-04T02:00,15.4,64,7.1,989.9,0.0,0.0
2023-02-04T03:00,14.3,67,8.5,989.3,0.0,0.0
2023-02-04T04:00,14.5,63,7.2,989.6,0.0,0.0
2023-02-04T05:00,13.6,66,9.1,990.5,0.0,0.0
2023-02-04T06:00,13.8,59,9.5,991.2,0.0,0.0
2023-02-04T07:00,15.3,62,4.0,992.0,111.1,0.0
2023-02-04T08:00,18.2,45,4.0,993.1,498.3,0.0
2023-02-04T09:00,21.1,40,3.6,993.8,696.1,0.0
2023-02-04T10:00,23.9,37,3.3,993.6,798.4,0.0
2023-02-04T11:00,26.5,32,3.6,992.6,851.8,0.0
2023-02-04T12:00,28.5,26,4.0,991.2,876.8,0.0
2023-02-04T13:00,29.6,22,5.0,990.0,875.5,0.0
2023-02-04T14:00,29.9,20,6.8,988.8,849.6,0.0
2023-02-04T15:00,29.8,20,9.1,988.3,794.3,0.0
2023-02-04T16:00,29.0,21,9.0,988.3,687.6,0.0
2023-02-04T17:00,26.1,39,7.0,989.2,476.7,0.0
2023-02-04T18:00,23.1,29,8.3,989.4,69.4,0.0
2023-02-04T19:00,22.5,30,7.9,990.1,0.0,0.0
2023-02-04T20:00,20.4,37,10.1,990.4,0.0,0.0
2023-02-04T21:00,19.0,43,10.1,990.7,0.0,0.0
2023-02-04T22:00,17.8,49,10.7,990.5,0.0,0.0
2023-02-04T23:00,17.4,53,9.7,990.4,0.0,0.0
2023-02-05T00:00,18.4,49,5.4,990.1,0.0,0.0
2023-02-05T01:00,15.0,66,9.0,989.3,0.0,0.0
2023-02-05T02:00,15.6,59,6.1,988.7,0.0,0.0
2023-02-05T03:00,14.2,63,5.8,988.4,0.0,0.0
2023-02-05T04:00,14.3,58,8.0,988.8,0.0,0.0
2023-02-05T05:00,13.0,72,9.7,989.1,0.0,0.0
2023-02-05T06:00,12.9,71,7.6,989.8,0.0,0.0
2023-02-05T07:00,14.1,70,3.1,990.8,120.2,0.0
2023-02-05T08:00,17.2,57,3.4,991.8,513.8,0.0
2023-02-05T09:00,20.8,44,3.1,992.5,709.9,0.0
2023-02-05T10:00,24.4,36,2.5,992.7,811.0,0.0
2023-02-05T11:00,27.3,29,3.3,992.0,863.3,0.0
2023-02-05T12:00,29.1,22,4.0,990.7,884.8,0.0
2023-02-05T13:00,30.0,20,5.2,989.6,883.4,0.0
2023-02-05T14:00,30.3,19,6.4,988.5,858.3,0.0
2023-02-05T15:00,30.3,19,7.2,988.1,801.8,0.0
2023-02-05T16:00,29.5,21,7.1,988.1,692.2,0.0
2023-02-05T17:00,26.7,49,7.9,988.4,480.0,0.0
2023-02-05T18:00,24.5,31,7.9,988.9,79.9,0.0
2023-02-05T19:00,24.0,30,5.2,989.5,0.0,0.0
2023-02-05T20:00,20.8,42,6.6,990.0,0.0,0.0
2023-02-05T21:00,22.4,35,4.9,990.6,0.0,0.0
2023-02-05T22:00,22.0,35,3.1,990.6,0.0,0.0
2023-02-05T23:00,21.1,37,1.6,990.4,0.0,0.0
2023-02-06T00:00,20.3,38,2.2,989.9,0.0,0.0
2023-02-06T01:00,19.3,41,1.0,989.2,0.0,0.0
2023-02-06T02:00,18.6,45,3.0,988.6,0.0,0.0
2023-02-06T03:00,18.0,49,0.8,988.4,0.0,0.0
2023-02-06T04:00,14.6,61,6.8,988.2,0.0,0.0
2023-02-06T05:00,13.8,68,6.9,989.0,0.0,0.0
2023-02-06T06:00,13.2,68,7.6,989.3,0.0,0.0
2023-02-06T07:00,15.0,64,4.8,990.4,119.1,0.0
2023-02-06T08:00,19.1,50,4.1,991.4,498.7,0.0
2023-02-06T09:00,23.1,41,3.6,992.3,693.6,0.0
2023-02-06T10:00,26.3,33,4.3,992.2,791.9,0.0
2023-02-06T11:00,28.7,27,4.9,991.7,842.7,0.0
2023-02-06T12:00,30.0,23,5.0,990.7,862.8,0.0
2023-02-06T13:00,30.8,22,2.9,989.6,860.0,0.0
2023-02-06T14:00,31.2,21,1.9,988.3,833.0,0.0
2023-02-06T15:00,31.3,22,4.1,987.7,775.3,0.0
2023-02-06T16:00,30.7,27,3.6,987.6,667.8,0.0
2023-02-06T17:00,29.3,36,4.0,987.8,462.7,0.0
2023-02-06T18:00,28.3,28,2.5,988.3,78.8,0.0
2023-02-06T19:00,25.6,35,3.6,988.4,0.0,0.0
2023-02-06T20:00,22.7,38,7.2,988.8,0.0,0.0
2023-02-06T21:00,21.0,42,7.6,988.9,0.0,0.0
2023-02-06T22:00,19.9,49,9.7,988.8,0.0,0.0
2023-02-06T23:00,19.4,50,8.4,988.3,0.0,0.0
2023-02-07T00:00,19.0,51,9.2,987.8,0.0,0.0
2023-02-07T01:00,18.8,54,10.0,987.1,0.0,0.0
2023-02-07T02:00,19.1,53,8.1,986.5,0.0,0.0
2023-02-07T03:00,19.6,51,7.6,986.2,0.0,0.0
2023-02-07T04:00,17.9,55,10.5,986.7,0.0,0.0
2023-02-07T05:00,16.7,61,7.1,987.9,0.0,0.0
2023-02-07T06:00,16.2,63,6.2,988.6,0.0,0.0
2023-02-07T07:00,17.4,62,2.9,989.6,108.1,0.0
2023-02-07T08:00,20.2,55,2.5,990.6,472.5,0.0
2023-02-07T09:00,23.7,46,2.9,991.6,660.4,0.0
2023-02-07T10:00,26.8,41,4.2,992.0,760.2,0.0
2023-02-07T11:00,28.9,39,5.6,991.1,811.4,0.0
2023-02-07T12:00,30.3,36,7.8,990.2,832.3,0.0
2023-02-07T13:00,31.1,33,8.5,988.9,834.3,0.0
2023-02-07T14:00,31.6,31,8.2,987.7,807.9,0.0
2023-02-07T15:00,31.7,29,10.3,987.1,753.8,0.0
2023-02-07T16:00,31.3,29,11.3,986.9,648.2,0.0
2023-02-07T17:00,29.4,37,6.5,987.3,445.7,0.0
2023-02-07T18:00,25.8,45,12.0,987.2,77.7,0.0
2023-02-07T19:00,28.0,36,6.0,988.0,0.0,0.0
2023-02-07T20:00,26.5,40,4.4,988.8,0.0,0.0
2023-02-07T21:00,26.3,40,3.4,989.3,0.0,0.0
2023-02-07T22:00,25.5,42,4.0,989.4,0.0,0.0
2023-02-07T23:00,21.2,60,5.9,989.2,0.0,0.0
2023-02-08T00:00,22.8,52,3.3,988.8,0.0,0.0
2023-02-08T01:00,20.3,63,5.7,988.2,0.0,0.0
2023-02-08T02:00,19.4,68,3.1,987.6,0.0,0.0
2023-02-08T03:00,18.7,70,8.8,987.4,0.0,0.0
2023-02-08T04:00,18.0,70,5.9,987.8,0.0,0.0
2023-02-08T05:00,17.6,69,6.2,989.2,0.0,0.0
2023-02-08T06:00,17.1,69,6.3,990.2,0.0,0.0
2023-02-08T07:00,18.1,66,8.0,991.1,107.1,0.0
2023-02-08T08:00,21.3,57,5.1,992.0,468.8,0.0
2023-02-08T09:00,24.3,45,5.8,992.9,661.2,0.0
2023-02-08T10:00,27.0,38,6.0,993.1,764.8,0.0
2023-02-08T11:00,29.1,34,6.4,992.5,818.9,0.0
2023-02-08T12:00,30.4,32,6.1,991.2,844.0,0.0
2023-02-08T13:00,31.3,30,7.5,990.0,844.7,0.0
2023-02-08T14:00,31.5,29,9.3,988.8,822.1,0.0
2023-02-08T15:00,31.4,29,9.4,988.3,768.0,0.0
2023-02-08T16:00,31.0,29,8.3,988.0,664.2,0.0
2023-02-08T17:00,29.0,48,5.3,988.5,461.5,0.0
2023-02-08T18:00,25.5,44,7.3,988.8,76.7,0.0
2023-02-08T19:00,24.0,47,7.7,989.6,0.0,0.0
2023-02-08T20:00,23.1,47,8.9,990.0,0.0,0.0
2023-02-08T21:00,21.8,52,8.7,990.1,0.0,0.0
2023-02-08T22:00,20.6,58,8.1,990.2,0.0,0.0
2023-02-08T23:00,21.1,55,4.9,990.0,0.0,0.0
2023-02-09T00:00,17.8,70,8.4,989.1,0.0,0.0
2023-02-09T01:00,18.4,57,8.4,989.0,0.0,0.0
2023-02-09T02:00,18.5,49,8.4,988.7,0.0,0.0
2023-02-09T03:00,17.0,53,9.0,988.4,0.0,0.0
2023-02-09T04:00,19.2,43,6.4,988.6,0.0,0.0
2023-02-09T05:00,18.6,46,0.8,989.7,0.0,0.0
2023-02-09T06:00,15.7,62,3.8,990.4,0.0,0.0
2023-02-09T07:00,16.8,59,4.3,991.5,115.6,0.0
2023-02-09T08:00,20.1,49,4.3,992.5,494.6,0.0
2023-02-09T09:00,22.9,42,3.0,993.1,687.3,0.0
2023-02-09T10:00,25.6,36,2.5,993.3,791.2,0.0
2023-02-09T11:00,28.0,32,1.8,992.5,843.5,0.0
2023-02-09T12:00,29.9,27,0.8,991.5,865.4,0.0
2023-02-09T13:00,30.9,25,1.8,989.9,862.4,0.0
2023-02-09T14:00,31.5,24,3.3,988.9,840.1,0.0
2023-02-09T15:00,31.6,23,4.8,988.4,783.5,0.0
2023-02-09T16:00,31.0,25,5.2,988.3,680.0,0.0
2023-02-09T17:00,28.7,49,5.9,989.2,477.1,0.0
2023-02-09T18:00,24.5,44,9.8,989.6,86.5,0.0
2023-02-09T19:00,24.0,44,7.6,990.2,0.0,0.0
2023-02-09T20:00,23.0,44,5.4,991.1,0.0,0.0
2023-02-09T21:00,21.0,48,6.3,991.2,0.0,0.0
2023-02-09T22:00,21.1,46,5.0,991.3,0.0,0.0
2023-02-09T23:00,23.2,37,1.6,991.2,0.0,0.0
2023-02-10T00:00,22.1,40,3.6,990.5,0.0,0.0
2023-02-10T01:00,21.3,43,1.5,990.0,0.0,0.0
2023-02-10T02:00,20.9,43,0.5,989.3,0.0,0.0
2023-02-10T03:00,20.4,44,1.8,988.9,0.0,0.0
2023-02-10T04:00,19.8,46,2.4,989.3,0.0,0.0
2023-02-10T05:00,16.2,64,5.0,990.3,0.0,0.0
2023-02-10T06:00,17.1,61,5.6,991.2,0.0,0.0
2023-02-10T07:00,16.9,74,3.1,992.2,124.0,0.0
2023-02-10T08:00,20.3,56,2.3,993.3,494.1,0.0
2023-02-10T09:00,24.0,44,2.0,994.3,685.6,0.0
2023-02-10T10:00,27.2,36,2.1,994.3,784.6,0.0
2023-02-10T11:00,29.7,31,2.3,993.6,837.5,0.0
2023-02-10T12:00,31.4,27,2.9,992.4,860.8,0.0
2023-02-10T13:00,32.4,24,4.3,991.1,857.9,0.0
2023-02-10T14:00,33.0,23,4.9,989.9,831.3,0.0
2023-02-10T15:00,33.3,21,4.7,989.1,778.3,0.0
2023-02-10T16:00,32.8,26,2.9,988.7,676.0,0.0
2023-02-10T17:00,32.3,20,1.9,989.0,476.5,0.0
2023-02-10T18:00,30.4,24,2.3,989.2,85.4,0.0
2023-02-10T19:00,29.2,26,2.3,989.7,0.0,0.0
2023-02-10T20:00,23.8,41,8.3,990.1,0.0,0.0
2023-02-10T21:00,21.7,46,11.0,990.3,0.0,0.0
2023-02-10T22:00,21.5,46,10.5,990.4,0.0,0.0
2023-02-10T23:00,20.6,45,10.2,990.0,0.0,0.0
2023-02-11T00:00,19.7,50,11.5,989.7,0.0,0.0
2023-02-11T01:00,21.2,42,8.3,989.4,0.0,0.0
2023-02-11T02:00,18.6,49,7.7,989.0,0.0,0.0
2023-02-11T03:00,18.3,49,9.0,989.1,0.0,0.0
2023-02-11T04:00,16.9,56,9.2,989.3,0.0,0.0
2023-02-11T05:00,17.8,55,8.0,990.1,0.0,0.0
2023-02-11T06:00,16.0,64,10.1,990.8,0.0,0.0
2023-02-11T07:00,18.0,56,7.2,992.1,122.6,0.0
2023-02-11T08:00,21.3,49,7.3,993.1,493.5,0.0
2023-02-11T09:00,25.0,40,5.4,994.1,681.8,0.0
2023-02-11T10:00,28.3,33,5.8,994.3,782.6,0.0
2023-02-11T11:00,30.8,29,7.2,993.5,835.4,0.0
2023-02-11T12:00,32.6,25,7.9,992.3,857.5,0.0
2023-02-11T13:00,33.7,22,8.3,991.0,858.2,0.0
2023-02-11T14:00,34.2,19,8.7,989.5,834.5,0.0
2023-02-11T15:00,34.1,18,10.3,988.8,781.0,0.0
2023-02-11T16:00,33.3,19,10.6,988.5,676.4,0.0
2023-02-11T17:00,30.8,36,7.0,988.6,475.9,0.0
2023-02-11T18:00,26.6,34,10.8,988.8,84.4,0.0
2023-02-11T19:00,29.8,22,4.9,989.9,0.0,0.0
2023-02-11T20:00,28.6,24,0.5,991.0,0.0,0.0
2023-02-11T21:00,27.0,28,3.1,991.4,0.0,0.0
2023-02-11T22:00,26.0,31,4.0,991.5,0.0,0.0
2023-02-11T23:00,22.2,41,10.6,991.6,0.0,0.0
2023-02-12T00:00,20.3,45,8.0,991.4,0.0,0.0
2023-02-12T01:00,19.1,49,10.5,990.9,0.0,0.0
2023-02-12T02:00,20.2,44,6.6,990.7,0.0,0.0
2023-02-12T03:00,17.6,54,5.4,990.4,0.0,0.0
2023-02-12T04:00,16.2,61,6.7,990.5,0.0,0.0
2023-02-12T05:00,16.2,61,6.5,991.5,0.0,0.0
2023-02-12T06:00,16.2,62,6.9,992.5,0.0,0.0
2023-02-12T07:00,17.9,60,5.3,993.5,121.3,0.0
2023-02-12T08:00,21.4,51,4.2,994.3,492.8,0.0
2023-02-12T09:00,24.7,44,6.1,995.4,684.2,0.0
2023-02-12T10:00,27.7,38,9.0,995.4,782.1,0.0
2023-02-12T11:00,29.8,32,14.3,994.6,833.3,0.0
2023-02-12T12:00,30.8,27,15.2,993.4,855.4,0.0
2023-02-12T13:00,31.5,26,14.1,992.4,857.3,0.0
2023-02-12T14:00,31.8,25,13.7,991.5,833.8,0.0
2023-02-12T15:00,31.7,24,13.1,991.1,779.0,0.0
2023-02-12T16:00,31.2,25,11.3,991.2,676.8,0.0
2023-02-12T17:00,28.9,31,8.2,991.9,475.4,0.0
2023-02-12T18:00,25.5,37,7.4,992.3,93.8,0.0
2023-02-12T19:00,24.4,40,7.4,993.0,0.0,0.0
2023-02-12T20:00,22.8,47,8.3,993.4,0.0,0.0
2023-02-12T21:00,22.0,48,7.1,993.6,0.0,0.0
2023-02-12T22:00,21.7,47,8.9,993.7,0.0,0.0
2023-02-12T23:00,20.4,46,7.5,993.2,0.0,0.0
2023-02-13T00:00,19.2,47,7.9,992.8,0.0,0.0
2023-02-13T01:00,18.3,50,7.7,992.4,0.0,0.0
2023-02-13T02:00,17.9,52,7.4,992.1,0.0,0.0
2023-02-13T03:00,17.0,55,6.8,991.9,0.0,0.0
2023-02-13T04:00,15.8,59,8.2,992.0,0.0,0.0
2023-02-13T05:00,15.5,59,10.0,992.8,0.0,0.0
2023-02-13T06:00,15.6,57,7.7,993.5,0.0,0.0
2023-02-13T07:00,17.2,56,3.1,994.4,138.3,0.0
2023-02-13T08:00,20.1,45,1.3,995.5,513.4,0.0
2023-02-13T09:00,23.1,38,1.3,996.2,705.0,0.0
2023-02-13T10:00,26.0,33,4.2,996.2,806.1,0.0
2023-02-13T11:00,28.4,25,9.4,995.2,857.2,0.0
2023-02-13T12:00,29.7,22,10.9,993.9,878.6,0.0
2023-02-13T13:00,30.4,21,10.1,992.7,878.2,0.0
2023-02-13T14:00,30.9,20,9.7,991.5,855.4,0.0
2023-02-13T15:00,31.0,19,9.5,990.8,802.1,0.0
2023-02-13T16:00,30.4,18,9.5,990.7,698.7,0.0
2023-02-13T17:00,27.8,36,5.5,991.2,498.2,0.0
2023-02-13T18:00,24.4,25,7.8,991.6,103.0,0.0
2023-02-13T19:00,22.2,33,10.0,991.9,0.0,0.0
2023-02-13T20:00,21.9,34,7.6,992.5,0.0,0.0
2023-02-13T21:00,20.1,38,7.1,992.7,0.0,0.0
2023-02-13T22:00,19.4,40,6.9,992.8,0.0,0.0
2023-02-13T23:00,22.0,31,1.8,992.8,0.0,0.0
2023-02-14T00:00,17.7,49,6.5,992.2,0.0,0.0
2023-02-14T01:00,17.3,50,7.9,992.3,0.0,0.0
2023-02-14T02:00,16.1,57,7.6,991.5,0.0,0.0
2023-02-14T03:00,15.0,65,7.6,991.4,0.0,0.0
2023-02-14T04:00,14.4,68,7.7,991.8,0.0,0.0
2023-02-14T05:00,14.0,65,8.0,993.0,0.0,0.0
2023-02-14T06:00,13.6,65,7.9,993.9,0.0,0.0
2023-02-14T07:00,15.6,59,4.9,994.9,136.8,0.0
2023-02-14T08:00,18.8,47,3.7,995.8,508.7,0.0
2023-02-14T09:00,21.8,39,4.0,996.4,696.8,0.0
2023-02-14T10:00,24.6,34,4.3,995.9,796.3,0.0
2023-02-14T11:00,27.2,28,5.4,994.9,848.4,0.0
2023-02-14T12:00,29.2,23,5.8,993.4,870.4,0.0
2023-02-14T13:00,30.6,19,7.0,992.1,870.0,0.0
2023-02-14T14:00,31.2,17,8.7,990.8,846.7,0.0
2023-02-14T15:00,31.3,17,9.1,990.0,792.3,0.0
2023-02-14T16:00,30.7,18,8.1,989.7,688.4,0.0
2023-02-14T17:00,28.4,43,6.9,989.8,486.1,0.0
2023-02-14T18:00,24.0,32,11.4,990.1,101.8,0.0
2023-02-14T19:00,23.3,34,11.8,990.6,0.0,0.0
2023-02-14T20:00,22.3,36,8.6,991.0,0.0,0.0
2023-02-14T21:00,23.6,30,6.0,991.1,0.0,0.0
2023-02-14T22:00,22.9,32,3.2,991.3,0.0,0.0
2023-02-14T23:00,18.2,52,9.0,990.6,0.0,0.0
2023-02-15T00:00,17.5,54,8.4,990.2,0.0,0.0
2023-02-15T01:00,18.0,48,8.1,990.0,0.0,0.0
2023-02-15T02:00,18.5,47,7.7,989.2,0.0,0.0
2023-02-15T03:00,15.9,59,8.7,988.9,0.0,0.0
2023-02-15T04:00,15.4,58,7.2,989.1,0.0,0.0
2023-02-15T05:00,15.2,59,6.0,990.0,0.0,0.0
2023-02-15T06:00,14.3,68,7.2,991.2,0.0,0.0
2023-02-15T07:00,16.1,65,4.4,992.2,135.2,0.0
2023-02-15T08:00,19.4,54,2.4,993.1,504.0,0.0
2023-02-15T09:00,22.8,41,1.9,993.9,692.6,0.0
2023-02-15T10:00,25.9,34,1.6,993.5,791.0,0.0
2023-02-15T11:00,28.5,30,1.6,992.7,842.3,0.0
2023-02-15T12:00,30.5,25,3.3,991.5,864.5,0.0
2023-02-15T13:00,31.8,22,5.7,990.4,863.0,0.0
2023-02-15T14:00,32.5,19,6.6,989.2,838.0,0.0
2023-02-15T15:00,32.7,19,9.0,988.7,784.1,0.0
2023-02-15T16:00,32.1,20,9.2,988.6,680.3,0.0
2023-02-15T17:00,29.2,53,6.9,988.8,478.1,0.0
2023-02-15T18:00,25.9,34,9.3,989.0,100.7,0.0
2023-02-15T19:00,26.1,31,7.4,989.6,0.0,0.0
2023-02-15T20:00,27.0,27,3.6,990.2,0.0,0.0
2023-02-15T21:00,26.3,28,4.1,990.4,0.0,0.0
2023-02-15T22:00,25.6,30,4.3,990.5,0.0,0.0
2023-02-15T23:00,21.2,44,5.2,990.3,0.0,0.0
2023-02-16T00:00,20.2,45,9.3,990.3,0.0,0.0
2023-02-16T01:00,18.3,54,11.2,989.5,0.0,0.0
2023-02-16T02:00,17.6,58,8.9,988.9,0.0,0.0
2023-02-16T03:00,16.4,62,8.0,988.7,0.0,0.0
2023-02-16T04:00,15.7,64,7.3,989.0,0.0,0.0
2023-02-16T05:00,15.5,63,7.1,989.8,0.0,0.0
2023-02-16T06:00,15.3,65,7.1,990.6,0.0,0.0
2023-02-16T07:00,17.1,60,5.4,991.7,142.5,0.0
2023-02-16T08:00,20.8,50,3.3,992.7,499.2,0.0
2023-02-16T09:00,24.7,41,2.5,993.5,688.5,0.0
2023-02-16T10:00,28.2,34,2.6,993.4,787.2,0.0
2023-02-16T11:00,30.7,28,3.6,992.7,838.8,0.0
2023-02-16T12:00,32.2,23,7.1,991.6,861.2,0.0
2023-02-16T13:00,33.2,20,9.8,990.5,859.7,0.0
2023-02-16T14:00,33.7,19,11.0,989.4,834.7,0.0
2023-02-16T15:00,33.7,19,9.5,988.6,780.6,0.0
2023-02-16T16:00,33.2,21,7.6,988.5,676.6,0.0
2023-02-16T17:00,32.0,27,4.1,988.8,477.8,0.0
2023-02-16T18:00,30.9,22,0.4,989.3,99.6,0.0
2023-02-16T19:00,29.1,25,4.2,990.0,0.0,0.0
2023-02-16T20:00,26.1,34,7.9,990.1,0.0,0.0
2023-02-16T21:00,24.4,37,8.0,990.3,0.0,0.0
2023-02-16T22:00,21.2,47,8.5,990.5,0.0,0.0
2023-02-16T23:00,21.8,41,10.0,990.9,0.0,0.0
2023-02-17T00:00,21.7,39,9.6,990.4,0.0,0.0
2023-02-17T01:00,21.5,38,10.8,990.0,0.0,0.0
2023-02-17T02:00,21.0,40,9.4,989.7,0.0,0.0
2023-02-17T03:00,19.1,50,8.6,989.2,0.0,0.0
2023-02-17T04:00,18.7,54,9.5,989.1,0.0,0.0
2023-02-17T05:00,18.7,54,7.0,990.0,0.0,0.0
2023-02-17T06:00,16.9,64,8.4,991.1,0.0,0.0
2023-02-17T07:00,19.0,58,5.6,992.3,140.7,0.0
2023-02-17T08:00,22.2,48,5.9,993.2,494.5,0.0
2023-02-17T09:00,25.2,42,5.4,993.8,682.3,0.0
2023-02-17T10:00,27.9,36,4.4,993.8,780.4,0.0
2023-02-17T11:00,29.8,31,4.3,993.0,832.7,0.0
2023-02-17T12:00,31.1,27,6.9,991.6,854.2,0.0
2023-02-17T13:00,32.0,24,9.2,990.4,852.8,0.0
2023-02-17T14:00,32.3,23,10.4,989.1,830.1,0.0
2023-02-17T15:00,32.3,24,9.4,988.4,777.2,0.0
2023-02-17T16:00,32.0,25,8.0,988.5,673.0,0.0
2023-02-17T17:00,30.6,40,5.0,988.6,473.8,0.0
2023-02-17T18:00,26.1,40,10.2,988.9,98.6,0.0
2023-02-17T19:00,26.4,34,9.5,989.8,0.0,0.0
2023-02-17T20:00,25.0,39,7.9,990.2,0.0,0.0
2023-02-17T21:00,23.1,47,7.4,990.3,0.0,0.0
2023-02-17T22:00,21.7,53,8.4,990.4,0.0,0.0
2023-02-17T23:00,21.2,54,6.8,990.3,0.0,0.0
2023-02-18T00:00,21.7,53,10.4,990.4,0.0,0.0
2023-02-18T01:00,21.7,50,10.2,990.1,0.0,0.0
2023-02-18T02:00,20.7,53,9.1,989.5,0.0,0.0
2023-02-18T03:00,19.8,55,8.0,989.3,0.0,0.0
2023-02-18T04:00,18.3,62,7.6,989.4,0.0,0.0
2023-02-18T05:00,17.6,66,8.4,990.1,0.0,0.0
2023-02-18T06:00,17.3,68,6.4,990.9,0.0,0.0
2023-02-18T07:00,18.9,64,5.9,992.2,139.0,0.0
2023-02-18T08:00,21.8,54,4.8,993.3,493.1,0.0
2023-02-18T09:00,24.4,47,5.7,993.7,678.1,0.0
2023-02-18T10:00,26.9,41,4.3,993.8,775.1,0.0
2023-02-18T11:00,29.0,37,2.3,992.9,825.4,0.0
2023-02-18T12:00,30.5,33,2.5,991.4,847.3,0.0
2023-02-18T13:00,31.5,31,3.4,990.1,848.3,0.0
2023-02-18T14:00,32.0,29,5.2,989.0,824.3,0.0
2023-02-18T15:00,32.2,28,6.5,988.5,769.2,0.0
2023-02-18T16:00,31.9,28,7.4,988.3,665.3,0.0
2023-02-18T17:00,30.5,31,6.2,988.9,469.9,0.0
2023-02-18T18:00,26.6,38,7.6,989.3,97.5,0.0
2023-02-18T19:00,25.5,44,7.4,990.0,0.0,0.0
2023-02-18T20:00,23.6,50,9.0,990.6,0.0,0.0
2023-02-18T21:00,22.7,53,9.0,991.0,0.0,0.0
2023-02-18T22:00,21.5,58,9.4,991.2,0.0,0.0
2023-02-18T23:00,23.1,51,7.0,991.1,0.0,0.0
2023-02-19T00:00,23.5,48,3.3,990.4,0.0,0.0
2023-02-19T01:00,20.4,61,7.2,989.7,0.0,0.0
2023-02-19T02:00,21.5,55,4.7,989.5,0.0,0.0
2023-02-19T03:00,18.7,66,5.4,989.2,0.0,0.0
2023-02-19T04:00,18.0,70,9.1,989.3,0.0,0.0
2023-02-19T05:00,17.5,73,8.4,990.5,0.0,0.0
2023-02-19T06:00,17.1,76,7.7,991.5,0.0,0.0
2023-02-19T07:00,19.0,68,6.5,992.9,137.3,0.0
2023-02-19T08:00,22.4,56,4.8,994.0,485.0,0.0
2023-02-19T09:00,25.7,45,3.6,994.5,670.0,0.0
2023-02-19T10:00,28.5,39,1.6,994.4,766.9,0.0
2023-02-19T11:00,30.5,34,1.4,993.3,820.6,0.0
2023-02-19T12:00,31.8,30,2.3,991.9,844.0,0.0
2023-02-19T13:00,32.6,28,4.0,990.7,845.1,0.0
2023-02-19T14:00,32.9,27,5.2,989.5,822.3,0.0
2023-02-19T15:00,32.9,26,6.6,989.0,767.5,0.0
2023-02-19T16:00,32.5,26,5.8,988.9,664.0,0.0
2023-02-19T17:00,31.6,58,3.0,989.2,466.2,0.0
2023-02-19T18:00,30.4,30,3.3,989.4,96.5,0.0
2023-02-19T19:00,27.1,41,6.6,989.8,0.0,0.0
2023-02-19T20:00,27.7,37,4.0,990.6,0.0,0.0
2023-02-19T21:00,24.2,48,3.6,990.7,0.0,0.0
2023-02-19T22:00,22.9,50,5.8,990.7,0.0,0.0
2023-02-19T23:00,23.3,47,4.8,990.4,0.0,0.0
2023-02-20T00:00,21.3,55,7.7,989.8,0.0,0.0
2023-02-20T01:00,23.7,45,4.1,989.2,0.0,0.0
2023-02-20T02:00,21.6,53,4.3,988.5,0.0,0.0
2023-02-20T03:00,18.6,63,6.1,988.1,0.0,0.0
2023-02-20T04:00,19.2,57,11.4,988.6,0.0,0.0
2023-02-20T05:00,17.6,70,7.1,989.7,0.0,0.0
2023-02-20T06:00,16.8,76,6.1,990.7,0.0,0.0
2023-02-20T07:00,18.7,70,4.0,992.0,152.6,0.0
2023-02-20T08:00,22.2,58,2.6,993.1,500.3,0.0
2023-02-20T09:00,25.8,47,2.6,993.9,683.7,0.0
2023-02-20T10:00,28.9,38,1.8,993.9,782.5,0.0
2023-02-20T11:00,31.1,33,2.7,993.2,833.7,0.0
2023-02-20T12:00,32.6,27,3.1,991.7,856.1,0.0
2023-02-20T13:00,33.5,25,4.7,990.7,855.0,0.0
2023-02-20T14:00,34.0,22,5.1,989.4,830.7,0.0
2023-02-20T15:00,34.2,20,4.3,989.0,775.0,0.0
2023-02-20T16:00,33.9,20,4.7,988.7,673.0,0.0
2023-02-20T17:00,32.3,48,3.3,988.5,477.1,0.0
2023-02-20T18:00,30.9,26,3.9,988.8,105.1,0.0
2023-02-20T19:00,29.8,28,2.1,989.4,0.0,0.0
2023-02-20T20:00,29.3,28,3.9,990.2,0.0,0.0
2023-02-20T21:00,25.6,37,4.0,990.4,0.0,0.0
2023-02-20T22:00,24.2,40,4.4,990.3,0.0,0.0
2023-02-20T23:00,23.3,42,5.9,990.0,0.0,0.0
2023-02-21T00:00,23.0,42,6.1,989.6,0.0,0.0
2023-02-21T01:00,20.9,47,10.5,988.7,0.0,0.0
2023-02-21T02:00,20.3,49,10.4,988.3,0.0,0.0
2023-02-21T03:00,19.9,50,7.9,988.0,0.0,0.0
2023-02-21T04:00,18.2,58,7.2,988.4,0.0,0.0
2023-02-21T05:00,18.8,53,8.2,989.9,0.0,0.0
2023-02-21T06:00,17.4,62,7.3,990.6,0.0,0.0
2023-02-21T07:00,19.6,57,4.0,991.9,150.8,0.0
2023-02-21T08:00,23.3,48,2.5,993.0,502.0,0.0
2023-02-21T09:00,27.0,39,1.8,993.6,683.4,0.0
2023-02-21T10:00,30.0,34,2.9,993.7,780.2,0.0
2023-02-21T11:00,32.4,28,4.2,992.9,831.4,0.0
2023-02-21T12:00,34.0,24,5.2,991.8,854.0,0.0
2023-02-21T13:00,34.8,22,5.0,990.6,855.3,0.0
2023-02-21T14:00,35.2,21,4.7,989.3,831.4,0.0
2023-02-21T15:00,35.3,21,3.1,988.7,776.3,0.0
2023-02-21T16:00,34.9,22,4.7,988.6,673.7,0.0
2023-02-21T17:00,33.2,25,8.6,988.5,477.1,0.0
2023-02-21T18:00,30.0,25,8.4,988.8,113.6,0.0
2023-02-21T19:00,32.0,21,8.0,989.4,0.0,0.0
2023-02-21T20:00,32.1,21,4.9,989.9,0.0,0.0
2023-02-21T21:00,27.5,30,6.3,990.0,0.0,0.0
2023-02-21T22:00,24.1,40,7.8,990.0,0.0,0.0
2023-02-21T23:00,26.7,31,4.7,990.2,0.0,0.0
2023-02-22T00:00,23.7,39,7.2,989.4,0.0,0.0
2023-02-22T01:00,21.0,48,10.4,988.4,0.0,0.0
2023-02-22T02:00,20.9,46,10.3,988.8,0.0,0.0
2023-02-22T03:00,19.0,53,8.4,988.3,0.0,0.0
2023-02-22T04:00,18.6,53,7.2,988.4,0.0,0.0
2023-02-22T05:00,17.9,53,7.6,989.3,0.0,0.0
2023-02-22T06:00,18.0,49,7.5,989.9,0.0,0.0
2023-02-22T07:00,19.3,48,6.3,990.9,157.2,0.0
2023-02-22T08:00,22.8,42,3.6,992.0,510.2,0.0
2023-02-22T09:00,26.6,35,3.3,992.4,690.9,0.0
2023-02-22T10:00,30.1,28,3.7,992.5,785.3,0.0
2023-02-22T11:00,32.7,23,6.2,991.9,835.5,0.0
2023-02-22T12:00,34.2,19,8.6,991.1,854.2,0.0
2023-02-22T13:00,34.9,18,7.7,989.9,853.4,0.0
2023-02-22T14:00,35.1,18,6.4,988.7,829.6,0.0
2023-02-22T15:00,35.1,17,4.7,987.9,747.5,0.0
2023-02-22T16:00,34.5,19,4.8,987.8,513.1,0.0
2023-02-22T17:00,32.7,38,2.7,988.4,466.3,0.0
2023-02-22T18:00,28.8,29,6.1,988.5,112.5,0.0
2023-02-22T19:00,25.9,34,8.0,988.9,0.0,0.0
2023-02-22T20:00,25.5,31,8.1,989.5,0.0,0.0
2023-02-22T21:00,25.8,31,8.3,989.6,0.0,0.0
2023-02-22T22:00,27.7,25,6.5,989.9,0.0,0.0
2023-02-22T23:00,24.1,36,7.7,989.5,0.0,0.0
2023-02-23T00:00,23.9,36,5.4,989.2,0.0,0.0
2023-02-23T01:00,20.7,46,7.9,988.8,0.0,0.0
2023-02-23T02:00,19.6,51,12.1,988.2,0.0,0.0
2023-02-23T03:00,18.8,50,7.4,988.3,0.0,0.0
2023-02-23T04:00,17.8,49,8.2,988.4,0.0,0.0
2023-02-23T05:00,16.6,53,7.8,989.1,0.0,0.0
2023-02-23T06:00,16.5,53,6.3,990.1,0.0,0.0
2023-02-23T07:00,18.8,51,3.0,991.2,163.4,0.0
2023-02-23T08:00,22.5,44,1.0,992.1,492.3,0.0
2023-02-23T09:00,25.5,38,4.3,993.1,643.9,0.0
2023-02-23T10:00,28.5,32,3.6,993.1,768.4,0.0
2023-02-23T11:00,31.1,27,1.8,992.3,809.6,0.0
2023-02-23T12:00,33.0,22,0.5,991.0,832.4,0.0
2023-02-23T13:00,34.0,19,3.6,989.7,821.0,0.0
2023-02-23T14:00,34.4,19,6.5,988.7,803.7,0.0
2023-02-23T15:00,34.3,19,5.4,988.2,764.1,0.0
2023-02-23T16:00,34.0,20,3.0,988.0,673.3,0.0
2023-02-23T17:00,31.7,43,5.2,988.4,484.3,0.0
2023-02-23T18:00,27.6,32,10.2,988.5,111.5,0.0
2023-02-23T19:00,28.5,28,8.0,989.0,0.0,0.0
2023-02-23T20:00,30.6,22,4.6,989.8,0.0,0.0
2023-02-23T21:00,24.8,35,8.1,989.6,0.0,0.0
2023-02-23T22:00,23.0,40,9.1,989.7,0.0,0.0
2023-02-23T23:00,21.3,45,10.2,989.2,0.0,0.0
2023-02-24T00:00,20.5,46,9.9,988.7,0.0,0.0
2023-02-24T01:00,22.0,39,9.6,988.4,0.0,0.0
2023-02-24T02:00,20.5,42,11.5,988.7,0.0,0.0
2023-02-24T03:00,18.3,50,9.4,988.2,0.0,0.0
2023-02-24T04:00,17.4,54,9.4,988.6,0.0,0.0
2023-02-24T05:00,17.5,48,7.8,989.7,0.0,0.0
2023-02-24T06:00,17.3,44,7.5,990.8,0.0,0.0
2023-02-24T07:00,18.7,45,7.5,992.1,169.5,0.0
2023-02-24T08:00,22.0,41,5.4,993.3,509.9,0.0
2023-02-24T09:00,25.4,37,4.3,994.0,690.1,0.0
2023-02-24T10:00,28.8,32,4.2,994.2,786.5,0.0
2023-02-24T11:00,31.7,28,4.7,993.4,837.4,0.0
2023-02-24T12:00,33.8,21,6.2,992.2,860.6,0.0
2023-02-24T13:00,34.9,16,7.8,991.1,860.0,0.0
2023-02-24T14:00,35.2,15,8.6,990.1,836.2,0.0
2023-02-24T15:00,35.2,15,8.3,989.5,783.6,0.0
2023-02-24T16:00,34.5,16,8.3,989.4,682.3,0.0
2023-02-24T17:00,32.3,36,6.3,989.7,487.9,0.0
2023-02-24T18:00,27.5,28,9.6,989.9,119.7,0.0
2023-02-24T19:00,27.0,29,9.0,990.5,0.0,0.0
2023-02-24T20:00,30.8,19,4.6,991.6,0.0,0.0
2023-02-24T21:00,24.1,34,7.5,991.6,0.0,0.0
2023-02-24T22:00,23.0,36,9.2,991.7,0.0,0.0
2023-02-24T23:00,23.2,36,9.2,991.6,0.0,0.0
2023-02-25T00:00,25.5,28,4.7,991.4,0.0,0.0
2023-02-25T01:00,20.5,42,7.9,990.8,0.0,0.0
2023-02-25T02:00,22.2,34,8.7,990.9,0.0,0.0
2023-02-25T03:00,19.9,41,8.2,990.5,0.0,0.0
2023-02-25T04:00,19.4,44,7.9,990.8,0.0,0.0
2023-02-25T05:00,17.5,56,6.9,991.8,0.0,0.0
2023-02-25T06:00,17.3,59,7.8,992.8,0.0,0.0
2023-02-25T07:00,19.5,54,6.1,993.8,167.4,0.0
2023-02-25T08:00,22.6,46,3.4,994.8,505.0,0.0
2023-02-25T09:00,26.2,37,1.8,995.2,685.8,0.0
2023-02-25T10:00,29.9,30,2.5,995.3,781.4,0.0
2023-02-25T11:00,32.6,24,1.9,994.7,831.5,0.0
2023-02-25T12:00,34.5,19,0.8,993.5,852.8,0.0
2023-02-25T13:00,35.3,16,5.1,992.2,851.2,0.0
2023-02-25T14:00,35.5,15,7.4,990.8,825.7,0.0
2023-02-25T15:00,35.3,14,8.9,990.1,773.1,0.0
2023-02-25T16:00,34.7,14,9.3,990.2,671.1,0.0
2023-02-25T17:00,32.5,22,5.8,990.7,474.0,0.0
2023-02-25T18:00,28.1,22,10.0,990.8,109.5,0.0
2023-02-25T19:00,26.6,27,11.3,991.5,0.0,0.0
2023-02-25T20:00,26.1,28,7.9,992.7,0.0,0.0
2023-02-25T21:00,25.4,30,6.5,993.1,0.0,0.0
2023-02-25T22:00,22.4,38,10.9,993.1,0.0,0.0
2023-02-25T23:00,22.5,33,8.0,992.7,0.0,0.0
2023-02-26T00:00,21.7,36,12.3,992.2,0.0,0.0
2023-02-26T01:00,22.1,31,8.4,991.7,0.0,0.0
2023-02-26T02:00,19.4,44,10.6,991.4,0.0,0.0
2023-02-26T03:00,18.6,46,10.1,991.2,0.0,0.0
2023-02-26T04:00,18.8,46,6.5,991.6,0.0,0.0
2023-02-26T05:00,17.3,50,7.0,992.9,0.0,0.0
2023-02-26T06:00,17.9,53,6.1,993.9,0.0,0.0
2023-02-26T07:00,19.8,48,5.1,994.8,165.4,0.0
2023-02-26T08:00,24.0,40,4.2,995.6,500.1,0.0
2023-02-26T09:00,27.2,30,5.0,996.3,677.9,0.0
2023-02-26T10:00,29.7,26,6.1,996.2,771.9,0.0
2023-02-26T11:00,31.9,23,6.6,995.6,823.2,0.0
2023-02-26T12:00,33.6,21,7.4,994.2,845.1,0.0
2023-02-26T13:00,34.8,18,6.4,993.1,844.8,0.0
2023-02-26T14:00,35.2,16,2.5,992.1,821.5,0.0
2023-02-26T15:00,35.1,16,3.3,991.6,765.8,0.0
2023-02-26T16:00,34.6,17,5.9,991.4,662.1,0.0
2023-02-26T17:00,32.6,25,5.5,991.9,470.8,0.0
2023-02-26T18:00,28.0,29,11.9,992.2,117.7,0.0
2023-02-26T19:00,26.5,29,9.7,992.7,0.0,0.0
2023-02-26T20:00,26.6,26,9.3,993.4,0.0,0.0
2023-02-26T21:00,26.2,28,8.6,993.6,0.0,0.0
2023-02-26T22:00,23.5,37,11.4,993.4,0.0,0.0
2023-02-26T23:00,22.4,40,9.5,993.0,0.0,0.0
2023-02-27T00:00,22.6,39,6.7,992.4,0.0,0.0
2023-02-27T01:00,21.2,43,7.8,991.8,0.0,0.0
2023-02-27T02:00,20.5,47,7.9,991.2,0.0,0.0
2023-02-27T03:00,19.9,46,7.3,991.5,0.0,0.0
2023-02-27T04:00,22.3,39,3.6,991.9,0.0,0.0
2023-02-27T05:00,21.5,49,5.0,992.7,0.0,0.0
2023-02-27T06:00,18.9,60,4.6,994.1,0.0,0.0
2023-02-27T07:00,21.1,54,7.5,994.9,163.4,0.0
2023-02-27T08:00,24.0,46,7.1,996.0,486.0,0.0
2023-02-27T09:00,26.8,39,6.5,996.7,662.4,0.0
2023-02-27T10:00,29.4,34,5.7,996.6,756.8,0.0
2023-02-27T11:00,31.6,30,5.1,995.9,807.7,0.0
2023-02-27T12:00,33.2,26,4.6,994.8,829.4,0.0
2023-02-27T13:00,34.2,23,3.2,993.5,828.0,0.0
2023-02-27T14:00,34.7,20,1.3,992.3,805.0,0.0
2023-02-27T15:00,34.7,19,2.9,991.5,752.6,0.0
2023-02-27T16:00,34.4,17,4.7,991.3,657.2,0.0
2023-02-27T17:00,32.4,24,7.2,991.4,467.6,0.0
2023-02-27T18:00,29.1,28,7.3,991.9,107.7,0.0
2023-02-27T19:00,27.3,30,7.3,992.5,0.0,0.0
2023-02-27T20:00,27.5,28,12.1,993.0,0.0,0.0
2023-02-27T21:00,26.9,29,12.7,993.1,0.0,0.0
2023-02-27T22:00,25.5,32,9.4,993.1,0.0,0.0
2023-02-27T23:00,25.0,33,9.2,992.8,0.0,0.0
2023-02-28T00:00,24.5,34,10.4,992.1,0.0,0.0
2023-02-28T01:00,23.7,35,9.7,991.5,0.0,0.0
2023-02-28T02:00,22.8,37,8.8,991.2,0.0,0.0
2023-02-28T03:00,22.2,38,8.9,991.0,0.0,0.0
2023-02-28T04:00,21.7,39,8.2,991.0,0.0,0.0
2023-02-28T05:00,21.8,47,10.2,992.2,0.0,0.0
2023-02-28T06:00,22.3,49,7.4,993.4,0.0,0.0
2023-02-28T07:00,22.3,52,5.8,994.7,169.2,0.0
2023-02-28T08:00,25.2,47,8.4,996.0,478.2,0.0
2023-02-28T09:00,27.6,42,5.9,996.7,649.0,0.0
2023-02-28T10:00,29.6,38,5.8,996.9,743.3,0.0
2023-02-28T11:00,31.4,35,6.3,996.3,794.7,0.0
2023-02-28T12:00,33.0,31,7.6,995.2,815.0,0.0
2023-02-28T13:00,33.8,26,8.4,994.2,612.6,0.0
2023-02-28T14:00,34.4,23,8.0,992.9,655.3,0.0
2023-02-28T15:00,34.4,22,5.5,991.9,560.9,0.0
2023-02-28T16:00,33.6,23,4.0,991.7,290.4,0.0
2023-02-28T17:00,32.5,42,2.7,991.9,82.6,0.0
2023-02-28T18:00,29.5,34,6.7,992.1,80.1,0.0
2023-02-28T19:00,27.7,34,7.3,992.3,0.0,0.0
2023-02-28T20:00,27.2,33,8.0,993.3,0.0,0.0
2023-02-28T21:00,25.4,38,6.5,993.6,0.0,0.0
2023-02-28T22:00,24.1,41,6.5,993.9,0.0,0.0
2023-02-28T23:00,23.2,44,7.0,993.4,0.0,0.0
2023-03-01T00:00,22.2,48,10.0,992.9,0.0,0.0
2023-03-01T01:00,22.7,43,7.9,992.4,0.0,0.0
2023-03-01T02:00,21.4,47,8.0,991.8,0.0,0.0
2023-03-01T03:00,20.2,55,9.2,991.7,0.0,0.0
2023-03-01T04:00,20.9,47,9.4,991.9,0.0,0.0
2023-03-01T05:00,21.1,55,7.7,992.7,0.0,0.0
2023-03-01T06:00,21.2,54,8.7,993.5,0.0,0.0
2023-03-01T07:00,22.4,51,11.3,994.7,167.1,0.0
2023-03-01T08:00,25.3,45,11.2,995.8,479.6,0.0
2023-03-01T09:00,28.5,38,11.3,996.3,654.3,0.0
2023-03-01T10:00,31.4,32,11.2,996.8,749.7,0.0
2023-03-01T11:00,33.6,26,10.1,996.2,798.9,0.0
2023-03-01T12:00,34.6,23,8.2,995.1,799.6,0.0
2023-03-01T13:00,35.0,22,6.6,993.8,688.5,0.0
2023-03-01T14:00,35.3,21,4.1,992.5,671.7,0.0
2023-03-01T15:00,35.0,20,6.4,991.6,483.9,0.0
2023-03-01T16:00,34.6,21,6.7,991.4,299.1,0.0
2023-03-01T17:00,32.5,48,3.9,992.1,283.9,0.0
2023-03-01T18:00,31.1,26,5.7,992.5,106.0,0.0
2023-03-01T19:00,27.8,31,6.8,993.0,0.0,0.0
2023-03-01T20:00,26.0,35,7.6,993.8,0.0,0.0
2023-03-01T21:00,24.4,42,9.9,994.0,0.0,0.0
2023-03-01T22:00,24.2,42,7.4,994.1,0.0,0.0
2023-03-01T23:00,23.3,45,7.6,993.7,0.0,0.0
2023-03-02T00:00,22.0,48,8.6,992.9,0.0,0.0
2023-03-02T01:00,21.5,50,9.3,992.2,0.0,0.0
2023-03-02T02:00,21.9,45,6.8,992.3,0.0,0.0
2023-03-02T03:00,20.8,50,10.3,992.0,0.0,0.0
2023-03-02T04:00,20.6,52,9.1,992.2,0.0,0.0
2023-03-02T05:00,21.1,52,6.1,993.1,0.0,0.0
2023-03-02T06:00,20.1,60,7.2,994.3,0.0,0.0
2023-03-02T07:00,22.0,54,1.1,995.4,172.5,0.0
2023-03-02T08:00,25.3,46,3.6,996.7,474.9,0.0
2023-03-02T09:00,28.6,36,3.3,997.2,644.7,0.0
2023-03-02T10:00,31.0,31,3.7,997.3,739.1,0.0
2023-03-02T11:00,32.8,28,4.1,996.6,789.6,0.0
2023-03-02T12:00,34.1,25,3.4,995.4,812.7,0.0
2023-03-02T13:00,34.9,23,1.0,994.2,761.5,0.0
2023-03-02T14:00,35.2,21,1.1,992.8,684.3,0.0
2023-03-02T15:00,35.6,20,6.8,991.7,561.4,0.0
2023-03-02T16:00,35.5,19,10.5,991.1,558.2,0.0
2023-03-02T17:00,33.4,24,6.6,992.2,394.3,0.0
2023-03-02T18:00,28.8,33,8.7,992.4,105.2,0.0
2023-03-02T19:00,31.1,24,5.1,993.2,0.0,0.0
2023-03-02T20:00,27.4,33,6.2,993.9,0.0,0.0
2023-03-02T21:00,25.7,36,7.4,994.3,0.0,0.0
2023-03-02T22:00,25.2,36,7.2,994.5,0.0,0.0
2023-03-02T23:00,25.1,38,4.7,994.3,0.0,0.0
2023-03-03T00:00,22.8,47,5.2,993.7,0.0,0.0
2023-03-03T01:00,21.8,50,6.5,992.9,0.0,0.0
2023-03-03T02:00,23.7,43,3.0,992.7,0.0,0.0
2023-03-03T03:00,21.3,50,5.5,992.5,0.0,0.0
2023-03-03T04:00,20.8,52,8.2,992.7,0.0,0.0
2023-03-03T05:00,20.8,58,7.6,993.5,0.0,0.0
2023-03-03T06:00,20.3,62,8.3,994.4,0.0,0.0
2023-03-03T07:00,23.0,52,7.2,996.0,170.4,0.0
2023-03-03T08:00,26.2,43,6.0,997.4,449.2,0.0
2023-03-03T09:00,29.4,35,6.1,997.7,635.1,0.0
2023-03-03T10:00,31.9,30,4.4,997.8,734.2,0.0
2023-03-03T11:00,33.7,27,4.8,997.0,784.1,0.0
2023-03-03T12:00,35.0,24,7.0,995.4,807.6,0.0
2023-03-03T13:00,35.9,22,7.9,994.2,785.2,0.0
2023-03-03T14:00,35.9,21,9.0,992.9,703.1,0.0
2023-03-03T15:00,35.8,21,8.6,992.1,701.2,0.0
2023-03-03T16:00,35.5,21,7.8,992.1,611.0,0.0
2023-03-03T17:00,34.0,26,4.7,992.5,415.6,0.0
2023-03-03T18:00,30.4,32,7.2,992.8,95.7,0.0
2023-03-03T19:00,28.9,35,7.6,993.5,0.0,0.0
2023-03-03T20:00,27.1,39,6.5,994.4,0.0,0.0
2023-03-03T21:00,26.5,37,7.0,994.8,0.0,0.0
2023-03-03T22:00,24.6,47,8.7,994.7,0.0,0.0
2023-03-03T23:00,23.8,49,7.6,994.4,0.0,0.0
2023-03-04T00:00,25.9,40,3.9,993.9,0.0,0.0
2023-03-04T01:00,22.3,53,6.5,993.1,0.0,0.0
2023-03-04T02:00,21.7,54,8.2,992.7,0.0,0.0
2023-03-04T03:00,23.4,42,9.5,993.1,0.0,0.0
2023-03-04T04:00,22.8,40,10.9,993.1,0.0,0.0
2023-03-04T05:00,22.7,42,10.1,993.9,0.0,0.0
2023-03-04T06:00,22.2,45,7.6,994.8,0.0,0.0
2023-03-04T07:00,23.5,47,10.0,996.0,117.1,0.0
2023-03-04T08:00,26.5,40,10.7,997.2,412.1,0.0
2023-03-04T09:00,29.1,34,9.0,997.7,550.4,0.0
2023-03-04T10:00,31.4,29,8.9,997.8,598.9,0.0
2023-03-04T11:00,33.8,24,10.0,997.0,767.7,0.0
2023-03-04T12:00,35.4,21,9.2,995.4,807.0,0.0
2023-03-04T13:00,36.2,18,6.9,994.0,823.5,0.0
2023-03-04T14:00,36.5,17,4.3,992.5,731.6,0.0
2023-03-04T15:00,36.4,16,5.1,991.8,675.5,0.0
2023-03-04T16:00,35.8,16,7.8,991.5,612.5,0.0
2023-03-04T17:00,34.5,19,5.8,991.7,446.8,0.0
2023-03-04T18:00,29.8,20,8.2,992.1,121.0,0.0
2023-03-04T19:00,31.1,16,7.2,992.9,0.0,0.0
2023-03-04T20:00,30.2,17,0.8,993.7,0.0,0.0
2023-03-04T21:00,29.2,19,4.1,994.3,0.0,0.0
2023-03-04T22:00,28.8,20,3.5,994.4,0.0,0.0
2023-03-04T23:00,24.2,31,5.4,993.9,0.0,0.0
2023-03-05T00:00,23.3,32,7.3,993.3,0.0,0.0
2023-03-05T01:00,21.6,37,9.0,992.5,0.0,0.0
2023-03-05T02:00,22.2,40,5.8,992.1,0.0,0.0
2023-03-05T03:00,22.8,38,0.4,992.1,0.0,0.0
2023-03-05T04:00,22.6,37,2.3,992.4,0.0,0.0
2023-03-05T05:00,22.1,44,4.2,994.2,0.0,0.0
2023-03-05T06:00,20.9,47,6.3,994.9,0.0,0.0
2023-03-05T07:00,22.2,46,5.5,996.0,187.9,0.0
2023-03-05T08:00,25.6,40,3.1,996.9,490.2,0.0
2023-03-05T09:00,28.5,33,1.6,997.7,660.0,0.0
2023-03-05T10:00,31.2,29,1.1,997.5,751.0,0.0
2023-03-05T11:00,33.3,26,1.4,996.5,800.7,0.0
2023-03-05T12:00,34.9,22,5.0,995.1,821.1,0.0
2023-03-05T13:00,35.8,19,8.1,993.6,818.6,0.0
2023-03-05T14:00,36.0,17,9.0,992.2,793.0,0.0
2023-03-05T15:00,35.8,17,11.3,991.4,719.8,0.0
2023-03-05T16:00,34.9,17,15.0,991.3,454.2,0.0
2023-03-05T17:00,33.7,19,9.3,991.8,441.0,0.0
2023-03-05T18:00,31.1,21,8.9,991.6,103.0,0.0
2023-03-05T19:00,30.6,22,14.4,992.0,0.0,0.0
2023-03-05T20:00,28.3,27,7.4,992.6,0.0,0.0
2023-03-05T21:00,26.8,29,8.3,993.4,0.0,0.0
2023-03-05T22:00,24.5,39,7.9,993.6,0.0,0.0
2023-03-05T23:00,23.9,38,6.3,993.7,0.0,0.0
2023-03-06T00:00,24.4,38,4.0,993.2,0.0,0.0
2023-03-06T01:00,22.8,44,5.8,992.0,0.0,0.0
2023-03-06T02:00,24.7,35,4.9,991.5,0.0,0.0
2023-03-06T03:00,22.3,43,10.0,991.9,0.0,0.0
2023-03-06T04:00,21.0,48,7.3,991.7,0.0,0.0
2023-03-06T05:00,21.2,55,6.0,991.9,0.0,0.0
2023-03-06T06:00,21.3,57,6.5,992.8,0.0,0.0
2023-03-06T07:00,22.8,52,4.3,994.0,185.6,0.0
2023-03-06T08:00,26.3,43,3.6,994.8,479.5,0.0
2023-03-06T09:00,30.0,36,4.7,995.4,645.0,0.0
2023-03-06T10:00,32.7,29,9.5,995.4,736.3,0.0
2023-03-06T11:00,34.6,24,10.4,994.6,785.6,0.0
2023-03-06T12:00,35.3,21,8.7,993.1,668.3,0.0
2023-03-06T13:00,36.0,20,5.8,991.4,698.8,0.0
2023-03-06T14:00,36.2,20,2.9,990.0,681.9,0.0
2023-03-06T15:00,36.2,20,1.3,989.1,642.2,0.0
2023-03-06T16:00,35.5,20,4.4,988.9,516.6,0.0
2023-03-06T17:00,34.4,37,5.2,988.9,132.9,0.0
2023-03-06T18:00,31.3,22,11.8,989.8,93.8,0.0
2023-03-06T19:00,30.2,26,12.0,990.4,0.0,0.0
2023-03-06T20:00,28.7,32,10.8,991.4,0.0,0.0
2023-03-06T21:00,27.0,36,12.3,991.6,0.0,0.0
2023-03-06T22:00,25.9,40,9.8,991.7,0.0,0.0
2023-03-06T23:00,25.6,42,1.1,992.0,0.0,0.0
2023-03-07T00:00,23.8,50,4.4,991.9,0.0,0.0
2023-03-07T01:00,23.0,53,6.6,991.1,0.0,0.0
2023-03-07T02:00,22.4,57,5.4,990.7,0.0,0.0
2023-03-07T03:00,22.3,55,6.6,991.0,0.0,0.0
2023-03-07T04:00,22.4,54,9.9,990.9,0.0,0.0
2023-03-07T05:00,21.9,60,18.0,993.5,0.0,0.0
2023-03-07T06:00,21.8,60,14.0,994.5,0.0,0.0
2023-03-07T07:00,22.7,58,11.5,995.5,169.2,0.0
2023-03-07T08:00,24.8,51,16.5,996.3,460.3,0.0
2023-03-07T09:00,27.3,43,17.2,996.6,612.2,0.0
2023-03-07T10:00,29.6,36,18.9,996.6,716.3,0.0
2023-03-07T11:00,31.2,31,21.0,995.6,771.9,0.0
2023-03-07T12:00,32.1,29,18.5,994.4,728.5,0.0
2023-03-07T13:00,32.5,28,15.9,993.1,692.1,0.0
2023-03-07T14:00,32.7,27,15.3,992.0,664.0,0.0
2023-03-07T15:00,32.0,28,14.6,991.4,568.1,0.0
2023-03-07T16:00,31.1,29,14.5,991.3,454.8,0.0
2023-03-07T17:00,29.2,33,11.0,992.6,360.2,0.0
2023-03-07T18:00,26.3,42,6.6,992.4,101.6,0.0
2023-03-07T19:00,25.6,41,5.5,992.6,0.0,0.0
2023-03-07T20:00,25.2,42,7.4,992.8,0.0,0.0
2023-03-07T21:00,23.4,50,6.3,993.8,0.0,0.0
2023-03-07T22:00,22.5,53,7.3,993.9,0.0,0.0
2023-03-07T23:00,21.5,58,7.3,993.4,0.0,0.0
2023-03-08T00:00,20.7,64,7.6,993.1,0.0,0.0
2023-03-08T01:00,20.1,67,6.7,992.6,0.0,0.0
2023-03-08T02:00,20.0,67,5.4,992.3,0.0,0.0
2023-03-08T03:00,19.2,73,7.6,991.9,0.0,0.0
2023-03-08T04:00,19.8,70,5.1,992.1,0.0,0.0
2023-03-08T05:00,18.6,81,4.9,992.3,0.0,0.0
2023-03-08T06:00,18.6,82,4.9,993.1,0.0,0.0
2023-03-08T07:00,20.3,75,2.5,994.0,194.9,0.0
2023-03-08T08:00,23.0,64,1.4,995.2,478.6,0.0
2023-03-08T09:00,26.3,51,2.5,996.0,647.7,0.0
2023-03-08T10:00,29.1,42,3.1,996.0,739.1,0.0
2023-03-08T11:00,31.2,35,3.9,995.0,790.3,0.0
2023-03-08T12:00,32.8,29,4.7,993.7,812.7,0.0
2023-03-08T13:00,33.8,24,5.7,992.3,800.9,0.0
2023-03-08T14:00,34.1,21,6.1,991.1,725.2,0.0
2023-03-08T15:00,34.3,20,5.7,990.0,717.3,0.0
2023-03-08T16:00,33.9,20,7.2,989.8,626.7,0.0
2023-03-08T17:00,32.5,21,8.2,990.5,447.1,0.0
2023-03-08T18:00,28.5,26,6.4,990.6,117.8,0.0
2023-03-08T19:00,26.7,30,8.3,991.1,0.0,0.0
2023-03-08T20:00,26.4,28,8.0,991.8,0.0,0.0
2023-03-08T21:00,25.9,28,8.4,992.4,0.0,0.0
2023-03-08T22:00,24.6,31,7.9,992.3,0.0,0.0
2023-03-08T23:00,23.5,34,9.4,991.9,0.0,0.0
2023-03-09T00:00,22.6,35,7.1,991.7,0.0,0.0
2023-03-09T01:00,22.4,37,7.9,991.2,0.0,0.0
2023-03-09T02:00,21.1,38,6.6,990.6,0.0,0.0
2023-03-09T03:00,20.1,45,8.0,990.6,0.0,0.0
2023-03-09T04:00,19.4,48,7.0,990.6,0.0,0.0
2023-03-09T05:00,19.3,57,7.4,991.1,0.0,0.0
2023-03-09T06:00,19.3,62,7.2,991.9,0.0,0.0
2023-03-09T07:00,21.6,52,4.0,993.4,206.3,0.0
2023-03-09T08:00,24.3,44,1.5,994.2,493.6,0.0
2023-03-09T09:00,27.6,36,2.2,994.7,657.9,0.0
2023-03-09T10:00,30.7,30,2.9,994.2,749.3,0.0
2023-03-09T11:00,33.0,26,4.9,993.5,797.9,0.0
2023-03-09T12:00,34.2,22,2.9,992.0,814.5,0.0
2023-03-09T13:00,34.6,20,2.0,990.9,672.3,0.0
2023-03-09T14:00,35.1,19,4.9,989.8,687.9,0.0
2023-03-09T15:00,34.7,20,8.0,988.9,513.1,0.0
2023-03-09T16:00,34.1,20,9.4,988.9,530.4,0.0
2023-03-09T17:00,32.9,23,5.7,989.4,350.0,0.0
2023-03-09T18:00,28.4,32,9.6,989.7,117.1,0.0
2023-03-09T19:00,30.2,23,0.4,990.6,0.0,0.0
2023-03-09T20:00,25.6,32,6.4,990.8,0.0,0.0
2023-03-09T21:00,25.1,30,6.7,991.3,0.0,0.0
2023-03-09T22:00,25.0,33,7.8,991.7,0.0,0.0
2023-03-09T23:00,26.0,29,2.3,991.6,0.0,0.0
2023-03-10T00:00,25.5,31,1.6,991.1,0.0,0.0
2023-03-10T01:00,22.8,37,8.6,990.8,0.0,0.0
2023-03-10T02:00,21.0,46,9.4,990.3,0.0,0.0
2023-03-10T03:00,20.9,47,10.8,990.3,0.0,0.0
2023-03-10T04:00,22.4,41,7.8,990.8,0.0,0.0
2023-03-10T05:00,20.2,58,8.3,991.7,0.0,0.0
2023-03-10T06:00,19.8,60,8.4,991.9,0.0,0.0
2023-03-10T07:00,23.0,49,10.4,992.6,203.8,0.0
2023-03-10T08:00,26.0,44,6.0,993.6,483.1,0.0
2023-03-10T09:00,29.1,36,5.1,993.9,646.8,0.0
2023-03-10T10:00,31.6,29,5.7,993.7,733.6,0.0
2023-03-10T11:00,33.3,25,5.6,992.6,783.2,0.0
2023-03-10T12:00,34.1,23,3.9,991.5,679.3,0.0
2023-03-10T13:00,34.7,22,4.1,990.7,703.7,0.0
2023-03-10T14:00,34.5,22,7.1,989.6,550.7,0.0
2023-03-10T15:00,34.4,22,6.8,988.7,563.1,0.0
2023-03-10T16:00,33.8,23,5.5,988.6,429.0,0.0
2023-03-10T17:00,33.3,29,4.0,988.1,283.2,0.0
2023-03-10T18:00,29.3,31,10.0,988.7,99.8,0.0
2023-03-10T19:00,28.2,29,8.2,989.5,0.0,0.0
2023-03-10T20:00,27.5,28,7.2,990.3,0.0,0.0
2023-03-10T21:00,26.1,34,10.2,990.9,0.0,0.0
2023-03-10T22:00,27.0,31,7.5,991.3,0.0,0.0
2023-03-10T23:00,25.0,37,8.0,991.1,0.0,0.0
2023-03-11T00:00,23.6,39,9.9,990.5,0.0,0.0
2023-03-11T01:00,23.6,42,8.4,990.1,0.0,0.0
2023-03-11T02:00,24.0,36,10.1,990.0,0.0,0.0
2023-03-11T03:00,21.4,47,9.5,989.6,0.0,0.0
2023-03-11T04:00,21.5,44,6.6,989.8,0.0,0.0
2023-03-11T05:00,20.5,53,7.0,990.5,0.0,0.0
2023-03-11T06:00,20.4,53,6.4,991.7,0.0,0.0
2023-03-11T07:00,22.8,46,7.4,992.6,201.3,0.0
2023-03-11T08:00,26.0,39,4.7,993.7,489.5,0.0
2023-03-11T09:00,28.8,33,3.1,994.3,653.4,0.0
2023-03-11T10:00,31.1,30,2.7,994.1,742.5,0.0
2023-03-11T11:00,32.8,27,3.3,993.4,792.0,0.0
2023-03-11T12:00,34.0,24,2.5,992.3,781.7,0.0
2023-03-11T13:00,34.6,21,2.3,991.1,708.3,0.0
2023-03-11T14:00,35.0,20,2.7,989.8,772.0,0.0
2023-03-11T15:00,35.0,19,1.8,989.0,715.4,0.0
2023-03-11T16:00,34.7,18,4.1,988.7,595.6,0.0
2023-03-11T17:00,33.9,22,5.4,988.5,401.7,0.0
2023-03-11T18:00,30.2,21,7.9,988.7,115.7,0.0
2023-03-11T19:00,28.9,20,7.2,989.4,0.0,0.0
2023-03-11T20:00,28.2,21,9.4,990.2,0.0,0.0
2023-03-11T21:00,26.8,26,8.3,990.8,0.0,0.0
2023-03-11T22:00,26.1,27,9.0,991.2,0.0,0.0
2023-03-11T23:00,25.6,29,8.4,990.8,0.0,0.0
2023-03-12T00:00,23.5,35,7.7,990.0,0.0,0.0
2023-03-12T01:00,22.5,39,6.0,990.2,0.0,0.0
2023-03-12T02:00,23.0,37,7.6,989.6,0.0,0.0
2023-03-12T03:00,21.7,40,7.4,989.3,0.0,0.0
2023-03-12T04:00,20.5,47,10.0,989.3,0.0,0.0
2023-03-12T05:00,21.7,44,9.8,990.8,0.0,0.0
2023-03-12T06:00,20.6,53,6.4,991.5,0.0,0.0
2023-03-12T07:00,23.2,43,2.6,993.1,198.9,0.0
2023-03-12T08:00,25.5,39,0.4,993.7,443.7,0.0
2023-03-12T09:00,29.1,34,3.4,994.0,619.8,0.0
2023-03-12T10:00,31.9,33,5.4,993.5,760.8,0.0
2023-03-12T11:00,33.8,28,3.7,992.8,791.4,0.0
2023-03-12T12:00,35.1,21,2.3,991.5,736.5,0.0
2023-03-12T13:00,35.8,20,3.5,990.2,708.5,0.0
2023-03-12T14:00,36.0,19,4.6,989.1,720.7,0.0
2023-03-12T15:00,35.9,19,7.6,988.3,673.6,0.0
2023-03-12T16:00,35.3,20,10.9,987.9,605.1,0.0
2023-03-12T17:00,33.9,23,5.5,988.5,438.5,0.0
2023-03-12T18:00,29.5,31,8.5,988.6,115.1,0.0
2023-03-12T19:00,31.1,24,2.6,989.8,0.0,0.0
2023-03-12T20:00,28.1,29,6.6,990.3,0.0,0.0
2023-03-12T21:00,26.1,35,8.5,990.5,0.0,0.0
2023-03-12T22:00,24.9,39,7.9,990.5,0.0,0.0
2023-03-12T23:00,24.6,40,5.8,990.3,0.0,0.0
2023-03-13T00:00,23.6,41,7.1,989.7,0.0,0.0
2023-03-13T01:00,23.3,43,8.2,989.0,0.0,0.0
2023-03-13T02:00,22.8,46,8.6,988.1,0.0,0.0
2023-03-13T03:00,24.3,39,1.4,988.2,0.0,0.0
2023-03-13T04:00,22.2,44,9.1,988.6,0.0,0.0
2023-03-13T05:00,21.6,54,9.2,989.2,0.0,0.0
2023-03-13T06:00,23.9,44,5.3,990.2,0.0,0.0
2023-03-13T07:00,24.1,48,8.0,991.4,203.1,0.0
2023-03-13T08:00,27.0,41,4.5,992.3,482.8,0.0
2023-03-13T09:00,30.3,33,4.9,992.6,638.6,0.0
2023-03-13T10:00,32.7,28,4.3,992.6,707.6,0.0
2023-03-13T11:00,34.2,26,3.8,991.7,709.4,0.0
2023-03-13T12:00,35.3,22,3.3,990.4,710.1,0.0
2023-03-13T13:00,35.8,21,3.6,989.2,654.6,0.0
2023-03-13T14:00,36.0,20,2.5,988.0,719.9,0.0
2023-03-13T15:00,35.7,20,2.9,987.1,464.8,0.0
2023-03-13T16:00,35.3,21,4.5,986.9,322.5,0.0
2023-03-13T17:00,33.8,27,4.3,987.3,317.7,0.0
2023-03-13T18:00,29.7,32,7.6,987.4,106.3,0.0
2023-03-13T19:00,28.2,33,8.4,988.0,0.0,0.0
2023-03-13T20:00,27.2,36,8.4,988.6,0.0,0.0
2023-03-13T21:00,25.6,38,10.8,988.6,0.0,0.0
2023-03-13T22:00,25.8,38,10.4,988.5,0.0,0.0
2023-03-13T23:00,25.2,36,7.2,988.0,0.0,0.0
2023-03-14T00:00,24.0,39,9.0,987.5,0.0,0.0
2023-03-14T01:00,23.4,40,7.5,986.9,0.0,0.0
2023-03-14T02:00,22.8,47,6.7,986.6,0.0,0.0
2023-03-14T03:00,23.1,41,6.5,986.7,0.0,0.0
2023-03-14T04:00,22.7,41,8.2,987.1,0.0,0.0
2023-03-14T05:00,22.4,49,6.5,988.2,0.0,0.0
2023-03-14T06:00,24.1,54,4.3,988.8,0.0,0.0
2023-03-14T07:00,25.5,44,5.2,989.7,71.2,0.0
2023-03-14T08:00,28.6,38,2.6,990.3,212.3,0.0
2023-03-14T09:00,30.7,32,6.9,990.9,439.9,0.0
2023-03-14T10:00,32.8,27,6.4,990.6,498.3,0.0
2023-03-14T11:00,34.6,21,5.8,989.6,531.6,0.0
2023-03-14T12:00,35.2,20,6.2,988.3,622.9,0.0
2023-03-14T13:00,35.8,19,4.7,986.8,657.3,0.0
2023-03-14T14:00,35.9,19,5.8,985.7,718.1,0.0
2023-03-14T15:00,35.6,19,5.7,984.8,564.0,0.0
2023-03-14T16:00,35.1,19,4.2,984.6,446.3,0.0
2023-03-14T17:00,34.4,16,14.3,984.3,303.5,0.0
2023-03-14T18:00,31.2,21,9.5,986.1,65.0,0.0
2023-03-14T19:00,28.6,33,25.9,987.0,0.0,0.0
2023-03-14T20:00,27.9,33,13.9,987.5,0.0,0.0
2023-03-14T21:00,26.9,34,9.3,987.6,0.0,0.0
2023-03-14T22:00,26.3,37,11.2,987.4,0.0,0.0
2023-03-14T23:00,25.4,38,8.7,986.9,0.0,0.0
2023-03-15T00:00,24.5,43,8.7,986.3,0.0,0.0
2023-03-15T01:00,25.6,37,4.3,986.0,0.0,0.0
2023-03-15T02:00,24.7,39,0.8,985.8,0.0,0.0
2023-03-15T03:00,21.2,55,5.4,985.6,0.0,0.0
2023-03-15T04:00,20.3,58,5.6,985.6,0.0,0.0
2023-03-15T05:00,20.6,69,7.7,986.8,0.0,0.0
2023-03-15T06:00,22.2,61,2.8,987.7,0.0,0.0
2023-03-15T07:00,24.3,53,6.3,988.4,134.4,0.0
2023-03-15T08:00,27.5,42,7.5,989.6,412.6,0.0
2023-03-15T09:00,29.9,35,6.7,990.0,629.4,0.0
2023-03-15T10:00,32.4,30,7.9,989.8,701.5,0.0
2023-03-15T11:00,34.5,24,7.8,988.9,741.4,0.0
2023-03-15T12:00,35.6,21,6.2,987.4,745.0,0.0
2023-03-15T13:00,35.4,21,5.9,986.4,483.1,0.0
2023-03-15T14:00,35.6,20,4.3,985.5,476.7,0.0
2023-03-15T15:00,35.4,20,4.6,984.6,548.4,0.0
2023-03-15T16:00,34.8,21,6.4,984.4,401.6,0.0
2023-03-15T17:00,34.2,21,4.6,984.5,238.6,0.0
2023-03-15T18:00,31.8,21,8.4,985.1,16.2,0.0
2023-03-15T19:00,30.8,27,10.2,985.8,0.0,0.0
2023-03-15T20:00,30.8,23,11.0,986.9,0.0,0.0
2023-03-15T21:00,29.8,26,14.8,988.3,0.0,0.0
2023-03-15T22:00,28.6,33,13.7,988.2,0.0,0.0
2023-03-15T23:00,27.9,37,13.3,987.9,0.0,0.0
2023-03-16T00:00,26.9,40,5.2,987.9,0.0,0.0
2023-03-16T01:00,26.5,41,14.0,987.8,0.0,0.0
2023-03-16T02:00,26.2,41,17.1,987.1,0.0,0.0
2023-03-16T03:00,25.9,41,17.9,987.0,0.0,0.0
2023-03-16T04:00,26.3,39,14.5,987.6,0.0,0.0
2023-03-16T05:00,23.7,64,4.8,988.2,0.0,0.0
2023-03-16T06:00,23.9,62,7.4,989.5,0.0,0.1
2023-03-16T07:00,24.6,62,8.0,990.8,82.3,0.0
2023-03-16T08:00,23.7,66,8.4,991.9,76.5,0.0
2023-03-16T09:00,24.4,64,13.3,992.6,121.1,0.1
2023-03-16T10:00,24.8,62,17.7,992.7,86.3,0.0
2023-03-16T11:00,27.3,52,15.9,991.8,237.5,0.0
2023-03-16T12:00,28.6,49,13.0,990.3,343.8,0.0
2023-03-16T13:00,29.5,45,9.8,989.1,468.7,0.0
2023-03-16T14:00,29.5,45,6.4,988.0,634.8,0.7
2023-03-16T15:00,29.8,41,5.8,986.7,566.7,0.0
2023-03-16T16:00,29.9,38,4.0,986.8,423.0,0.0
2023-03-16T17:00,29.4,39,13.7,987.2,231.2,0.0
2023-03-16T18:00,28.3,42,9.8,987.6,64.3,0.0
2023-03-16T19:00,27.1,46,5.1,988.3,0.0,0.0
2023-03-16T20:00,27.5,44,3.1,989.2,0.0,0.0
2023-03-16T21:00,25.8,55,4.4,990.1,0.0,0.0
2023-03-16T22:00,25.0,55,13.5,991.0,0.0,0.1
2023-03-16T23:00,23.1,69,9.7,990.6,0.0,0.0
2023-03-17T00:00,22.8,73,6.5,990.3,0.0,0.0
2023-03-17T01:00,23.1,74,7.9,989.7,0.0,0.0
2023-03-17T02:00,22.8,77,7.9,989.5,0.0,0.1
2023-03-17T03:00,22.2,84,3.8,989.7,0.0,1.7
2023-03-17T04:00,22.1,87,1.9,989.7,0.0,0.1
2023-03-17T05:00,22.3,91,4.6,989.9,0.0,0.1
2023-03-17T06:00,22.8,88,4.4,990.1,0.0,0.0
2023-03-17T07:00,21.6,85,20.1,992.4,194.1,2.2
2023-03-17T08:00,22.3,83,5.4,992.6,133.3,0.7
2023-03-17T09:00,24.1,74,7.6,992.7,212.0,0.0
2023-03-17T10:00,26.8,63,3.5,992.3,419.2,0.0
2023-03-17T11:00,28.9,51,8.2,991.5,659.5,0.0
2023-03-17T12:00,30.1,44,7.9,990.1,647.8,0.0
2023-03-17T13:00,30.8,40,8.5,988.6,656.5,0.0
2023-03-17T14:00,31.0,39,9.0,987.3,659.4,0.0
2023-03-17T15:00,30.4,41,13.9,986.3,385.8,0.1
2023-03-17T16:00,29.4,45,10.9,986.4,200.6,0.1
2023-03-17T17:00,29.3,42,10.5,986.0,135.6,0.0
2023-03-17T18:00,27.6,48,10.5,986.9,80.0,0.0
2023-03-17T19:00,26.2,54,6.5,987.8,0.0,0.0
2023-03-17T20:00,25.3,59,6.1,988.5,0.0,0.0
2023-03-17T21:00,24.8,62,8.4,988.9,0.0,0.0
2023-03-17T22:00,24.3,64,9.1,989.0,0.0,0.0
2023-03-17T23:00,23.7,66,7.8,988.7,0.0,0.0
2023-03-18T00:00,22.9,70,6.3,988.1,0.0,0.0
2023-03-18T01:00,22.5,72,7.6,987.3,0.0,0.0
2023-03-18T02:00,22.5,72,6.1,986.7,0.0,0.0
2023-03-18T03:00,21.6,78,10.9,987.9,0.0,4.6
2023-03-18T04:00,20.0,91,9.0,987.1,0.0,5.6
2023-03-18T05:00,20.2,91,3.2,988.9,0.0,0.1
2023-03-18T06:00,20.2,93,3.4,989.5,0.0,0.0
2023-03-18T07:00,21.2,88,3.9,990.3,185.8,0.0
2023-03-18T08:00,21.6,83,8.6,991.4,298.0,0.3
2023-03-18T09:00,21.7,82,7.9,992.0,188.9,0.5
2023-03-18T10:00,22.3,78,5.7,992.0,64.5,0.3
2023-03-18T11:00,24.9,68,3.1,990.7,325.2,0.0
2023-03-18T12:00,26.3,65,5.5,989.6,524.1,0.1
2023-03-18T13:00,26.7,65,6.2,988.1,517.6,0.1
2023-03-18T14:00,26.7,65,6.1,986.9,421.2,0.1
2023-03-18T15:00,27.0,62,5.4,985.0,401.6,0.1
2023-03-18T16:00,26.2,63,7.4,985.1,162.6,0.0
2023-03-18T17:00,27.1,57,2.5,984.8,153.9,0.0
2023-03-18T18:00,25.3,61,9.0,985.7,31.8,0.0
2023-03-18T19:00,23.9,66,9.4,986.5,0.0,0.0
2023-03-18T20:00,20.8,85,19.4,988.4,0.0,3.6
2023-03-18T21:00,20.6,89,7.7,988.2,0.0,0.0
2023-03-18T22:00,20.6,91,5.2,988.2,0.0,0.3
2023-03-18T23:00,20.5,94,6.4,987.9,0.0,0.3
2023-03-19T00:00,20.5,92,1.8,987.4,0.0,0.0
2023-03-19T01:00,19.7,96,4.8,987.1,0.0,0.0
2023-03-19T02:00,19.5,98,2.2,986.1,0.0,0.0
2023-03-19T03:00,19.5,97,3.3,986.1,0.0,0.0
2023-03-19T04:00,19.6,97,2.3,986.4,0.0,0.0
2023-03-19T05:00,19.8,97,4.3,987.0,0.0,0.0
2023-03-19T06:00,19.4,97,5.1,987.6,0.0,0.0
2023-03-19T07:00,21.1,91,1.5,988.7,134.8,0.0
2023-03-19T08:00,22.4,83,5.3,989.1,167.0,0.0
2023-03-19T09:00,24.0,75,4.2,989.7,325.4,0.1
2023-03-19T10:00,24.2,74,2.5,989.2,114.1,0.1
2023-03-19T11:00,26.4,64,4.1,987.9,576.5,0.0
2023-03-19T12:00,27.8,58,3.8,986.6,737.8,0.1
2023-03-19T13:00,28.6,53,3.1,985.2,670.7,0.0
2023-03-19T14:00,29.2,47,3.3,983.8,703.6,0.0
2023-03-19T15:00,29.3,46,4.2,982.6,585.0,0.0
2023-03-19T16:00,29.0,49,5.1,982.4,514.6,0.0
2023-03-19T17:00,25.8,59,11.6,982.9,341.0,0.0
2023-03-19T18:00,23.6,71,5.4,983.6,110.9,0.0
2023-03-19T19:00,22.6,74,5.1,984.3,0.0,0.0
2023-03-19T20:00,22.5,71,4.7,985.5,0.0,0.1
2023-03-19T21:00,21.8,73,13.8,986.9,0.0,0.8
2023-03-19T22:00,20.8,76,5.0,986.5,0.0,0.0
2023-03-19T23:00,20.2,78,8.2,986.4,0.0,0.0
2023-03-20T00:00,20.0,79,10.1,985.8,0.0,0.0
2023-03-20T01:00,19.0,85,6.3,985.4,0.0,0.0
2023-03-20T02:00,18.6,88,6.5,984.8,0.0,0.0
2023-03-20T03:00,17.9,92,5.4,984.6,0.0,0.0
2023-03-20T04:00,17.6,94,5.5,984.5,0.0,0.0
2023-03-20T05:00,18.5,91,5.9,985.1,0.0,0.0
2023-03-20T06:00,19.2,86,9.1,985.9,0.0,0.0
2023-03-20T07:00,20.7,82,4.8,986.5,206.1,0.0
2023-03-20T08:00,21.5,77,7.9,988.6,499.1,1.4
2023-03-20T09:00,22.4,75,9.5,988.6,186.8,0.0
2023-03-20T10:00,25.2,68,6.0,988.5,718.7,0.0
2023-03-20T11:00,27.1,62,4.4,987.5,768.1,0.0
2023-03-20T12:00,28.2,57,4.0,986.3,701.5,0.0
2023-03-20T13:00,29.2,51,4.7,985.1,748.3,0.0
2023-03-20T14:00,29.5,48,5.3,984.0,667.9,0.0
2023-03-20T15:00,29.6,46,4.5,983.3,626.8,0.0
2023-03-20T16:00,29.3,46,3.7,983.1,485.3,0.0
2023-03-20T17:00,28.9,46,8.1,982.3,205.6,0.0
2023-03-20T18:00,26.7,50,6.8,982.7,70.9,0.0
2023-03-20T19:00,24.7,58,8.5,983.6,0.0,0.0
2023-03-20T20:00,23.4,63,9.2,984.4,0.0,0.0
2023-03-20T21:00,22.2,69,8.7,985.3,0.0,0.0
2023-03-20T22:00,22.0,70,6.8,985.7,0.0,0.0
2023-03-20T23:00,21.6,71,7.3,985.8,0.0,0.0
2023-03-21T00:00,21.2,74,7.7,985.3,0.0,0.0
2023-03-21T01:00,20.4,78,10.1,984.7,0.0,0.0
2023-03-21T02:00,21.8,71,6.8,984.5,0.0,0.0
2023-03-21T03:00,20.7,79,6.8,984.8,0.0,0.0
2023-03-21T04:00,21.1,75,2.3,984.9,0.0,0.0
2023-03-21T05:00,21.7,78,6.2,984.2,0.0,0.0
2023-03-21T06:00,21.7,78,4.7,985.5,0.0,0.0
2023-03-21T07:00,23.2,71,5.5,986.5,222.0,0.0
2023-03-21T08:00,25.3,60,5.2,987.3,444.4,0.0
2023-03-21T09:00,27.0,52,4.2,987.9,609.0,0.0
2023-03-21T10:00,29.0,48,4.9,988.0,726.3,0.0
2023-03-21T11:00,30.7,40,8.4,987.4,681.8,0.0
2023-03-21T12:00,31.4,37,7.4,986.3,584.2,0.0
2023-03-21T13:00,31.9,35,7.3,985.2,546.4,0.0
2023-03-21T14:00,32.2,33,6.6,983.9,675.8,0.0
2023-03-21T15:00,32.3,33,8.1,983.3,642.1,0.0
2023-03-21T16:00,31.8,32,8.2,983.0,562.0,0.0
2023-03-21T17:00,30.1,40,7.2,983.2,428.3,0.0
2023-03-21T18:00,27.7,43,7.4,983.8,109.8,0.0
2023-03-21T19:00,25.5,50,7.2,984.1,0.0,0.0
2023-03-21T20:00,24.9,53,6.2,985.3,0.0,0.0
2023-03-21T21:00,24.5,58,6.8,986.3,0.0,0.0
2023-03-21T22:00,25.2,53,2.1,987.0,0.0,0.0
2023-03-21T23:00,24.2,59,4.6,986.8,0.0,0.0
2023-03-22T00:00,22.3,69,6.6,986.6,0.0,0.0
2023-03-22T01:00,22.1,64,6.1,986.0,0.0,0.0
2023-03-22T02:00,21.1,70,6.5,985.6,0.0,0.0
2023-03-22T03:00,20.0,76,7.2,985.4,0.0,0.0
2023-03-22T04:00,19.8,78,5.9,985.6,0.0,0.0
2023-03-22T05:00,20.7,88,7.9,985.6,0.0,0.0
2023-03-22T06:00,22.3,80,4.1,986.7,0.0,0.0
2023-03-22T07:00,23.6,78,1.9,987.8,160.3,0.0
2023-03-22T08:00,25.7,70,1.1,988.5,355.5,0.0
2023-03-22T09:00,28.0,62,1.5,989.2,627.2,0.0
2023-03-22T10:00,30.2,53,3.1,989.0,706.7,0.0
2023-03-22T11:00,32.0,39,4.6,988.3,735.1,0.0
2023-03-22T12:00,32.7,36,4.7,987.3,671.2,0.0
2023-03-22T13:00,33.0,35,6.0,985.8,554.9,0.0
2023-03-22T14:00,32.8,33,11.4,984.9,412.8,0.0
2023-03-22T15:00,32.0,32,15.2,984.1,384.2,0.0
2023-03-22T16:00,31.7,33,11.7,983.7,379.3,0.0
2023-03-22T17:00,30.0,39,8.4,983.9,296.9,0.0
2023-03-22T18:00,27.4,49,6.0,984.4,93.7,0.0
2023-03-22T19:00,25.7,60,7.1,985.1,0.0,0.0
2023-03-22T20:00,24.7,63,5.9,985.8,0.0,0.0
2023-03-22T21:00,23.7,68,7.1,986.3,0.0,0.0
2023-03-22T22:00,23.5,69,6.6,987.0,0.0,0.0
2023-03-22T23:00,22.8,78,6.2,986.9,0.0,0.0
2023-03-23T00:00,22.1,85,5.4,986.6,0.0,0.0
2023-03-23T01:00,21.7,87,5.5,985.8,0.0,0.0
2023-03-23T02:00,21.7,86,5.1,985.3,0.0,0.0
2023-03-23T03:00,21.1,88,2.5,985.3,0.0,0.0
2023-03-23T04:00,21.4,86,3.1,985.3,0.0,0.0
2023-03-23T05:00,21.3,90,6.4,985.3,0.0,0.0
2023-03-23T06:00,21.8,91,2.6,986.3,0.0,0.0
2023-03-23T07:00,24.0,79,1.6,987.1,252.6,0.0
2023-03-23T08:00,27.2,65,1.1,988.3,489.0,0.0
2023-03-23T09:00,29.9,53,1.1,988.9,633.7,0.0
2023-03-23T10:00,31.6,44,1.9,989.0,709.1,0.0
2023-03-23T11:00,32.3,41,1.1,988.4,647.2,0.0
2023-03-23T12:00,32.5,39,3.2,987.6,617.4,0.0
2023-03-23T13:00,33.0,36,6.8,986.3,594.6,0.0
2023-03-23T14:00,33.3,32,8.1,985.1,620.3,0.0
2023-03-23T15:00,33.1,32,11.5,984.5,546.7,0.0
2023-03-23T16:00,32.3,32,13.0,984.3,507.6,0.0
2023-03-23T17:00,31.2,40,7.2,984.6,363.6,0.0
2023-03-23T18:00,28.0,51,6.9,985.0,108.9,0.0
2023-03-23T19:00,26.6,57,7.9,985.6,0.0,0.0
2023-03-23T20:00,28.4,46,3.7,986.4,0.0,0.0
2023-03-23T21:00,26.5,53,4.3,986.8,0.0,0.0
2023-03-23T22:00,25.0,59,6.1,987.1,0.0,0.0
2023-03-23T23:00,27.4,48,2.3,986.9,0.0,0.0
2023-03-24T00:00,23.9,65,5.2,986.4,0.0,0.0
2023-03-24T01:00,22.9,71,5.2,985.7,0.0,0.0
2023-03-24T02:00,21.5,76,5.8,985.3,0.0,0.0
2023-03-24T03:00,22.5,67,7.6,985.3,0.0,0.0
2023-03-24T04:00,21.9,70,5.4,985.3,0.0,0.0
2023-03-24T05:00,21.1,83,7.2,985.5,0.0,0.0
2023-03-24T06:00,21.8,82,4.2,986.3,0.0,0.0
2023-03-24T07:00,24.1,71,2.2,987.6,260.1,0.0
2023-03-24T08:00,27.4,57,1.4,988.5,499.7,0.0
2023-03-24T09:00,30.2,47,1.8,989.0,650.0,0.0
2023-03-24T10:00,32.1,42,3.7,988.7,734.7,0.0
2023-03-24T11:00,33.6,34,5.1,988.1,693.6,0.0
2023-03-24T12:00,34.6,29,6.2,987.2,758.1,0.0
2023-03-24T13:00,35.1,26,8.5,986.1,705.1,0.0
2023-03-24T14:00,35.5,25,8.2,984.9,663.5,0.0
2023-03-24T15:00,35.5,25,6.8,984.3,613.3,0.0
2023-03-24T16:00,35.3,25,4.5,984.0,546.9,0.0
2023-03-24T17:00,33.5,33,4.3,984.4,356.2,0.0
2023-03-24T18:00,29.5,40,10.1,984.5,100.7,0.0
2023-03-24T19:00,28.2,43,9.8,985.2,0.0,0.0
2023-03-24T20:00,28.8,40,5.1,986.1,0.0,0.0
2023-03-24T21:00,28.0,42,5.4,986.8,0.0,0.0
2023-03-24T22:00,25.1,53,8.0,987.2,0.0,0.0
2023-03-24T23:00,25.4,52,7.7,987.4,0.0,0.0
2023-03-25T00:00,25.1,56,7.4,987.2,0.0,0.0
2023-03-25T01:00,23.9,68,9.4,986.7,0.0,0.0
2023-03-25T02:00,24.3,67,6.6,986.4,0.0,0.0
2023-03-25T03:00,23.5,69,4.5,986.5,0.0,0.0
2023-03-25T04:00,24.1,62,5.5,986.5,0.0,0.0
2023-03-25T05:00,25.1,63,0.5,987.0,0.0,0.0
2023-03-25T06:00,23.4,77,6.2,987.8,0.0,0.0
2023-03-25T07:00,26.4,64,8.6,989.0,226.6,0.0
2023-03-25T08:00,29.1,56,7.3,989.8,444.3,0.0
2023-03-25T09:00,31.1,51,8.7,990.3,534.5,0.0
2023-03-25T10:00,32.9,44,7.7,990.0,616.6,0.0
2023-03-25T11:00,35.0,34,7.6,989.1,729.7,0.0
2023-03-25T12:00,34.3,35,10.9,988.2,370.7,0.0
2023-03-25T13:00,34.0,36,11.3,987.4,488.0,0.1
2023-03-25T14:00,34.3,36,12.4,986.5,499.0,0.0
2023-03-25T15:00,32.4,42,15.3,986.2,428.7,0.0
2023-03-25T16:00,31.4,43,11.9,985.8,49.6,0.0
2023-03-25T17:00,27.2,66,1.5,986.1,217.3,0.0
2023-03-25T18:00,27.2,67,5.2,986.3,108.0,0.0
2023-03-25T19:00,26.5,68,3.7,986.8,0.0,0.0
2023-03-25T20:00,26.1,69,4.3,987.7,0.0,0.0
2023-03-25T21:00,26.5,63,10.5,988.4,0.0,0.0
2023-03-25T22:00,26.4,64,10.9,988.5,0.0,0.0
2023-03-25T23:00,25.5,73,11.1,988.0,0.0,0.0
2023-03-26T00:00,24.7,79,7.2,987.3,0.0,0.0
2023-03-26T01:00,24.2,82,7.3,986.5,0.0,0.0
2023-03-26T02:00,23.6,85,5.7,986.0,0.0,0.0
2023-03-26T03:00,22.6,90,6.5,986.0,0.0,0.0
2023-03-26T04:00,23.1,87,6.9,986.2,0.0,0.0
2023-03-26T05:00,23.8,87,5.4,986.2,0.0,0.0
2023-03-26T06:00,24.9,85,2.8,987.1,0.0,0.0
2023-03-26T07:00,27.0,74,1.9,988.1,227.6,0.0
2023-03-26T08:00,29.2,62,9.0,989.3,406.7,0.0
2023-03-26T09:00,30.6,55,10.4,989.5,425.1,0.0
2023-03-26T10:00,32.8,45,10.0,989.3,620.7,0.0
2023-03-26T11:00,34.0,41,11.0,988.7,648.3,0.0
2023-03-26T12:00,34.9,35,8.1,987.6,448.1,0.0
2023-03-26T13:00,35.8,31,5.9,986.3,549.1,0.0
2023-03-26T14:00,36.3,28,5.6,984.9,601.6,0.0
2023-03-26T15:00,35.7,27,3.9,984.3,496.7,0.0
2023-03-26T16:00,34.1,33,11.5,984.0,407.0,0.0
2023-03-26T17:00,32.1,43,16.5,984.0,372.1,0.0
2023-03-26T18:00,28.3,59,16.3,984.4,99.8,0.0
2023-03-26T19:00,28.4,60,11.2,985.1,0.0,0.0
2023-03-26T20:00,27.3,66,8.0,986.0,0.0,0.0
2023-03-26T21:00,26.7,71,9.7,986.6,0.0,0.0
2023-03-26T22:00,26.3,74,10.8,986.2,0.0,0.0
2023-03-26T23:00,25.8,77,10.5,985.8,0.0,0.0
2023-03-27T00:00,24.9,82,7.7,985.3,0.0,0.0
2023-03-27T01:00,24.0,87,2.5,985.3,0.0,0.0
2023-03-27T02:00,23.4,90,3.4,985.0,0.0,0.0
2023-03-27T03:00,23.1,91,4.2,985.0,0.0,0.0
2023-03-27T04:00,23.7,87,2.4,985.5,0.0,0.0
2023-03-27T05:00,23.6,94,5.0,986.2,0.0,0.0
2023-03-27T06:00,24.2,92,2.5,987.3,0.0,0.0
2023-03-27T07:00,25.8,82,4.7,988.4,250.5,0.0
2023-03-27T08:00,27.8,71,3.7,989.2,497.1,0.0
2023-03-27T09:00,30.0,61,3.6,989.4,643.3,0.0
2023-03-27T10:00,32.4,45,3.2,989.3,726.6,0.0
2023-03-27T11:00,34.2,32,2.6,988.9,731.1,0.0
2023-03-27T12:00,35.2,27,2.9,987.7,574.6,0.0
2023-03-27T13:00,36.4,23,5.2,986.3,736.0,0.0
2023-03-27T14:00,37.2,19,8.3,984.9,777.1,0.0
2023-03-27T15:00,37.1,16,13.7,984.2,730.7,0.0
2023-03-27T16:00,36.4,16,12.5,983.9,623.8,0.0
2023-03-27T17:00,35.9,17,13.8,983.8,459.0,0.0
2023-03-27T18:00,33.0,21,10.0,984.4,137.7,0.0
2023-03-27T19:00,31.8,22,15.2,985.1,0.0,0.0
2023-03-27T20:00,31.0,20,13.9,985.7,0.0,0.0
2023-03-27T21:00,29.2,23,8.7,986.2,0.0,0.0
2023-03-27T22:00,26.9,28,6.8,986.4,0.0,0.0
2023-03-27T23:00,27.9,28,4.9,986.5,0.0,0.0
2023-03-28T00:00,27.4,29,0.5,986.2,0.0,0.0
2023-03-28T01:00,25.1,37,4.1,985.7,0.0,0.0
2023-03-28T02:00,23.6,42,5.1,984.8,0.0,0.0
2023-03-28T03:00,21.3,51,6.8,984.3,0.0,0.0
2023-03-28T04:00,20.8,52,7.1,984.6,0.0,0.0
2023-03-28T05:00,21.8,50,6.4,985.4,0.0,0.0
2023-03-28T06:00,21.5,52,5.8,986.3,0.0,0.0
2023-03-28T07:00,24.4,43,5.4,987.8,293.8,0.0
2023-03-28T08:00,28.1,33,7.6,988.7,533.6,0.0
2023-03-28T09:00,31.3,27,7.6,988.9,675.2,0.0
2023-03-28T10:00,33.7,22,9.6,988.5,757.0,0.0
2023-03-28T11:00,35.4,19,9.1,988.1,800.2,0.0
2023-03-28T12:00,36.4,17,6.1,987.0,818.4,0.0
2023-03-28T13:00,37.0,16,6.1,985.7,811.4,0.0
2023-03-28T14:00,37.4,15,8.1,984.8,786.2,0.0
2023-03-28T15:00,37.3,14,10.8,984.1,729.4,0.0
2023-03-28T16:00,36.5,14,15.0,984.3,637.2,0.0
2023-03-28T17:00,35.4,16,7.3,984.7,451.5,0.0
2023-03-28T18:00,32.5,21,6.9,985.0,137.2,0.0
2023-03-28T19:00,30.1,26,5.5,985.6,0.0,0.0
2023-03-28T20:00,28.3,30,7.8,986.5,0.0,0.0
2023-03-28T21:00,28.8,40,14.8,987.0,0.0,0.0
2023-03-28T22:00,28.0,49,9.5,987.1,0.0,0.0
2023-03-28T23:00,26.9,55,8.7,986.8,0.0,0.0
2023-03-29T00:00,25.9,59,8.2,986.1,0.0,0.0
2023-03-29T01:00,25.6,62,8.6,985.6,0.0,0.0
2023-03-29T02:00,23.9,69,7.1,985.4,0.0,0.0
2023-03-29T03:00,23.8,65,6.1,985.3,0.0,0.0
2023-03-29T04:00,23.1,64,7.2,985.6,0.0,0.0
2023-03-29T05:00,24.0,75,0.5,986.4,0.0,0.0
2023-03-29T06:00,24.5,80,3.1,987.4,0.0,0.0
2023-03-29T07:00,27.0,66,4.0,988.6,267.4,0.0
2023-03-29T08:00,29.6,58,6.9,989.5,501.0,0.0
2023-03-29T09:00,31.6,53,9.0,989.6,641.7,0.0
2023-03-29T10:00,34.2,44,11.2,989.3,722.8,0.0
2023-03-29T11:00,35.7,34,13.0,988.5,706.1,0.0
2023-03-29T12:00,36.7,26,9.2,987.1,580.4,0.0
2023-03-29T13:00,38.1,22,9.4,985.9,683.2,0.0
2023-03-29T14:00,38.8,20,12.3,984.7,707.3,0.0
2023-03-29T15:00,38.7,19,12.0,984.0,704.9,0.0
2023-03-29T16:00,38.2,19,12.0,983.8,526.6,0.0
2023-03-29T17:00,36.8,21,12.8,984.2,392.7,0.0
2023-03-29T18:00,33.4,26,8.3,984.6,121.5,0.0
2023-03-29T19:00,31.8,29,7.1,985.0,0.0,0.0
2023-03-29T20:00,31.1,31,10.4,985.9,0.0,0.0
2023-03-29T21:00,29.7,38,12.9,986.7,0.0,0.0
2023-03-29T22:00,29.3,41,14.9,986.8,0.0,0.0
2023-03-29T23:00,28.9,46,13.9,986.3,0.0,0.0
2023-03-30T00:00,28.4,50,11.6,985.8,0.0,0.0
2023-03-30T01:00,26.2,60,10.5,985.5,0.0,0.0
2023-03-30T02:00,25.8,62,7.2,985.0,0.0,0.0
2023-03-30T03:00,26.0,61,7.3,985.0,0.0,0.0
2023-03-30T04:00,25.7,64,10.5,985.0,0.0,0.0
2023-03-30T05:00,26.1,75,9.7,985.5,0.0,0.0
2023-03-30T06:00,26.4,76,9.9,986.3,0.0,0.0
2023-03-30T07:00,27.8,73,9.9,987.3,278.0,0.0
2023-03-30T08:00,29.8,63,9.7,988.1,506.5,0.0
2023-03-30T09:00,31.9,51,8.0,988.0,649.7,0.0
2023-03-30T10:00,34.0,41,7.1,987.5,731.6,0.0
2023-03-30T11:00,35.9,33,5.6,986.7,779.4,0.0
2023-03-30T12:00,37.5,24,6.5,985.6,803.3,0.0
2023-03-30T13:00,38.3,18,9.0,984.2,628.9,0.0
2023-03-30T14:00,38.9,16,8.9,982.7,679.5,0.0
2023-03-30T15:00,39.0,14,11.5,981.6,655.9,0.0
2023-03-30T16:00,38.6,14,13.1,981.1,605.6,0.0
2023-03-30T17:00,37.4,17,7.2,981.5,439.7,0.0
2023-03-30T18:00,32.5,23,9.4,981.7,136.1,0.0
2023-03-30T19:00,31.4,23,7.1,982.6,0.0,0.0
2023-03-30T20:00,30.4,26,9.2,983.3,0.0,0.0
2023-03-30T21:00,29.3,28,8.3,984.0,0.0,0.0
2023-03-30T22:00,28.2,30,7.3,984.1,0.0,0.0
2023-03-30T23:00,27.5,31,11.5,984.3,0.0,0.0
2023-03-31T00:00,27.1,43,10.5,984.3,0.0,0.0
2023-03-31T01:00,26.6,36,11.6,984.7,0.0,0.0
2023-03-31T02:00,26.6,32,10.1,984.1,0.0,0.0
2023-03-31T03:00,24.8,37,6.3,983.7,0.0,0.0
2023-03-31T04:00,24.0,40,6.6,984.1,0.0,0.0
2023-03-31T05:00,23.8,46,8.1,984.2,0.0,0.0
2023-03-31T06:00,24.1,47,5.1,985.2,15.9,0.0
2023-03-31T07:00,26.5,41,4.7,987.0,298.4,0.0
2023-03-31T08:00,29.5,34,4.9,988.1,528.2,0.0
2023-03-31T09:00,32.3,30,7.5,988.2,662.4,0.0
2023-03-31T10:00,34.5,26,9.2,988.0,742.9,0.0
2023-03-31T11:00,35.0,26,10.8,987.1,635.1,0.0
2023-03-31T12:00,35.6,26,10.4,986.0,620.9,0.0
2023-03-31T13:00,36.0,25,9.3,984.8,619.3,0.0
2023-03-31T14:00,36.3,23,7.8,983.6,546.9,0.0
2023-03-31T15:00,36.4,22,10.1,983.0,577.1,0.0
2023-03-31T16:00,35.7,23,12.8,982.5,550.0,0.0
2023-03-31T17:00,35.1,20,13.4,982.2,228.2,0.0
2023-03-31T18:00,33.4,23,10.4,982.8,113.0,0.0
2023-03-31T19:00,31.7,24,11.5,983.9,0.0,0.0
2023-03-31T20:00,30.1,26,7.6,984.8,0.0,0.0
2023-03-31T21:00,27.8,33,8.3,985.3,0.0,0.0
2023-03-31T22:00,28.1,30,8.7,985.9,0.0,0.0
2023-03-31T23:00,27.1,33,7.2,985.6,0.0,0.0
2023-04-01T00:00,25.9,39,8.5,985.6,0.0,0.0
2023-04-01T01:00,25.4,39,4.3,985.9,0.0,0.0
2023-04-01T02:00,25.3,41,5.0,985.5,0.0,0.0
2023-04-01T03:00,24.8,41,5.2,985.3,0.0,0.0
2023-04-01T04:00,23.4,44,6.3,985.4,0.0,0.0
2023-04-01T05:00,24.7,57,6.5,986.8,0.0,0.0
2023-04-01T06:00,24.9,61,2.5,987.5,0.0,0.0
2023-04-01T07:00,26.2,55,2.0,988.7,263.4,0.0
2023-04-01T08:00,28.3,50,4.1,989.2,494.2,0.0
2023-04-01T09:00,30.8,38,3.9,989.2,643.6,0.0
2023-04-01T10:00,32.5,33,2.5,988.7,726.8,0.0
2023-04-01T11:00,33.6,29,6.1,988.0,669.9,0.0
2023-04-01T12:00,34.6,27,7.3,987.1,678.0,0.0
2023-04-01T13:00,35.1,26,9.5,985.7,614.0,0.0
2023-04-01T14:00,35.3,24,10.9,984.5,556.4,0.0
2023-04-01T15:00,35.8,22,14.4,983.6,663.4,0.0
2023-04-01T16:00,35.6,20,16.6,983.2,605.2,0.0
2023-04-01T17:00,35.6,19,15.9,982.6,437.2,0.0
2023-04-01T18:00,33.4,22,19.9,983.0,135.2,0.0
2023-04-01T19:00,33.2,21,20.2,983.8,0.0,0.0
2023-04-01T20:00,31.9,22,17.0,985.0,0.0,0.0
2023-04-01T21:00,29.9,24,10.7,985.6,0.0,0.0
2023-04-01T22:00,28.4,26,9.8,986.3,0.0,0.0
2023-04-01T23:00,26.6,28,7.9,986.5,0.0,0.0
2023-04-02T00:00,24.8,33,8.9,986.6,0.0,0.0
2023-04-02T01:00,26.6,27,3.4,986.4,0.0,0.0
2023-04-02T02:00,24.3,34,6.6,985.5,0.0,0.0
2023-04-02T03:00,22.6,42,7.2,985.0,0.0,0.0
2023-04-02T04:00,22.3,43,5.0,985.3,0.0,0.0
2023-04-02T05:00,22.4,47,5.6,985.3,0.0,0.0
2023-04-02T06:00,23.8,42,7.8,986.0,15.1,0.0
2023-04-02T07:00,26.6,36,8.0,987.2,303.0,0.0
2023-04-02T08:00,30.0,30,6.8,988.4,536.5,0.0
2023-04-02T09:00,32.8,27,5.9,988.7,673.5,0.0
2023-04-02T10:00,34.6,23,8.5,988.3,746.9,0.0
2023-04-02T11:00,35.6,21,9.9,987.7,795.5,0.0
2023-04-02T12:00,36.3,20,7.7,986.5,770.4,0.0
2023-04-02T13:00,37.2,18,8.4,985.2,752.5,0.0
2023-04-02T14:00,37.5,17,12.7,983.9,777.6,0.0
2023-04-02T15:00,37.7,16,14.3,982.8,688.3,0.0
2023-04-02T16:00,36.3,19,19.6,982.7,370.8,0.0
2023-04-02T17:00,36.1,16,12.1,982.5,367.2,0.0
2023-04-02T18:00,32.9,20,6.5,983.2,127.2,0.0
2023-04-02T19:00,30.9,23,8.5,983.4,0.0,0.0
2023-04-02T20:00,30.0,23,7.6,984.3,0.0,0.0
2023-04-02T21:00,28.7,26,7.1,985.0,0.0,0.0
2023-04-02T22:00,27.8,27,6.9,985.2,0.0,0.0
2023-04-02T23:00,27.2,29,7.3,985.0,0.0,0.0
2023-04-03T00:00,26.4,30,7.5,984.5,0.0,0.0
2023-04-03T01:00,26.1,33,7.4,983.9,0.0,0.0
2023-04-03T02:00,26.5,34,5.8,983.6,0.0,0.0
2023-04-03T03:00,25.1,38,5.7,983.4,0.0,0.0
2023-04-03T04:00,23.0,44,6.8,983.4,0.0,0.0
2023-04-03T05:00,23.7,51,7.9,984.3,0.0,0.0
2023-04-03T06:00,24.1,50,4.6,985.0,14.7,0.0
2023-04-03T07:00,26.9,43,8.4,986.4,288.5,0.0
2023-04-03T08:00,30.1,42,8.1,987.3,489.4,0.0
2023-04-03T09:00,33.2,37,8.4,987.5,597.4,0.0
2023-04-03T10:00,35.9,25,7.6,987.2,717.2,0.0
2023-04-03T11:00,37.3,20,7.5,986.5,699.5,0.0
2023-04-03T12:00,38.3,18,6.6,985.6,635.9,0.0
2023-04-03T13:00,38.6,17,13.3,984.5,604.6,0.0
2023-04-03T14:00,36.2,25,17.4,983.7,420.4,0.0
2023-04-03T15:00,37.6,18,11.5,982.9,482.2,0.0
2023-04-03T16:00,37.5,18,13.1,982.8,473.0,0.0
2023-04-03T17:00,34.5,28,15.9,983.3,354.3,0.0
2023-04-03T18:00,32.5,37,19.2,984.1,134.2,0.0
2023-04-03T19:00,30.0,47,14.1,984.9,0.0,0.0
2023-04-03T20:00,29.5,47,13.4,985.4,0.0,0.0
2023-04-03T21:00,28.5,51,11.4,986.1,0.0,0.0
2023-04-03T22:00,27.4,54,7.7,986.2,0.0,0.0
2023-04-03T23:00,25.8,61,8.1,986.1,0.0,0.0
2023-04-04T00:00,26.2,59,7.0,985.5,0.0,0.0
2023-04-04T01:00,25.4,63,6.6,984.9,0.0,0.0
2023-04-04T02:00,23.9,68,6.5,984.2,0.0,0.0
2023-04-04T03:00,23.4,70,7.9,984.0,0.0,0.0
2023-04-04T04:00,23.1,69,6.5,984.5,0.0,0.0
2023-04-04T05:00,24.8,73,7.9,985.5,0.0,0.0
2023-04-04T06:00,25.5,76,3.4,986.3,14.4,0.0
2023-04-04T07:00,28.3,61,4.9,987.6,269.7,0.0
2023-04-04T08:00,30.9,51,4.8,988.4,476.9,0.0
2023-04-04T09:00,33.1,42,4.8,988.8,605.7,0.0
2023-04-04T10:00,35.1,33,4.9,988.4,696.4,0.0
2023-04-04T11:00,35.8,27,3.6,987.9,586.5,0.0
2023-04-04T12:00,37.2,22,1.3,986.7,661.7,0.0
2023-04-04T13:00,38.1,21,1.5,985.5,672.2,0.0
2023-04-04T14:00,38.4,19,1.4,984.3,692.8,0.0
2023-04-04T15:00,38.3,18,2.7,983.4,621.2,0.0
2023-04-04T16:00,38.6,17,3.7,982.9,468.6,0.0
2023-04-04T17:00,38.0,16,4.9,983.3,285.0,0.0
2023-04-04T18:00,35.9,19,3.2,984.0,126.3,0.0
2023-04-04T19:00,33.7,26,9.0,985.1,0.0,0.0
2023-04-04T20:00,32.3,32,9.1,986.1,0.0,0.0
2023-04-04T21:00,31.1,35,6.4,986.7,0.0,0.0
2023-04-04T22:00,29.9,42,2.9,987.1,0.0,0.0
2023-04-04T23:00,28.0,47,3.1,986.9,0.0,0.0
2023-04-05T00:00,26.7,54,5.1,986.3,0.0,0.0
2023-04-05T01:00,25.7,60,4.3,985.8,0.0,0.0
2023-04-05T02:00,25.3,65,6.3,985.3,0.0,0.0
2023-04-05T03:00,24.6,72,6.5,985.0,0.0,0.0
2023-04-05T04:00,23.7,78,4.6,985.1,0.0,0.0
2023-04-05T05:00,24.3,81,6.5,985.4,0.0,0.0
2023-04-05T06:00,25.4,73,4.1,986.4,14.0,0.0
2023-04-05T07:00,27.4,66,4.2,987.3,293.6,0.0
2023-04-05T08:00,30.3,55,1.3,988.4,523.1,0.0
2023-04-05T09:00,32.9,45,5.6,988.6,660.2,0.0
2023-04-05T10:00,35.3,35,8.3,988.5,735.2,0.0
2023-04-05T11:00,36.9,23,9.0,987.8,685.4,0.0
2023-04-05T12:00,37.6,21,9.2,986.8,679.2,0.0
2023-04-05T13:00,38.4,20,9.4,985.5,731.1,0.0
2023-04-05T14:00,38.9,18,9.4,984.2,732.0,0.0
2023-04-05T15:00,38.6,18,10.9,983.5,601.4,0.0
2023-04-05T16:00,38.0,18,11.6,983.4,509.2,0.0
2023-04-05T17:00,36.3,22,6.0,984.1,325.7,0.0
2023-04-05T18:00,34.1,25,7.7,984.9,133.3,0.0
2023-04-05T19:00,33.1,26,10.1,985.7,0.0,0.0
2023-04-05T20:00,31.8,29,10.6,986.1,0.0,0.0
2023-04-05T21:00,30.8,33,10.3,986.7,0.0,0.0
2023-04-05T22:00,31.0,33,5.6,987.0,0.0,0.0
2023-04-05T23:00,28.9,38,4.9,987.0,0.0,0.0
2023-04-06T00:00,28.8,39,9.1,986.4,0.0,0.0
2023-04-06T01:00,27.9,41,5.9,986.5,0.0,0.0
2023-04-06T02:00,27.8,40,2.0,985.9,0.0,0.0
2023-04-06T03:00,26.4,45,5.0,985.4,0.0,0.0
2023-04-06T04:00,26.0,48,6.7,985.7,0.0,0.0
2023-04-06T05:00,27.0,56,15.0,986.7,0.0,0.0
2023-04-06T06:00,27.0,60,11.6,987.4,13.7,0.0
2023-04-06T07:00,28.8,56,9.8,988.3,293.8,0.0
2023-04-06T08:00,31.1,50,10.2,989.3,508.5,0.0
2023-04-06T09:00,33.0,46,14.9,990.0,652.9,0.0
2023-04-06T10:00,32.5,49,6.4,990.3,502.7,0.0
2023-04-06T11:00,29.8,61,11.2,990.2,324.0,4.0
2023-04-06T12:00,33.2,46,7.7,989.2,507.5,0.0
2023-04-06T13:00,34.5,39,9.4,988.3,639.8,0.0
2023-04-06T14:00,34.4,36,9.7,987.5,529.7,0.0
2023-04-06T15:00,33.2,41,6.5,987.2,439.6,0.3
2023-04-06T16:00,32.5,44,4.9,987.1,362.9,0.0
2023-04-06T17:00,34.9,23,12.1,986.6,295.2,0.0
2023-04-06T18:00,33.0,27,4.5,987.2,103.3,0.0
2023-04-06T19:00,31.2,31,5.7,987.6,0.0,0.0
2023-04-06T20:00,31.4,30,8.2,988.1,0.0,0.0
2023-04-06T21:00,29.8,35,10.0,988.6,0.0,0.0
2023-04-06T22:00,27.7,50,6.0,988.7,0.0,0.0
2023-04-06T23:00,27.2,55,5.2,988.9,0.0,0.0
2023-04-07T00:00,26.5,60,7.7,988.5,0.0,0.0
2023-04-07T01:00,25.8,62,7.6,987.8,0.0,0.0
2023-04-07T02:00,26.9,56,3.9,987.6,0.0,0.0
2023-04-07T03:00,25.5,62,1.5,987.1,0.0,0.0
2023-04-07T04:00,25.9,63,2.1,987.4,0.0,0.0
2023-04-07T05:00,24.7,84,3.3,988.4,0.0,0.0
2023-04-07T06:00,25.6,79,5.2,989.1,13.4,0.0
2023-04-07T07:00,27.6,68,10.0,991.0,248.9,0.0
2023-04-07T08:00,29.4,60,5.0,991.5,303.6,0.0
2023-04-07T09:00,31.5,53,1.5,991.9,422.3,0.0
2023-04-07T10:00,33.1,47,5.4,991.6,384.6,0.0
2023-04-07T11:00,34.1,43,5.7,990.9,202.9,0.0
2023-04-07T12:00,30.4,56,9.5,991.1,454.1,3.8
2023-04-07T13:00,33.7,43,8.0,989.9,368.2,0.0
2023-04-07T14:00,32.1,48,5.8,989.2,261.7,0.9
2023-04-07T15:00,33.0,43,6.0,988.8,212.1,0.0
2023-04-07T16:00,32.1,45,2.7,988.7,32.3,0.0
2023-04-07T17:00,25.0,77,20.4,990.2,70.7,0.0
2023-04-07T18:00,25.2,72,20.3,990.8,88.2,0.0
2023-04-07T19:00,24.7,68,16.3,991.5,0.0,0.0
2023-04-07T20:00,24.5,63,11.9,992.0,0.0,0.0
2023-04-07T21:00,24.3,63,8.0,992.4,0.0,0.0
2023-04-07T22:00,23.9,65,3.3,992.5,0.0,0.0
2023-04-07T23:00,24.0,67,3.4,992.0,0.0,0.0
2023-04-08T00:00,23.4,69,4.2,991.7,0.0,0.0
2023-04-08T01:00,23.3,69,4.7,991.2,0.0,0.0
2023-04-08T02:00,23.0,70,5.9,990.6,0.0,0.0
2023-04-08T03:00,23.0,69,3.8,990.6,0.0,0.0
2023-04-08T04:00,22.9,68,7.4,991.3,0.0,0.0
2023-04-08T05:00,22.6,75,9.4,992.2,0.0,0.0
2023-04-08T06:00,23.0,74,6.6,992.5,0.0,0.0
2023-04-08T07:00,24.3,69,3.6,993.2,13.4,0.0
2023-04-08T08:00,25.4,65,5.4,994.2,24.2,0.0
2023-04-08T09:00,27.2,58,8.2,994.7,36.6,0.0
2023-04-08T10:00,29.8,51,8.3,994.6,188.7,0.0
2023-04-08T11:00,32.8,40,7.3,993.9,609.7,0.0
2023-04-08T12:00,33.8,35,7.9,992.7,392.6,0.0
2023-04-08T13:00,34.9,32,7.9,991.5,404.4,0.0
2023-04-08T14:00,35.4,30,4.8,990.3,618.6,0.0
2023-04-08T15:00,35.6,29,5.7,989.5,572.1,0.0
2023-04-08T16:00,33.7,33,11.2,989.8,266.8,0.0
2023-04-08T17:00,31.5,40,5.9,989.9,91.0,0.0
2023-04-08T18:00,29.8,44,5.6,990.4,109.9,0.0
2023-04-08T19:00,29.1,46,5.7,991.2,0.0,0.0
2023-04-08T20:00,28.4,48,7.4,991.7,0.0,0.0
2023-04-08T21:00,27.4,52,6.3,992.5,0.0,0.0
2023-04-08T22:00,26.9,55,6.6,992.7,0.0,0.0
2023-04-08T23:00,26.3,58,5.5,992.6,0.0,0.0
2023-04-09T00:00,26.3,58,4.8,992.1,0.0,0.0
2023-04-09T01:00,25.6,63,4.2,991.8,0.0,0.0
2023-04-09T02:00,24.7,66,4.6,991.3,0.0,0.0
2023-04-09T03:00,24.1,69,4.7,991.0,0.0,0.0
2023-04-09T04:00,23.7,71,4.3,990.9,0.0,0.0
2023-04-09T05:00,24.2,71,6.9,991.9,0.0,0.0
2023-04-09T06:00,25.5,65,2.9,992.8,12.9,0.0
2023-04-09T07:00,23.6,78,8.9,994.7,52.8,1.8
2023-04-09T08:00,26.3,69,10.1,995.1,278.0,0.1
2023-04-09T09:00,29.6,52,7.8,995.1,482.9,0.0
2023-04-09T10:00,32.8,41,6.4,994.6,704.0,0.0
2023-04-09T11:00,35.0,33,5.2,993.6,749.1,0.0
2023-04-09T12:00,35.8,30,4.4,992.6,680.0,0.0
2023-04-09T13:00,36.6,29,4.3,991.4,694.8,0.0
2023-04-09T14:00,36.0,30,7.9,990.2,486.7,0.0
2023-04-09T15:00,34.4,30,12.4,990.1,332.9,0.3
2023-04-09T16:00,33.1,35,13.4,990.0,137.7,0.1
2023-04-09T17:00,34.8,28,9.0,988.7,307.4,0.0
2023-04-09T18:00,31.6,36,7.0,989.3,94.9,0.0
2023-04-09T19:00,30.4,39,5.8,990.0,0.0,0.0
2023-04-09T20:00,29.6,41,7.3,990.6,0.0,0.0
2023-04-09T21:00,28.3,43,6.1,991.4,0.0,0.0
2023-04-09T22:00,28.0,45,8.1,991.6,0.0,0.0
2023-04-09T23:00,27.1,49,6.2,990.9,0.0,0.0
2023-04-10T00:00,25.6,57,5.7,990.2,0.0,0.0
2023-04-10T01:00,25.9,57,1.9,989.7,0.0,0.0
2023-04-10T02:00,24.4,63,5.1,988.8,0.0,0.0
2023-04-10T03:00,25.1,60,3.6,988.6,0.0,0.0
2023-04-10T04:00,23.9,66,4.8,988.7,0.0,0.0
2023-04-10T05:00,24.8,70,13.9,990.4,0.0,0.0
2023-04-10T06:00,24.6,72,8.5,991.7,12.6,0.3
2023-04-10T07:00,26.4,64,7.9,992.8,165.1,0.0
2023-04-10T08:00,29.4,51,8.5,993.3,456.9,0.0
2023-04-10T09:00,32.6,38,10.9,993.4,556.8,0.0
2023-04-10T10:00,34.7,32,7.0,992.8,692.4,0.0
2023-04-10T11:00,36.2,29,5.2,991.9,733.6,0.0
2023-04-10T12:00,37.3,26,4.2,990.7,735.5,0.0
2023-04-10T13:00,37.8,25,5.1,989.5,659.4,0.0
2023-04-10T14:00,37.6,25,6.9,988.4,569.3,0.0
2023-04-10T15:00,37.4,25,7.6,987.6,581.5,0.0
2023-04-10T16:00,36.8,25,9.8,987.4,482.0,0.0
2023-04-10T17:00,35.7,23,6.2,987.6,201.5,0.0
2023-04-10T18:00,34.8,26,2.9,987.8,109.1,0.0
2023-04-10T19:00,34.7,26,2.9,988.5,0.0,0.0
2023-04-10T20:00,31.4,32,6.3,988.9,0.0,0.0
2023-04-10T21:00,30.8,34,7.4,989.5,0.0,0.0
2023-04-10T22:00,30.8,34,4.0,990.0,0.0,0.0
2023-04-10T23:00,30.5,34,1.1,990.0,0.0,0.0
2023-04-11T00:00,27.9,42,7.0,988.9,0.0,0.0
2023-04-11T01:00,29.0,38,3.1,988.6,0.0,0.0
2023-04-11T02:00,25.9,50,5.1,987.9,0.0,0.0
2023-04-11T03:00,25.0,56,6.6,987.5,0.0,0.0
2023-04-11T04:00,24.8,59,6.6,987.7,0.0,0.0
2023-04-11T05:00,25.4,58,1.8,988.4,0.0,0.0
2023-04-11T06:00,26.4,55,1.8,989.3,24.7,0.0
2023-04-11T07:00,29.0,49,1.3,990.3,308.8,0.0
2023-04-11T08:00,32.1,40,1.5,991.2,529.9,0.0
2023-04-11T09:00,35.0,34,2.6,991.6,658.8,0.0
2023-04-11T10:00,37.2,27,1.8,991.3,733.3,0.0
2023-04-11T11:00,38.2,23,2.4,990.8,594.5,0.0
2023-04-11T12:00,39.5,22,5.6,990.1,709.8,0.0
2023-04-11T13:00,39.9,21,8.8,989.1,744.3,0.0
2023-04-11T14:00,39.7,20,10.0,988.0,655.2,0.0
2023-04-11T15:00,39.3,19,8.3,987.4,556.6,0.0
2023-04-11T16:00,38.7,19,7.4,986.9,404.6,0.0
2023-04-11T17:00,37.9,21,8.8,987.2,276.7,0.0
2023-04-11T18:00,35.8,23,6.7,987.6,101.5,0.0
2023-04-11T19:00,34.0,25,5.4,988.4,0.0,0.0
2023-04-11T20:00,32.1,30,4.3,989.0,0.0,0.0
2023-04-11T21:00,30.6,38,5.9,989.6,0.0,0.0
2023-04-11T22:00,30.6,37,8.3,989.6,0.0,0.0
2023-04-11T23:00,31.2,34,6.0,989.2,0.0,0.0
2023-04-12T00:00,28.4,42,6.4,988.6,0.0,0.0
2023-04-12T01:00,27.2,47,7.3,988.0,0.0,0.0
2023-04-12T02:00,26.9,48,5.9,987.6,0.0,0.0
2023-04-12T03:00,26.5,49,7.2,987.1,0.0,0.0
2023-04-12T04:00,25.8,51,7.6,987.0,0.0,0.0
2023-04-12T05:00,26.5,54,6.6,987.7,0.0,0.0
2023-04-12T06:00,27.4,53,5.0,988.7,24.3,0.0
2023-04-12T07:00,29.3,48,4.6,990.1,292.1,0.0
2023-04-12T08:00,32.1,41,1.8,990.9,503.2,0.0
2023-04-12T09:00,34.8,34,2.6,991.2,643.0,0.0
2023-04-12T10:00,37.3,29,0.7,990.6,719.4,0.0
2023-04-12T11:00,39.0,23,4.6,989.9,681.5,0.0
2023-04-12T12:00,40.0,21,3.8,989.0,672.0,0.0
2023-04-12T13:00,40.0,21,2.9,988.0,548.4,0.0
2023-04-12T14:00,39.5,20,9.0,987.1,421.6,0.0
2023-04-12T15:00,37.5,21,13.8,987.0,346.5,0.1
2023-04-12T16:00,37.7,21,7.6,986.6,162.0,0.0
2023-04-12T17:00,37.6,22,4.1,986.4,212.1,0.0
2023-04-12T18:00,35.9,25,2.4,986.7,115.6,0.0
2023-04-12T19:00,34.3,29,4.7,987.4,0.0,0.0
2023-04-12T20:00,31.4,36,7.2,988.0,0.0,0.0
2023-04-12T21:00,30.2,37,7.0,988.3,0.0,0.0
2023-04-12T22:00,29.6,39,10.5,988.4,0.0,0.0
2023-04-12T23:00,28.9,40,9.0,987.8,0.0,0.0
2023-04-13T00:00,28.6,42,9.0,987.5,0.0,0.0
2023-04-13T01:00,27.7,43,5.8,987.0,0.0,0.0
2023-04-13T02:00,27.7,43,7.0,986.8,0.0,0.0
2023-04-13T03:00,27.1,45,7.7,986.3,0.0,0.0
2023-04-13T04:00,26.5,47,7.3,986.6,0.0,0.0
2023-04-13T05:00,26.8,52,7.9,987.2,0.0,0.0
2023-04-13T06:00,27.8,49,6.5,987.7,23.8,0.0
2023-04-13T07:00,30.4,43,4.0,988.9,305.2,0.0
2023-04-13T08:00,33.1,36,1.8,989.8,519.5,0.0
2023-04-13T09:00,35.6,30,1.9,989.7,654.2,0.0
2023-04-13T10:00,38.3,24,6.0,989.3,729.8,0.0
2023-04-13T11:00,40.2,19,10.9,988.4,768.4,0.0
2023-04-13T12:00,41.2,17,9.0,987.6,723.3,0.0
2023-04-13T13:00,41.7,16,8.7,986.5,696.8,0.0
2023-04-13T14:00,42.0,15,10.0,985.4,712.9,0.0
2023-04-13T15:00,41.4,15,9.8,984.8,483.0,0.0
2023-04-13T16:00,40.9,14,10.3,984.5,263.1,0.0
2023-04-13T17:00,39.5,16,9.2,984.8,202.8,0.0
2023-04-13T18:00,36.8,18,6.4,985.6,100.9,0.0
2023-04-13T19:00,35.2,22,9.3,986.4,0.0,0.0
2023-04-13T20:00,33.5,25,5.8,987.3,0.0,0.0
2023-04-13T21:00,33.9,25,5.8,987.7,0.0,0.0
2023-04-13T22:00,34.2,24,3.5,988.1,0.0,0.0
2023-04-13T23:00,31.2,30,4.2,987.8,0.0,0.0
2023-04-14T00:00,29.3,34,6.1,987.0,0.0,0.0
2023-04-14T01:00,29.7,32,8.8,986.7,0.0,0.0
2023-04-14T02:00,27.9,37,6.3,986.3,0.0,0.0
2023-04-14T03:00,27.0,40,6.2,986.1,0.0,0.0
2023-04-14T04:00,27.0,41,9.0,986.5,0.0,0.0
2023-04-14T05:00,27.3,43,6.6,987.0,0.0,0.0
2023-04-14T06:00,28.1,42,8.1,988.2,23.4,0.0
2023-04-14T07:00,30.5,38,5.4,989.2,318.0,0.0
2023-04-14T08:00,33.5,31,6.1,989.8,516.6,0.0
2023-04-14T09:00,36.3,27,5.9,989.6,658.0,0.0
2023-04-14T10:00,38.6,22,7.5,989.4,732.9,0.0
2023-04-14T11:00,40.3,19,9.5,988.4,754.2,0.0
2023-04-14T12:00,40.5,18,16.4,987.6,765.3,0.0
2023-04-14T13:00,40.2,18,7.9,986.8,509.8,0.0
2023-04-14T14:00,39.6,18,14.0,986.0,181.5,0.0
2023-04-14T15:00,38.6,20,18.9,985.6,277.4,0.0
2023-04-14T16:00,38.5,19,11.9,985.2,140.2,0.0
2023-04-14T17:00,36.1,25,2.5,984.3,37.6,0.0
2023-04-14T18:00,34.3,28,6.2,984.6,28.7,0.0
2023-04-14T19:00,33.7,27,6.7,985.7,0.0,0.0
2023-04-14T20:00,33.0,30,5.7,986.8,0.0,0.0
2023-04-14T21:00,33.6,28,2.5,987.6,0.0,0.0
2023-04-14T22:00,30.2,37,6.4,987.6,0.0,0.0
2023-04-14T23:00,29.8,38,5.5,987.3,0.0,0.0
2023-04-15T00:00,29.1,41,5.7,986.7,0.0,0.0
2023-04-15T01:00,28.6,44,5.7,986.3,0.0,0.0
2023-04-15T02:00,28.5,45,6.7,985.9,0.0,0.0
2023-04-15T03:00,28.6,42,9.0,985.8,0.0,0.0
2023-04-15T04:00,28.5,40,11.9,986.5,0.0,0.0
2023-04-15T05:00,27.7,47,18.1,989.2,0.0,0.0
2023-04-15T06:00,28.1,47,20.0,989.9,11.5,0.0
2023-04-15T07:00,28.3,48,14.3,990.8,0.0,0.0
2023-04-15T08:00,29.9,44,13.4,991.2,44.4,0.0
2023-04-15T09:00,32.7,36,14.9,991.1,374.7,0.0
2023-04-15T10:00,35.4,29,14.0,990.6,683.1,0.0
2023-04-15T11:00,36.9,25,13.0,989.9,657.8,0.0
2023-04-15T12:00,38.0,23,10.4,988.8,787.8,0.0
2023-04-15T13:00,38.6,22,7.4,987.6,651.7,0.0
2023-04-15T14:00,38.7,22,5.4,986.4,579.0,0.0
2023-04-15T15:00,38.7,21,4.4,985.7,562.4,0.0
2023-04-15T16:00,38.3,21,5.0,985.3,292.5,0.0
2023-04-15T17:00,35.6,27,6.6,985.7,28.8,0.0
2023-04-15T18:00,33.9,31,13.2,986.5,14.3,0.0
2023-04-15T19:00,32.4,33,12.3,987.2,0.0,0.0
2023-04-15T20:00,31.3,36,7.4,987.7,0.0,0.0
2023-04-15T21:00,30.6,39,7.8,988.0,0.0,0.0
2023-04-15T22:00,29.9,41,8.4,988.2,0.0,0.0
2023-04-15T23:00,29.1,44,7.9,987.5,0.0,0.0
2023-04-16T00:00,28.4,47,7.9,987.0,0.0,0.0
2023-04-16T01:00,27.0,53,4.5,986.4,0.0,0.0
2023-04-16T02:00,26.0,59,5.0,985.7,0.0,0.0
2023-04-16T03:00,25.4,61,4.5,985.6,0.0,0.0
2023-04-16T04:00,24.9,64,6.0,985.7,0.0,0.0
2023-04-16T05:00,25.0,65,4.1,986.6,0.0,0.0
2023-04-16T06:00,25.7,62,6.2,987.4,33.9,0.0
2023-04-16T07:00,27.7,55,6.5,988.3,302.5,0.0
2023-04-16T08:00,30.5,46,5.5,989.0,530.0,0.0
2023-04-16T09:00,33.5,37,5.4,989.0,658.1,0.0
2023-04-16T10:00,36.4,27,7.3,988.7,746.5,0.0
2023-04-16T11:00,38.1,22,8.1,987.9,784.9,0.0
2023-04-16T12:00,39.3,19,8.3,986.7,798.1,0.0
2023-04-16T13:00,40.0,16,8.9,985.3,775.7,0.0
2023-04-16T14:00,40.3,15,9.7,984.1,760.8,0.0
2023-04-16T15:00,40.0,15,9.6,983.3,659.5,0.0
2023-04-16T16:00,39.6,15,8.0,982.8,603.7,0.0
2023-04-16T17:00,38.5,17,6.4,983.2,345.1,0.0
2023-04-16T18:00,35.0,22,6.2,983.4,149.9,0.0
2023-04-16T19:00,34.0,23,9.0,984.2,0.0,0.0
2023-04-16T20:00,32.6,25,7.4,984.9,0.0,0.0
2023-04-16T21:00,30.6,31,10.2,985.5,0.0,0.0
2023-04-16T22:00,29.7,33,5.2,985.7,0.0,0.0
2023-04-16T23:00,29.2,35,6.6,985.6,0.0,0.0
2023-04-17T00:00,30.3,31,3.7,985.3,0.0,0.0
2023-04-17T01:00,27.4,40,9.5,984.7,0.0,0.0
2023-04-17T02:00,26.6,42,6.6,984.0,0.0,0.0
2023-04-17T03:00,26.7,41,9.6,984.0,0.0,0.0
2023-04-17T04:00,26.7,42,5.6,984.3,0.0,0.0
2023-04-17T05:00,25.7,49,6.6,984.9,0.0,0.0
2023-04-17T06:00,26.3,66,1.9,985.7,33.4,0.0
2023-04-17T07:00,28.7,44,2.1,986.8,331.0,0.0
2023-04-17T08:00,31.8,36,3.6,987.6,548.2,0.0
2023-04-17T09:00,35.1,29,3.1,987.9,667.9,0.0
2023-04-17T10:00,37.4,25,2.1,987.9,739.0,0.0
2023-04-17T11:00,39.1,22,1.1,987.4,769.9,0.0
2023-04-17T12:00,40.2,18,1.8,986.3,672.0,0.0
2023-04-17T13:00,40.6,17,0.7,985.5,531.2,0.0
2023-04-17T14:00,40.4,17,3.7,984.6,376.7,0.0
2023-04-17T15:00,40.5,16,8.8,984.2,574.7,0.0
2023-04-17T16:00,39.3,16,15.5,984.3,357.2,0.0
2023-04-17T17:00,38.2,18,11.8,984.8,97.5,0.0
2023-04-17T18:00,34.8,24,7.5,985.4,92.5,0.0
2023-04-17T19:00,33.7,27,7.2,986.2,0.0,0.0
2023-04-17T20:00,32.0,28,6.0,986.7,0.0,0.0
2023-04-17T21:00,31.5,29,9.4,987.2,0.0,0.0
2023-04-17T22:00,29.9,33,7.5,987.1,0.0,0.0
2023-04-17T23:00,29.7,34,7.1,987.0,0.0,0.0
2023-04-18T00:00,28.1,40,8.6,986.1,0.0,0.0
2023-04-18T01:00,27.9,41,7.4,985.5,0.0,0.0
2023-04-18T02:00,27.5,43,6.5,985.1,0.0,0.0
2023-04-18T03:00,26.9,44,5.7,985.1,0.0,0.0
2023-04-18T04:00,26.8,43,8.3,985.6,0.0,0.0
2023-04-18T05:00,27.3,45,8.3,986.2,0.0,0.0
2023-04-18T06:00,27.6,50,3.4,987.0,32.8,0.0
2023-04-18T07:00,30.5,43,5.8,988.5,323.5,0.0
2023-04-18T08:00,33.7,35,5.4,989.4,535.0,0.0
2023-04-18T09:00,36.6,28,5.2,989.8,615.8,0.0
2023-04-18T10:00,39.0,23,7.4,989.4,598.6,0.0
2023-04-18T11:00,36.8,26,10.8,989.7,418.5,0.3
2023-04-18T12:00,37.6,22,7.2,989.2,166.8,0.0
2023-04-18T13:00,37.7,22,4.4,988.3,74.6,0.0
2023-04-18T14:00,39.2,20,7.0,987.3,434.0,0.0
2023-04-18T15:00,38.3,20,5.8,986.9,341.9,0.0
2023-04-18T16:00,37.3,21,8.3,986.4,68.9,0.0
2023-04-18T17:00,37.7,20,7.4,985.9,229.0,0.0
2023-04-18T18:00,34.7,24,7.1,986.0,106.4,0.0
2023-04-18T19:00,32.7,27,6.4,986.3,0.0,0.0
2023-04-18T20:00,31.1,32,8.2,986.9,0.0,0.0
2023-04-18T21:00,31.5,32,7.4,987.4,0.0,0.0
2023-04-18T22:00,29.2,38,9.5,987.3,0.0,0.0
2023-04-18T23:00,28.4,40,7.6,987.2,0.0,0.0
2023-04-19T00:00,28.3,39,7.2,986.5,0.0,0.0
2023-04-19T01:00,27.7,39,6.9,985.8,0.0,0.0
2023-04-19T02:00,27.1,41,7.1,985.0,0.0,0.0
2023-04-19T03:00,26.1,43,6.8,984.8,0.0,0.0
2023-04-19T04:00,26.1,42,7.9,984.9,0.0,0.0
2023-04-19T05:00,27.3,45,6.5,985.1,0.0,0.0
2023-04-19T06:00,28.6,42,5.4,985.7,43.1,0.0
2023-04-19T07:00,31.0,36,7.6,986.7,312.2,0.0
2023-04-19T08:00,33.8,30,2.9,987.5,503.3,0.0
2023-04-19T09:00,36.5,26,0.8,987.8,647.7,0.0
2023-04-19T10:00,39.2,20,6.6,987.3,730.0,0.0
2023-04-19T11:00,40.9,16,8.7,985.9,760.3,0.0
2023-04-19T12:00,41.7,15,4.0,984.8,645.1,0.0
2023-04-19T13:00,40.8,16,7.3,983.9,508.5,0.0
2023-04-19T14:00,38.4,18,21.5,983.0,140.0,0.0
2023-04-19T15:00,37.4,20,9.7,982.9,150.8,0.0
2023-04-19T16:00,38.4,20,9.2,982.7,405.7,0.0
2023-04-19T17:00,39.4,16,3.4,981.4,125.6,0.0
2023-04-19T18:00,37.9,17,2.4,981.9,148.5,0.0
2023-04-19T19:00,33.0,27,7.6,982.2,0.0,0.0
2023-04-19T20:00,32.2,27,7.4,982.9,0.0,0.0
2023-04-19T21:00,31.8,27,7.3,983.9,0.0,0.0
2023-04-19T22:00,30.0,31,7.6,984.0,0.0,0.0
2023-04-19T23:00,28.8,35,8.6,983.7,0.0,0.0
2023-04-20T00:00,28.7,36,5.7,983.0,0.0,0.0
2023-04-20T01:00,27.6,38,6.9,982.3,0.0,0.0
2023-04-20T02:00,27.7,36,7.7,981.6,0.0,0.0
2023-04-20T03:00,26.6,39,6.0,981.4,0.0,0.0
2023-04-20T04:00,26.3,40,6.8,981.7,0.0,0.0
2023-04-20T05:00,27.4,43,11.6,984.1,0.0,0.0
2023-04-20T06:00,27.9,41,11.3,984.8,10.6,0.0
2023-04-20T07:00,29.0,38,7.7,985.5,54.1,0.0
2023-04-20T08:00,31.2,33,8.4,985.8,117.5,0.0
2023-04-20T09:00,33.4,29,6.3,986.2,71.8,0.0
2023-04-20T10:00,36.5,24,7.6,985.6,447.2,0.0
2023-04-20T11:00,38.7,19,6.8,984.6,661.6,0.0
2023-04-20T12:00,39.5,18,8.4,983.5,537.9,0.0
2023-04-20T13:00,40.3,17,10.5,982.4,622.0,0.0
2023-04-20T14:00,38.8,18,17.9,981.3,500.0,0.0
2023-04-20T15:00,39.4,18,16.1,980.8,558.6,0.0
2023-04-20T16:00,37.2,21,12.7,980.6,308.3,0.0
2023-04-20T17:00,33.9,31,28.9,980.3,324.7,0.0
2023-04-20T18:00,32.4,32,7.9,981.1,35.2,0.0
2023-04-20T19:00,31.9,34,5.4,981.5,0.0,0.0
2023-04-20T20:00,31.0,36,5.8,982.0,0.0,0.0
2023-04-20T21:00,30.5,35,7.1,982.7,0.0,0.0
2023-04-20T22:00,29.9,34,6.6,983.3,0.0,0.0
2023-04-20T23:00,28.9,37,5.6,983.4,0.0,0.0
2023-04-21T00:00,28.1,40,21.9,985.6,0.0,0.0
2023-04-21T01:00,27.4,47,4.4,984.3,0.0,0.0
2023-04-21T02:00,26.8,48,19.2,983.7,0.0,0.0
2023-04-21T03:00,26.7,50,12.3,983.6,0.0,0.0
2023-04-21T04:00,26.4,52,10.5,983.6,0.0,0.0
2023-04-21T05:00,22.3,90,8.7,985.9,0.0,0.2
2023-04-21T06:00,22.4,91,16.4,985.7,0.0,0.3
2023-04-21T07:00,23.7,84,8.7,986.4,141.5,0.0
2023-04-21T08:00,25.5,72,8.1,986.8,149.8,0.0
2023-04-21T09:00,28.3,59,7.1,987.3,340.3,0.0
2023-04-21T10:00,31.1,48,5.4,986.7,432.1,0.0
2023-04-21T11:00,33.5,39,5.8,985.8,529.2,0.0
2023-04-21T12:00,35.6,32,5.4,984.8,741.3,0.0
2023-04-21T13:00,36.7,27,4.3,983.3,691.8,0.0
2023-04-21T14:00,37.5,25,6.0,981.9,716.2,0.0
2023-04-21T15:00,37.7,23,6.3,981.3,644.8,0.0
2023-04-21T16:00,36.5,24,14.0,981.3,506.8,0.0
2023-04-21T17:00,34.4,30,10.8,981.7,176.2,0.0
2023-04-21T18:00,32.4,35,3.4,982.3,84.3,0.0
2023-04-21T19:00,30.4,40,6.6,982.7,0.0,0.0
2023-04-21T20:00,29.3,43,3.3,983.3,0.0,0.0
2023-04-21T21:00,28.7,47,6.9,984.1,0.0,0.0
2023-04-21T22:00,28.5,45,7.1,984.3,0.0,0.0
2023-04-21T23:00,27.2,48,6.5,983.7,0.0,0.0
2023-04-22T00:00,26.8,51,7.9,982.8,0.0,0.0
2023-04-22T01:00,27.2,49,6.5,982.0,0.0,0.0
2023-04-22T02:00,27.8,47,5.4,981.6,0.0,0.0
2023-04-22T03:00,25.5,56,6.5,981.1,0.0,0.0
2023-04-22T04:00,24.7,61,7.0,981.5,0.0,0.0
2023-04-22T05:00,24.8,63,7.2,982.9,0.0,0.0
2023-04-22T06:00,25.8,60,3.3,983.8,41.3,0.0
2023-04-22T07:00,28.1,52,5.1,985.1,291.6,0.0
2023-04-22T08:00,30.2,45,2.3,986.1,426.9,0.0
2023-04-22T09:00,32.1,40,1.9,986.3,585.6,0.0
2023-04-22T10:00,34.1,36,5.9,985.7,710.6,0.0
2023-04-22T11:00,35.6,33,8.7,984.8,722.5,0.0
2023-04-22T12:00,37.0,29,7.4,983.8,752.8,0.0
2023-04-22T13:00,37.6,28,8.8,982.4,625.2,0.0
2023-04-22T14:00,37.8,26,7.9,981.0,581.6,0.0
2023-04-22T15:00,36.0,27,16.6,980.5,170.4,0.0
2023-04-22T16:00,32.0,41,5.2,982.0,223.2,0.0
2023-04-22T17:00,32.9,39,8.0,980.3,266.5,0.0
2023-04-22T18:00,31.2,45,4.1,981.1,105.0,0.0
2023-04-22T19:00,29.4,51,4.0,981.5,0.0,0.0
2023-04-22T20:00,29.1,55,9.6,982.2,0.0,0.0
2023-04-22T21:00,28.2,58,14.8,982.7,0.0,0.0
2023-04-22T22:00,27.1,59,14.5,983.3,0.0,0.0
2023-04-22T23:00,26.2,60,8.0,983.9,0.0,0.0
2023-04-23T00:00,25.5,64,11.3,983.5,0.0,0.0
2023-04-23T01:00,25.0,66,10.3,982.6,0.0,0.0
2023-04-23T02:00,23.8,72,4.3,982.8,0.0,0.0
2023-04-23T03:00,23.9,72,6.8,982.7,0.0,0.0
2023-04-23T04:00,23.4,74,5.0,983.5,0.0,0.0
2023-04-23T05:00,22.9,81,9.4,984.2,0.0,0.0
2023-04-23T06:00,23.6,78,7.7,985.3,40.8,0.0
2023-04-23T07:00,25.5,69,8.7,986.5,318.8,0.0
2023-04-23T08:00,27.8,60,8.7,986.7,518.6,0.0
2023-04-23T09:00,30.2,51,7.9,986.9,658.2,0.0
2023-04-23T10:00,32.4,42,8.2,986.4,728.4,0.0
2023-04-23T11:00,34.0,34,9.6,985.5,752.3,0.0
2023-04-23T12:00,35.1,30,8.7,984.6,730.9,0.0
2023-04-23T13:00,35.5,28,7.2,983.4,643.4,0.0
2023-04-23T14:00,35.5,27,6.7,982.3,585.7,0.0
2023-04-23T15:00,35.4,27,6.4,981.9,505.5,0.0
2023-04-23T16:00,35.1,28,5.2,981.6,489.8,0.0
2023-04-23T17:00,30.5,52,10.6,981.9,359.1,0.0
2023-04-23T18:00,29.3,55,7.3,982.3,118.7,0.0
2023-04-23T19:00,28.4,59,7.1,983.1,0.0,0.0
2023-04-23T20:00,27.4,63,7.2,984.2,0.0,0.0
2023-04-23T21:00,27.0,65,16.0,985.3,0.0,0.0
2023-04-23T22:00,26.9,64,10.1,986.1,0.0,0.0
2023-04-23T23:00,26.6,66,1.9,986.8,0.0,0.0
2023-04-24T00:00,25.9,67,13.4,986.1,0.0,0.0
2023-04-24T01:00,24.8,71,12.1,985.5,0.0,0.0
2023-04-24T02:00,24.1,75,13.7,985.2,0.0,0.0
2023-04-24T03:00,23.8,78,13.9,985.0,0.0,0.0
2023-04-24T04:00,23.4,80,14.4,984.9,0.0,0.0
2023-04-24T05:00,24.2,82,11.5,985.6,0.0,0.0
2023-04-24T06:00,24.9,80,10.0,986.7,50.3,0.0
2023-04-24T07:00,26.4,74,11.4,987.4,330.8,0.0
2023-04-24T08:00,28.5,69,10.9,988.0,532.6,0.0
2023-04-24T09:00,30.4,63,10.8,988.2,658.0,0.0
2023-04-24T10:00,32.1,55,8.9,988.0,715.4,0.0
2023-04-24T11:00,33.9,45,6.8,987.5,710.3,0.0
2023-04-24T12:00,35.2,35,5.4,986.6,640.3,0.0
2023-04-24T13:00,35.4,31,7.6,985.4,368.5,0.0
2023-04-24T14:00,35.4,30,8.7,984.5,416.5,0.0
2023-04-24T15:00,29.3,55,22.2,985.1,421.4,0.1
2023-04-24T16:00,29.6,50,4.9,984.6,171.9,0.0
2023-04-24T17:00,31.7,42,8.9,984.4,265.2,0.0
2023-04-24T18:00,29.9,49,7.5,984.8,125.3,0.0
2023-04-24T19:00,28.0,57,4.3,985.3,0.0,0.0
2023-04-24T20:00,27.6,58,8.6,985.8,0.0,0.0
2023-04-24T21:00,27.3,59,9.7,986.3,0.0,0.0
2023-04-24T22:00,26.9,63,11.9,986.6,0.0,0.0
2023-04-24T23:00,26.6,65,14.0,986.4,0.0,0.0
2023-04-25T00:00,26.7,64,13.4,985.7,0.0,0.0
2023-04-25T01:00,26.3,64,11.8,985.5,0.0,0.0
2023-04-25T02:00,25.7,67,9.7,985.0,0.0,0.0
2023-04-25T03:00,25.5,70,11.4,985.3,0.0,0.0
2023-04-25T04:00,25.6,71,12.1,985.8,0.0,0.0
2023-04-25T05:00,25.1,74,5.5,986.7,0.0,0.0
2023-04-25T06:00,26.5,71,7.7,987.7,49.7,0.0
2023-04-25T07:00,20.1,96,13.6,989.4,187.9,10.7
2023-04-25T08:00,22.7,88,4.7,989.1,0.0,0.0
2023-04-25T09:00,26.1,75,16.6,989.9,321.0,0.0
2023-04-25T10:00,27.7,72,8.9,989.3,356.0,0.0
2023-04-25T11:00,29.9,64,10.5,989.4,461.4,0.0
2023-04-25T12:00,30.5,62,5.8,988.8,155.7,0.0
2023-04-25T13:00,30.4,60,5.8,988.2,172.3,0.4
2023-04-25T14:00,30.9,59,6.2,986.8,342.0,0.0
2023-04-25T15:00,30.1,61,10.6,986.4,418.4,0.0
2023-04-25T16:00,29.4,64,6.0,986.1,204.9,0.0
2023-04-25T17:00,30.5,62,8.9,985.0,70.4,0.0
2023-04-25T18:00,29.1,70,4.5,985.6,62.4,0.0
2023-04-25T19:00,28.3,71,4.1,986.2,0.0,0.0
2023-04-25T20:00,27.4,75,3.9,986.8,0.0,0.0
2023-04-25T21:00,26.7,79,4.7,987.6,0.0,0.0
2023-04-25T22:00,26.3,81,4.1,987.7,0.0,0.0
2023-04-25T23:00,26.0,82,5.4,987.4,0.0,0.0
2023-04-26T00:00,25.7,83,6.8,986.6,0.0,0.0
2023-04-26T01:00,25.5,82,8.5,985.8,0.0,0.0
2023-04-26T02:00,25.1,84,7.1,985.4,0.0,0.0
2023-04-26T03:00,24.8,84,8.7,985.3,0.0,0.0
2023-04-26T04:00,24.6,85,8.9,985.7,0.0,0.0
2023-04-26T05:00,22.6,86,5.8,987.0,0.0,0.0
2023-04-26T06:00,23.5,83,4.8,987.9,49.1,0.0
2023-04-26T07:00,25.4,74,3.6,988.9,314.3,0.0
2023-04-26T08:00,27.6,64,4.6,989.6,526.5,0.0
2023-04-26T09:00,29.6,56,4.3,989.5,607.4,0.0
2023-04-26T10:00,30.9,51,5.3,989.3,385.0,0.0
2023-04-26T11:00,32.6,47,5.7,988.7,581.2,0.0
2023-04-26T12:00,33.9,42,4.4,987.7,599.0,0.0
2023-04-26T13:00,35.1,37,2.4,986.3,581.4,0.0
2023-04-26T14:00,35.5,35,1.6,985.0,513.9,0.0
2023-04-26T15:00,35.6,34,3.2,983.8,485.8,0.0
2023-04-26T16:00,35.5,34,7.6,983.1,493.4,0.0
2023-04-26T17:00,34.9,31,4.6,982.8,393.0,0.0
2023-04-26T18:00,32.2,40,7.4,983.7,145.2,0.0
2023-04-26T19:00,28.6,53,30.6,986.2,0.0,0.3
2023-04-26T20:00,27.0,58,6.3,985.2,0.0,0.0
2023-04-26T21:00,26.0,65,3.4,985.8,0.0,0.0
2023-04-26T22:00,25.5,69,4.6,986.3,0.0,0.0
2023-04-26T23:00,25.9,66,4.1,986.0,0.0,0.0
2023-04-27T00:00,24.5,74,3.8,985.7,0.0,0.0
2023-04-27T01:00,24.1,77,4.7,985.3,0.0,0.0
2023-04-27T02:00,24.0,77,5.4,985.0,0.0,0.0
2023-04-27T03:00,24.2,76,5.2,985.0,0.0,0.0
2023-04-27T04:00,23.6,79,4.7,985.0,0.0,0.0
2023-04-27T05:00,22.4,92,7.2,988.9,0.0,0.0
2023-04-27T06:00,22.7,88,3.8,989.4,19.4,0.0
2023-04-27T07:00,23.9,83,5.0,989.6,170.4,0.0
2023-04-27T08:00,26.6,70,6.9,990.3,488.5,0.0
2023-04-27T09:00,29.1,59,4.9,990.5,603.2,0.0
2023-04-27T10:00,30.9,53,6.4,990.1,625.1,0.0
2023-04-27T11:00,32.7,47,7.4,989.1,699.8,0.0
2023-04-27T12:00,33.3,45,6.8,988.3,576.4,0.0
2023-04-27T13:00,33.6,41,5.4,987.2,540.9,0.0
2023-04-27T14:00,34.0,40,3.9,986.2,468.7,0.0
2023-04-27T15:00,33.8,40,2.5,985.2,305.1,0.0
2023-04-27T16:00,33.7,38,3.7,984.4,456.1,0.0
2023-04-27T17:00,33.6,49,2.9,984.0,134.4,0.0
2023-04-27T18:00,31.6,44,5.9,984.3,0.0,0.0
2023-04-27T19:00,30.1,49,8.8,985.6,0.0,0.0
2023-04-27T20:00,28.7,56,7.5,986.8,0.0,0.0
2023-04-27T21:00,27.6,64,8.2,988.1,0.0,0.0
2023-04-27T22:00,27.0,67,10.9,988.7,0.0,0.0
2023-04-27T23:00,26.6,68,6.3,988.5,0.0,0.1
2023-04-28T00:00,25.9,71,4.6,987.6,0.0,0.0
2023-04-28T01:00,25.0,76,4.8,986.7,0.0,0.0
2023-04-28T02:00,24.7,77,5.6,986.9,0.0,0.0
2023-04-28T03:00,24.3,81,4.7,986.6,0.0,0.0
2023-04-28T04:00,24.2,81,3.1,986.7,0.0,0.0
2023-04-28T05:00,24.2,85,2.3,989.3,0.0,0.0
2023-04-28T06:00,24.5,80,9.7,990.8,38.4,0.0
2023-04-28T07:00,25.5,75,2.7,990.5,100.7,0.0
2023-04-28T08:00,27.4,67,6.0,991.3,253.4,0.0
2023-04-28T09:00,27.8,67,7.7,991.7,127.9,0.0
2023-04-28T10:00,29.9,56,8.0,991.1,199.1,0.0
2023-04-28T11:00,31.1,49,11.6,990.3,218.0,0.0
2023-04-28T12:00,32.3,43,12.6,989.3,360.1,0.0
2023-04-28T13:00,33.1,41,10.5,988.2,413.0,0.0
2023-04-28T14:00,34.2,36,6.1,986.0,695.4,0.0
2023-04-28T15:00,34.6,34,4.9,985.0,650.9,0.0
2023-04-28T16:00,34.4,34,6.4,984.5,579.6,0.0
2023-04-28T17:00,33.2,39,1.3,983.5,374.3,0.0
2023-04-28T18:00,31.0,47,5.5,983.8,27.5,0.0
2023-04-28T19:00,28.8,56,6.4,984.4,0.0,0.0
2023-04-28T20:00,28.6,55,7.3,986.0,0.0,0.0
2023-04-28T21:00,28.2,57,10.1,987.6,0.0,0.0
2023-04-28T22:00,27.7,55,8.8,988.5,0.0,0.0
2023-04-28T23:00,23.4,80,17.7,989.8,0.0,0.2
2023-04-29T00:00,23.8,83,13.9,987.8,0.0,0.1
2023-04-29T01:00,23.3,87,13.9,987.3,0.0,0.0
2023-04-29T02:00,22.8,90,9.0,987.1,0.0,0.0
2023-04-29T03:00,22.5,91,3.1,987.3,0.0,0.0
2023-04-29T04:00,22.7,89,5.4,987.6,0.0,0.0
2023-04-29T05:00,23.8,79,7.5,988.0,0.0,1.1
2023-04-29T06:00,24.3,78,7.1,988.0,47.5,0.0
2023-04-29T07:00,25.5,75,7.4,988.7,317.9,0.0
2023-04-29T08:00,27.8,65,9.0,989.5,509.0,0.0
2023-04-29T09:00,30.3,54,12.3,990.2,635.3,0.0
2023-04-29T10:00,29.6,54,11.4,989.8,191.8,0.0
2023-04-29T11:00,32.0,44,7.6,989.1,388.2,0.0
2023-04-29T12:00,32.9,42,9.4,988.2,462.8,0.0
2023-04-29T13:00,33.8,40,8.3,986.8,649.5,0.0
2023-04-29T14:00,33.9,40,4.1,985.5,417.7,0.0
2023-04-29T15:00,34.5,38,6.4,984.5,533.9,0.0
2023-04-29T16:00,33.5,42,9.8,984.4,493.5,0.0
2023-04-29T17:00,31.8,46,4.3,984.3,147.7,0.0
2023-04-29T18:00,30.4,51,5.2,984.5,109.6,0.0
2023-04-29T19:00,29.2,56,4.2,984.9,0.0,0.0
2023-04-29T20:00,28.6,63,3.7,985.8,0.0,0.0
2023-04-29T21:00,28.0,62,11.4,987.4,0.0,0.0
2023-04-29T22:00,24.8,79,16.5,988.6,0.0,1.0
2023-04-29T23:00,23.0,89,11.0,988.2,0.0,0.1
2023-04-30T00:00,23.4,85,3.2,986.3,0.0,0.1
2023-04-30T01:00,22.9,90,2.4,985.6,0.0,0.0
2023-04-30T02:00,22.4,94,2.3,985.2,0.0,0.0
2023-04-30T03:00,22.5,96,2.3,984.7,0.0,0.0
2023-04-30T04:00,22.4,96,16.8,986.1,0.0,9.6
2023-04-30T05:00,21.8,94,15.9,987.0,0.0,4.9
2023-04-30T06:00,22.3,94,16.3,987.2,0.0,0.5
2023-04-30T07:00,23.2,89,11.0,988.8,113.5,0.3
2023-04-30T08:00,23.3,90,6.1,989.5,0.0,0.4
2023-04-30T09:00,25.2,79,10.9,989.3,256.2,0.0
2023-04-30T10:00,27.2,68,8.8,988.7,404.3,0.0
2023-04-30T11:00,29.1,59,7.2,987.9,312.3,0.0
2023-04-30T12:00,29.5,59,6.2,987.0,261.0,0.2
2023-04-30T13:00,29.5,59,8.2,985.7,303.5,0.0
2023-04-30T14:00,30.2,57,9.8,984.1,425.4,0.1
2023-04-30T15:00,27.8,66,9.1,984.0,406.4,0.3
2023-04-30T16:00,26.6,72,1.9,983.7,0.0,0.3
2023-04-30T17:00,26.1,77,11.1,983.6,339.1,0.0
2023-04-30T18:00,23.8,92,12.0,984.1,0.0,10.3
2023-04-30T19:00,23.9,92,2.4,984.7,0.0,0.2
2023-04-30T20:00,23.3,93,10.4,985.9,0.0,0.2
2023-04-30T21:00,21.9,96,7.7,987.5,0.0,7.7
2023-04-30T22:00,21.8,94,1.3,987.1,0.0,1.0
2023-04-30T23:00,21.8,95,2.4,986.5,0.0,0.0
2023-05-01T00:00,21.4,98,4.4,985.5,0.0,0.0
2023-05-01T01:00,21.5,97,6.0,985.1,0.0,0.0
2023-05-01T02:00,21.3,98,5.0,984.5,0.0,0.0
2023-05-01T03:00,20.7,99,3.9,984.7,0.0,0.0
2023-05-01T04:00,21.4,97,4.0,984.6,0.0,0.0
2023-05-01T05:00,21.8,96,6.6,985.6,0.0,0.0
2023-05-01T06:00,22.6,92,9.8,986.3,46.6,0.0
2023-05-01T07:00,23.8,86,9.2,987.4,281.8,0.0
2023-05-01T08:00,25.0,79,9.6,988.1,128.4,0.0
2023-05-01T09:00,26.2,74,10.9,988.3,160.0,0.2
2023-05-01T10:00,27.2,71,9.8,987.9,131.5,0.2
2023-05-01T11:00,28.1,68,10.6,987.2,178.6,0.0
2023-05-01T12:00,29.0,64,9.7,986.4,128.9,0.0
2023-05-01T13:00,30.1,60,8.9,985.2,249.9,0.0
2023-05-01T14:00,30.7,57,9.4,984.1,230.0,0.0
2023-05-01T15:00,29.8,59,10.6,983.1,214.3,0.0
2023-05-01T16:00,26.3,75,11.4,983.2,219.2,0.5
2023-05-01T17:00,29.5,63,7.2,982.5,260.6,0.0
2023-05-01T18:00,24.4,80,5.2,984.2,122.4,8.1
2023-05-01T19:00,23.9,86,6.6,984.5,0.0,0.1
2023-05-01T20:00,23.8,85,9.0,985.6,0.0,0.1
2023-05-01T21:00,23.4,89,5.1,986.2,0.0,0.0
2023-05-01T22:00,24.0,86,6.0,986.9,0.0,0.0
2023-05-01T23:00,23.8,87,6.8,986.7,0.0,0.0
2023-05-02T00:00,23.8,87,8.4,986.1,0.0,0.0
2023-05-02T01:00,23.5,89,8.4,985.5,0.0,0.0
2023-05-02T02:00,23.3,90,9.5,984.9,0.0,0.0
2023-05-02T03:00,23.3,90,11.2,984.7,0.0,0.0
2023-05-02T04:00,23.1,91,10.3,984.7,0.0,0.0
2023-05-02T05:00,22.9,90,6.0,985.8,0.0,0.0
2023-05-02T06:00,20.5,93,5.7,987.0,18.5,8.2
2023-05-02T07:00,21.4,91,10.2,987.9,17.5,0.0
2023-05-02T08:00,22.1,88,7.2,989.3,155.6,1.5
2023-05-02T09:00,22.8,86,4.1,989.1,20.0,0.1
2023-05-02T10:00,26.3,75,8.4,989.1,508.9,0.0
2023-05-02T11:00,26.6,75,7.4,988.3,68.2,0.0
2023-05-02T12:00,28.5,69,10.5,987.8,349.3,0.0
2023-05-02T13:00,28.3,70,10.9,986.7,145.0,0.0
2023-05-02T14:00,28.4,71,10.7,985.4,399.2,0.0
2023-05-02T15:00,28.5,70,11.8,984.4,400.6,0.0
2023-05-02T16:00,28.5,69,10.7,984.1,358.0,0.0
2023-05-02T17:00,29.2,66,5.7,983.6,323.6,0.0
2023-05-02T18:00,27.1,77,7.6,984.3,128.8,0.0
2023-05-02T19:00,26.1,76,11.6,985.4,0.0,0.0
2023-05-02T20:00,24.9,77,9.7,986.3,0.0,0.0
2023-05-02T21:00,25.1,77,10.1,987.3,0.0,0.0
2023-05-02T22:00,24.5,81,5.6,988.1,0.0,0.0
2023-05-02T23:00,21.8,97,11.8,988.3,0.0,2.0
2023-05-03T00:00,21.6,92,15.1,987.4,0.0,0.1
2023-05-03T01:00,22.0,93,4.5,987.1,0.0,0.9
2023-05-03T02:00,22.1,94,6.1,987.0,0.0,0.7
2023-05-03T03:00,21.9,95,6.1,986.7,0.0,0.2
2023-05-03T04:00,21.9,95,5.8,987.2,0.0,0.0
2023-05-03T05:00,22.1,94,2.3,987.8,0.0,0.0
2023-05-03T06:00,22.6,94,4.0,988.7,54.9,0.0
2023-05-03T07:00,24.2,88,3.2,989.3,309.4,0.0
2023-05-03T08:00,26.2,79,2.5,990.0,463.5,0.0
2023-05-03T09:00,27.0,76,5.7,990.6,105.4,0.2
2023-05-03T10:00,25.7,78,5.6,990.7,46.9,0.7
2023-05-03T11:00,25.9,79,5.5,990.1,48.3,0.5
2023-05-03T12:00,28.2,73,2.1,989.4,401.5,0.0
2023-05-03T13:00,29.4,69,3.1,987.6,431.7,0.0
2023-05-03T14:00,29.9,66,4.5,986.2,400.2,0.0
2023-05-03T15:00,30.1,63,4.9,985.2,388.5,0.0
2023-05-03T16:00,29.1,66,3.8,984.6,19.1,0.0
2023-05-03T17:00,28.9,66,4.0,985.0,22.1,0.0
2023-05-03T18:00,26.7,80,6.4,985.2,148.6,0.0
2023-05-03T19:00,26.0,78,6.8,985.6,0.0,0.0
2023-05-03T20:00,25.2,82,5.9,986.7,0.0,0.0
2023-05-03T21:00,24.4,87,6.5,987.4,0.0,0.0
2023-05-03T22:00,24.2,88,4.9,987.7,0.0,0.0
2023-05-03T23:00,23.3,93,6.9,987.5,0.0,0.0
2023-05-04T00:00,23.2,93,4.7,987.0,0.0,0.0
2023-05-04T01:00,23.1,93,6.3,986.4,0.0,0.0
2023-05-04T02:00,22.8,94,6.2,986.0,0.0,0.0
2023-05-04T03:00,22.6,94,6.0,985.8,0.0,0.0
2023-05-04T04:00,22.4,95,5.8,986.1,0.0,0.0
2023-05-04T05:00,22.3,96,4.9,986.4,0.0,0.0
2023-05-04T06:00,23.8,91,5.2,987.1,63.6,0.0
2023-05-04T07:00,25.4,85,4.6,988.3,324.8,0.0
2023-05-04T08:00,27.1,79,5.6,989.0,522.9,0.0
2023-05-04T09:00,28.7,70,4.8,989.2,537.5,0.1
2023-05-04T10:00,29.9,64,3.3,989.1,551.3,0.1
2023-05-04T11:00,31.0,61,4.9,988.3,601.9,0.0
2023-05-04T12:00,31.5,58,6.4,987.4,605.5,0.0
2023-05-04T13:00,31.5,55,2.2,986.3,362.7,0.0
2023-05-04T14:00,29.3,62,13.3,985.7,53.8,0.1
2023-05-04T15:00,28.9,66,9.9,984.6,179.6,0.0
2023-05-04T16:00,30.0,61,6.1,984.2,443.8,0.0
2023-05-04T17:00,31.0,57,7.8,983.3,368.7,0.0
2023-05-04T18:00,28.8,61,6.5,983.5,141.4,0.0
2023-05-04T19:00,28.0,62,7.4,984.1,0.0,0.0
2023-05-04T20:00,26.6,72,8.6,985.0,0.0,0.0
2023-05-04T21:00,26.7,66,11.5,986.2,0.0,0.0
2023-05-04T22:00,25.6,71,3.7,986.3,0.0,0.0
2023-05-04T23:00,24.8,78,5.5,985.9,0.0,0.0
2023-05-05T00:00,25.4,74,8.3,986.0,0.0,0.0
2023-05-05T01:00,25.0,76,6.6,985.8,0.0,0.0
2023-05-05T02:00,24.5,80,6.8,985.2,0.0,0.0
2023-05-05T03:00,24.3,82,5.0,984.9,0.0,0.0
2023-05-05T04:00,24.5,79,3.1,985.1,0.0,0.0
2023-05-05T05:00,23.6,84,8.3,986.1,0.0,0.0
2023-05-05T06:00,24.2,84,6.4,986.5,45.0,0.0
2023-05-05T07:00,25.5,80,7.7,987.3,195.8,0.0
2023-05-05T08:00,27.6,70,5.3,987.7,418.0,0.0
2023-05-05T09:00,29.6,64,4.8,987.6,458.6,0.0
2023-05-05T10:00,31.0,59,4.2,987.6,574.2,0.0
2023-05-05T11:00,31.8,56,4.3,986.6,399.3,0.0
2023-05-05T12:00,32.2,55,5.5,985.9,501.8,0.0
2023-05-05T13:00,32.7,53,8.2,984.8,488.9,0.0
2023-05-05T14:00,26.4,85,13.7,984.2,47.0,2.2
2023-05-05T15:00,26.2,85,6.2,983.4,69.9,0.9
2023-05-05T16:00,29.2,69,2.6,983.0,467.6,0.0
2023-05-05T17:00,30.0,66,6.3,982.5,340.3,0.0
2023-05-05T18:00,27.9,77,5.4,983.1,134.2,0.0
2023-05-05T19:00,27.0,84,5.9,983.8,0.0,0.0
2023-05-05T20:00,26.0,88,6.8,984.5,0.0,0.0
2023-05-05T21:00,25.6,87,6.7,985.2,0.0,0.0
2023-05-05T22:00,25.8,83,4.8,985.4,0.0,0.0
2023-05-05T23:00,26.2,78,6.4,985.1,0.0,0.0
2023-05-06T00:00,26.0,77,6.2,984.4,0.0,0.0
2023-05-06T01:00,25.8,80,4.7,983.8,0.0,0.0
2023-05-06T02:00,24.9,84,1.8,983.4,0.0,0.0
2023-05-06T03:00,24.6,85,3.6,983.6,0.0,0.0
2023-05-06T04:00,24.2,88,0.4,983.7,0.0,0.0
2023-05-06T05:00,25.2,83,5.9,984.8,0.0,0.0
2023-05-06T06:00,25.5,80,7.9,985.0,44.7,0.0
2023-05-06T07:00,27.0,76,5.1,985.8,300.5,0.0
2023-05-06T08:00,29.6,66,5.2,986.5,467.6,0.0
2023-05-06T09:00,31.8,58,5.2,986.6,584.1,0.0
2023-05-06T10:00,33.4,50,6.6,986.6,685.9,0.0
2023-05-06T11:00,34.2,47,7.6,986.0,628.6,0.0
2023-05-06T12:00,34.8,45,8.4,985.1,614.2,0.0
2023-05-06T13:00,35.0,44,8.9,984.0,548.3,0.0
2023-05-06T14:00,34.7,43,10.1,982.7,399.7,0.0
2023-05-06T15:00,34.7,43,9.4,981.9,358.8,0.0
2023-05-06T16:00,34.0,45,8.4,981.6,292.3,0.0
2023-05-06T17:00,34.4,64,3.4,981.2,249.1,0.1
2023-05-06T18:00,31.2,51,7.4,981.8,133.8,0.0
2023-05-06T19:00,29.8,59,7.6,982.6,0.0,0.0
2023-05-06T20:00,29.6,60,5.4,983.6,0.0,0.0
2023-05-06T21:00,28.8,63,3.1,984.4,0.0,0.0
2023-05-06T22:00,27.6,67,7.6,984.5,0.0,0.0
2023-05-06T23:00,27.8,64,7.4,984.2,0.0,0.0
2023-05-07T00:00,26.1,76,8.6,983.5,0.0,0.0
2023-05-07T01:00,25.5,77,5.5,983.3,0.0,0.0
2023-05-07T02:00,25.3,80,4.9,982.8,0.0,0.0
2023-05-07T03:00,24.8,81,3.2,983.0,0.0,0.0
2023-05-07T04:00,24.1,85,2.9,983.0,0.0,0.0
2023-05-07T05:00,24.8,85,5.5,984.0,0.0,0.0
2023-05-07T06:00,26.5,78,0.5,984.8,62.1,0.0
2023-05-07T07:00,28.4,71,7.9,985.8,292.1,0.0
2023-05-07T08:00,30.8,60,9.4,986.1,468.4,0.0
2023-05-07T09:00,32.7,55,10.4,986.3,628.7,0.0
2023-05-07T10:00,34.3,49,9.4,985.9,686.5,0.0
2023-05-07T11:00,35.6,44,7.9,985.3,703.7,0.0
2023-05-07T12:00,36.6,40,6.1,984.6,726.5,0.0
2023-05-07T13:00,37.3,37,5.6,983.5,722.7,0.0
2023-05-07T14:00,37.5,35,6.9,982.1,683.8,0.0
2023-05-07T15:00,36.9,34,10.3,981.6,565.5,0.0
2023-05-07T16:00,37.0,32,8.2,981.3,487.2,0.0
2023-05-07T17:00,33.2,42,12.7,982.7,289.4,0.0
2023-05-07T18:00,25.3,78,12.7,983.2,46.7,3.7
2023-05-07T19:00,27.2,71,16.2,983.8,0.0,0.0
2023-05-07T20:00,27.2,70,10.2,984.5,0.0,0.0
2023-05-07T21:00,26.3,77,7.5,985.2,0.0,0.0
2023-05-07T22:00,26.2,75,5.8,985.2,0.0,0.0
2023-05-07T23:00,25.5,80,6.3,984.4,0.0,0.0
2023-05-08T00:00,26.4,74,6.5,983.5,0.0,0.0
2023-05-08T01:00,24.9,83,7.5,983.0,0.0,0.0
2023-05-08T02:00,25.1,80,6.2,982.4,0.0,0.0
2023-05-08T03:00,24.6,82,6.7,982.3,0.0,0.0
2023-05-08T04:00,24.3,84,4.5,982.7,0.0,0.0
2023-05-08T05:00,26.8,75,3.8,983.2,0.0,0.0
2023-05-08T06:00,28.1,72,4.1,983.9,70.4,0.0
2023-05-08T07:00,30.1,64,5.8,984.9,307.5,0.0
2023-05-08T08:00,32.0,56,7.6,985.5,449.8,0.0
2023-05-08T09:00,33.9,50,7.7,985.5,565.7,0.0
2023-05-08T10:00,35.8,43,9.8,985.4,637.1,0.0
2023-05-08T11:00,37.1,37,10.1,984.8,701.3,0.0
2023-05-08T12:00,38.1,33,7.3,984.0,674.1,0.0
2023-05-08T13:00,38.7,33,6.8,983.1,676.3,0.0
2023-05-08T14:00,38.7,32,8.7,982.0,635.5,0.0
2023-05-08T15:00,38.0,33,9.7,981.1,465.0,0.0
2023-05-08T16:00,37.6,32,5.8,980.7,308.9,0.0
2023-05-08T17:00,36.4,36,6.5,981.0,305.0,0.0
2023-05-08T18:00,33.4,47,8.9,981.6,132.8,0.0
2023-05-08T19:00,32.3,46,7.5,982.3,0.0,0.0
2023-05-08T20:00,31.5,48,5.2,982.8,0.0,0.0
2023-05-08T21:00,31.1,51,13.4,983.7,0.0,0.0
2023-05-08T22:00,30.5,53,8.6,984.0,0.0,0.0
2023-05-08T23:00,29.4,58,8.8,984.2,0.0,0.0
2023-05-09T00:00,29.3,59,8.4,983.9,0.0,0.0
2023-05-09T01:00,28.5,62,9.7,983.7,0.0,0.0
2023-05-09T02:00,28.0,65,9.2,983.2,0.0,0.0
2023-05-09T03:00,26.9,72,4.7,983.4,0.0,0.0
2023-05-09T04:00,26.9,72,8.9,983.4,0.0,0.0
2023-05-09T05:00,28.6,65,9.3,983.9,0.0,0.0
2023-05-09T06:00,29.1,66,6.5,984.6,61.2,0.0
2023-05-09T07:00,31.1,61,4.0,985.1,336.2,0.0
2023-05-09T08:00,33.9,53,7.2,986.1,520.4,0.0
2023-05-09T09:00,36.0,42,11.2,986.3,641.3,0.0
2023-05-09T10:00,37.7,34,8.3,985.9,706.6,0.0
2023-05-09T11:00,38.9,29,8.1,984.9,714.6,0.0
2023-05-09T12:00,39.6,28,9.7,984.4,674.9,0.0
2023-05-09T13:00,39.6,27,9.8,983.9,624.9,0.0
2023-05-09T14:00,39.6,27,9.5,982.8,611.8,0.0
2023-05-09T15:00,39.5,27,9.7,981.9,562.2,0.0
2023-05-09T16:00,38.6,27,13.1,981.3,546.4,0.0
2023-05-09T17:00,36.5,35,7.2,981.9,355.8,0.0
2023-05-09T18:00,33.1,41,9.4,982.7,119.2,0.0
2023-05-09T19:00,32.5,41,4.7,983.2,0.0,0.0
2023-05-09T20:00,31.7,45,8.2,983.9,0.0,0.0
2023-05-09T21:00,30.5,56,5.5,984.5,0.0,0.0
2023-05-09T22:00,29.7,56,5.0,984.8,0.0,0.0
2023-05-09T23:00,28.5,61,5.6,984.3,0.0,0.0
2023-05-10T00:00,28.0,61,4.9,983.8,0.0,0.0
2023-05-10T01:00,28.9,56,2.6,983.7,0.0,0.0
2023-05-10T02:00,27.2,66,5.8,982.8,0.0,0.0
2023-05-10T03:00,27.2,66,8.5,982.6,0.0,0.0
2023-05-10T04:00,26.9,67,6.9,982.7,0.0,0.0
2023-05-10T05:00,26.7,76,5.8,983.6,0.0,0.0
2023-05-10T06:00,28.5,72,8.2,984.4,60.8,0.0
2023-05-10T07:00,30.9,65,8.1,985.2,307.8,0.0
2023-05-10T08:00,33.3,58,7.3,985.4,507.8,0.0
2023-05-10T09:00,35.7,50,8.4,985.8,581.3,0.0
2023-05-10T10:00,38.0,39,8.8,985.4,619.9,0.0
2023-05-10T11:00,39.7,26,7.2,984.6,645.3,0.0
2023-05-10T12:00,40.6,21,8.5,983.7,640.6,0.0
2023-05-10T13:00,40.9,20,12.2,982.8,565.2,0.0
2023-05-10T14:00,40.6,19,17.4,981.7,589.3,0.0
2023-05-10T15:00,39.9,20,17.4,981.2,592.2,0.0
2023-05-10T16:00,39.5,20,13.4,981.0,390.8,0.0
2023-05-10T17:00,38.6,22,13.3,981.2,392.8,0.0
2023-05-10T18:00,36.0,23,12.0,981.7,164.9,0.0
2023-05-10T19:00,34.0,24,8.7,982.2,0.0,0.0
2023-05-10T20:00,32.0,29,7.7,982.7,0.0,0.0
2023-05-10T21:00,30.4,34,7.9,983.0,0.0,0.0
2023-05-10T22:00,28.6,42,11.2,983.2,0.0,0.0
2023-05-10T23:00,28.7,41,8.3,983.4,0.0,0.0
2023-05-11T00:00,27.6,43,9.6,983.2,0.0,0.0
2023-05-11T01:00,27.4,43,9.6,983.6,0.0,0.0
2023-05-11T02:00,25.9,50,8.8,983.1,0.0,0.0
2023-05-11T03:00,26.3,48,4.1,983.3,0.0,0.0
2023-05-11T04:00,25.9,50,3.1,983.8,0.0,0.0
2023-05-11T05:00,24.2,63,8.4,983.9,0.0,0.0
2023-05-11T06:00,27.3,57,2.1,984.8,86.3,0.0
2023-05-11T07:00,30.1,47,1.6,985.7,369.7,0.0
2023-05-11T08:00,33.1,39,5.8,986.6,562.7,0.0
2023-05-11T09:00,35.8,34,4.1,986.7,672.4,0.0
2023-05-11T10:00,38.0,31,1.8,986.6,734.9,0.0
2023-05-11T11:00,40.0,22,3.7,985.9,759.1,0.0
2023-05-11T12:00,41.5,14,7.1,985.1,729.9,0.0
2023-05-11T13:00,42.2,12,10.1,983.7,780.5,0.0
2023-05-11T14:00,42.0,11,16.6,982.6,757.9,0.0
2023-05-11T15:00,41.3,11,16.8,982.1,708.9,0.0
2023-05-11T16:00,40.8,12,13.4,981.9,617.4,0.0
2023-05-11T17:00,39.2,15,7.4,981.9,453.9,0.0
2023-05-11T18:00,33.7,23,10.8,982.0,190.7,0.0
2023-05-11T19:00,33.8,20,6.1,982.4,0.0,0.0
2023-05-11T20:00,30.6,26,10.2,982.4,0.0,0.0
2023-05-11T21:00,31.3,24,7.3,982.4,0.0,0.0
2023-05-11T22:00,27.7,30,7.9,982.9,0.0,0.0
2023-05-11T23:00,27.8,27,8.7,983.2,0.0,0.0
2023-05-12T00:00,29.3,22,5.6,982.8,0.0,0.0
2023-05-12T01:00,25.8,36,8.6,983.0,0.0,0.0
2023-05-12T02:00,24.5,36,5.9,982.0,0.0,0.0
2023-05-12T03:00,24.7,38,6.5,982.2,0.0,0.0
2023-05-12T04:00,26.1,35,4.5,982.9,0.0,0.0
2023-05-12T05:00,25.4,47,5.0,983.6,0.0,0.0
2023-05-12T06:00,26.4,54,1.0,984.0,94.4,0.0
2023-05-12T07:00,29.2,44,1.9,985.1,381.4,0.0
2023-05-12T08:00,32.8,35,2.2,986.3,575.1,0.0
2023-05-12T09:00,35.8,28,2.9,986.3,685.8,0.0
2023-05-12T10:00,38.6,21,4.2,986.0,749.7,0.0
2023-05-12T11:00,40.7,15,7.1,985.3,780.9,0.0
2023-05-12T12:00,41.6,12,11.8,984.3,791.0,0.0
2023-05-12T13:00,41.7,12,15.3,983.1,784.5,0.0
2023-05-12T14:00,41.7,12,14.0,982.0,755.4,0.0
2023-05-12T15:00,42.0,11,12.1,981.4,704.5,0.0
2023-05-12T16:00,40.8,12,14.8,981.3,611.6,0.0
2023-05-12T17:00,39.8,13,12.0,980.3,447.4,0.0
2023-05-12T18:00,36.8,14,9.5,980.7,183.5,0.0
2023-05-12T19:00,35.1,15,10.3,981.6,0.0,0.0
2023-05-12T20:00,33.0,19,9.3,982.3,0.0,0.0
2023-05-12T21:00,32.2,19,10.2,982.8,0.0,0.0
2023-05-12T22:00,30.6,21,8.3,983.1,0.0,0.0
2023-05-12T23:00,27.5,31,10.7,982.6,0.0,0.0
2023-05-13T00:00,26.3,33,7.4,982.0,0.0,0.0
2023-05-13T01:00,25.7,37,7.1,981.9,0.0,0.0
2023-05-13T02:00,24.2,44,8.7,981.3,0.0,0.0
2023-05-13T03:00,23.5,47,8.2,981.3,0.0,0.0
2023-05-13T04:00,23.1,48,8.0,981.5,0.0,0.0
2023-05-13T05:00,23.1,51,9.2,982.3,0.0,0.0
2023-05-13T06:00,25.8,47,5.6,983.4,93.8,0.0
2023-05-13T07:00,29.6,38,5.1,984.2,383.2,0.0
2023-05-13T08:00,33.1,30,3.3,985.3,576.0,0.0
2023-05-13T09:00,36.5,24,5.6,985.6,685.2,0.0
2023-05-13T10:00,38.9,18,9.4,985.1,749.4,0.0
2023-05-13T11:00,40.5,15,9.9,984.6,782.8,0.0
2023-05-13T12:00,41.6,12,10.4,983.9,795.9,0.0
2023-05-13T13:00,42.0,11,12.3,982.6,788.5,0.0
2023-05-13T14:00,42.3,11,11.6,981.5,761.9,0.0
2023-05-13T15:00,42.4,10,14.7,980.6,706.8,0.0
2023-05-13T16:00,41.3,11,20.3,980.6,614.3,0.0
2023-05-13T17:00,40.1,14,7.6,980.1,440.8,0.0
2023-05-13T18:00,36.2,15,8.2,980.1,176.3,0.0
2023-05-13T19:00,34.9,16,9.3,980.2,0.0,0.0
2023-05-13T20:00,31.7,23,8.6,981.0,0.0,0.0
2023-05-13T21:00,30.3,23,6.6,981.9,0.0,0.0
2023-05-13T22:00,29.3,26,10.7,982.1,0.0,0.0
2023-05-13T23:00,31.0,22,8.0,981.2,0.0,0.0
2023-05-14T00:00,27.1,28,8.8,981.0,0.0,0.0
2023-05-14T01:00,26.4,32,9.3,980.3,0.0,0.0
2023-05-14T02:00,26.8,31,4.3,979.7,0.0,0.0
2023-05-14T03:00,24.5,41,7.3,979.5,0.0,0.0
2023-05-14T04:00,23.9,43,8.9,979.6,0.0,0.0
2023-05-14T05:00,25.6,35,8.4,980.4,0.0,0.0
2023-05-14T06:00,27.4,32,7.4,981.1,93.3,0.0
2023-05-14T07:00,30.5,29,8.0,982.1,378.4,0.0
2023-05-14T08:00,34.1,24,9.9,982.7,573.2,0.0
2023-05-14T09:00,37.9,20,12.0,983.0,683.3,0.0
2023-05-14T10:00,40.9,17,18.4,982.7,746.7,0.0
2023-05-14T11:00,42.0,14,20.2,982.1,778.5,0.0
2023-05-14T12:00,43.2,12,16.9,981.2,797.8,0.0
2023-05-14T13:00,43.8,10,17.1,980.0,760.7,0.0
2023-05-14T14:00,43.9,10,18.4,978.8,650.0,0.0
2023-05-14T15:00,43.7,9,13.4,978.2,634.2,0.0
2023-05-14T16:00,43.0,10,10.4,977.3,306.8,0.0
2023-05-14T17:00,41.1,11,12.5,978.5,329.8,0.0
2023-05-14T18:00,36.3,15,8.0,978.7,188.7,0.0
2023-05-14T19:00,35.1,14,9.4,978.9,0.0,0.0
2023-05-14T20:00,34.1,17,11.3,979.6,0.0,0.0
2023-05-14T21:00,31.4,23,8.4,979.9,0.0,0.0
2023-05-14T22:00,30.7,25,8.4,980.6,0.0,0.0
2023-05-14T23:00,29.6,29,9.4,980.3,0.0,0.0
2023-05-15T00:00,28.9,28,6.6,980.3,0.0,0.0
2023-05-15T01:00,28.3,32,9.4,979.6,0.0,0.0
2023-05-15T02:00,28.7,29,8.8,979.6,0.0,0.0
2023-05-15T03:00,28.7,30,9.7,979.9,0.0,0.0
2023-05-15T04:00,28.7,33,11.6,980.3,0.0,0.0
2023-05-15T05:00,29.4,37,9.9,981.4,0.0,0.0
2023-05-15T06:00,30.2,38,13.7,982.4,84.4,0.0
2023-05-15T07:00,32.8,35,14.2,983.2,360.7,0.0
2023-05-15T08:00,35.5,30,18.9,984.1,549.3,0.0
2023-05-15T09:00,37.7,25,20.1,984.5,657.5,0.0
2023-05-15T10:00,39.5,22,20.8,984.4,722.1,0.0
2023-05-15T11:00,41.1,18,19.7,983.9,756.4,0.0
2023-05-15T12:00,41.8,16,18.5,983.1,626.1,0.0
2023-05-15T13:00,42.3,15,19.2,982.0,658.1,0.0
2023-05-15T14:00,42.7,15,19.5,981.2,690.1,0.0
2023-05-15T15:00,42.1,16,18.7,980.7,625.9,0.0
2023-05-15T16:00,41.3,16,18.4,980.5,571.8,0.0
2023-05-15T17:00,40.6,16,16.3,980.1,419.8,0.0
2023-05-15T18:00,37.8,19,8.3,980.7,168.6,0.0
2023-05-15T19:00,35.1,24,8.4,981.3,0.0,0.0
2023-05-15T20:00,34.0,26,8.4,981.7,0.0,0.0
2023-05-15T21:00,32.6,29,7.6,982.2,0.0,0.0
2023-05-15T22:00,32.1,30,9.8,982.6,0.0,0.0
2023-05-15T23:00,31.3,31,9.0,982.4,0.0,0.0
2023-05-16T00:00,30.0,33,7.3,981.7,0.0,0.0
2023-05-16T01:00,29.5,34,9.0,981.8,0.0,0.0
2023-05-16T02:00,29.3,36,10.7,981.8,0.0,0.0
2023-05-16T03:00,29.0,37,9.6,982.0,0.0,0.0
2023-05-16T04:00,28.6,39,9.8,982.6,0.0,0.0
2023-05-16T05:00,29.2,41,9.7,983.2,0.0,0.0
2023-05-16T06:00,30.4,41,11.9,984.6,84.0,0.0
2023-05-16T07:00,32.8,37,11.8,985.8,349.6,0.0
2023-05-16T08:00,35.1,34,15.8,986.5,537.1,0.0
2023-05-16T09:00,37.0,32,18.3,986.7,647.3,0.0
2023-05-16T10:00,39.0,27,18.6,986.5,710.2,0.0
2023-05-16T11:00,40.6,22,17.3,985.8,735.4,0.0
2023-05-16T12:00,40.9,20,16.2,984.9,551.9,0.0
2023-05-16T13:00,41.2,19,15.9,984.0,556.5,0.0
2023-05-16T14:00,41.6,18,14.9,983.1,628.5,0.0
2023-05-16T15:00,41.2,18,15.3,982.6,573.1,0.0
2023-05-16T16:00,40.8,17,12.8,982.1,554.0,0.0
2023-05-16T17:00,40.4,16,19.4,981.8,426.8,0.0
2023-05-16T18:00,38.2,16,15.5,982.3,148.6,0.0
2023-05-16T19:00,36.3,18,13.7,982.8,0.0,0.0
2023-05-16T20:00,34.7,20,10.1,983.6,0.0,0.0
2023-05-16T21:00,32.9,25,8.7,984.8,0.0,0.0
2023-05-16T22:00,32.0,28,7.9,985.3,0.0,0.0
2023-05-16T23:00,31.0,29,8.1,985.1,0.0,0.0
2023-05-17T00:00,30.8,30,11.7,984.1,0.0,0.0
2023-05-17T01:00,29.9,33,8.2,983.8,0.0,0.0
2023-05-17T02:00,29.2,35,8.0,983.4,0.0,0.0
2023-05-17T03:00,28.8,38,10.4,983.7,0.0,0.0
2023-05-17T04:00,28.5,39,7.3,984.2,0.0,0.0
2023-05-17T05:00,28.4,43,9.7,984.7,0.0,0.0
2023-05-17T06:00,29.8,42,11.2,985.6,83.7,0.0
2023-05-17T07:00,32.2,38,11.2,986.9,355.1,0.0
2023-05-17T08:00,34.8,35,14.2,987.5,542.2,0.0
2023-05-17T09:00,37.3,31,15.1,987.9,653.9,0.0
2023-05-17T10:00,39.3,24,11.2,987.6,722.8,0.0
2023-05-17T11:00,40.3,20,9.3,986.9,620.4,0.0
2023-05-17T12:00,40.8,19,9.0,986.0,598.0,0.0
2023-05-17T13:00,41.2,18,8.3,984.8,630.3,0.0
2023-05-17T14:00,41.9,17,7.6,983.5,713.2,0.0
2023-05-17T15:00,41.8,17,9.7,982.9,554.5,0.0
2023-05-17T16:00,41.1,19,12.2,982.7,498.7,0.0
2023-05-17T17:00,39.6,21,7.1,983.5,383.1,0.0
2023-05-17T18:00,37.5,28,4.7,983.6,161.0,0.0
2023-05-17T19:00,35.8,26,6.8,984.5,0.0,0.0
2023-05-17T20:00,34.8,24,7.4,985.3,0.0,0.0
2023-05-17T21:00,33.1,27,6.1,985.8,0.0,0.0
2023-05-17T22:00,32.2,30,7.0,985.8,0.0,0.0
2023-05-17T23:00,31.5,31,7.0,985.9,0.0,0.0
2023-05-18T00:00,31.0,33,11.0,985.8,0.0,0.0
2023-05-18T01:00,30.0,37,6.1,984.9,0.0,0.0
2023-05-18T02:00,29.7,38,9.8,984.8,0.0,0.0
2023-05-18T03:00,29.1,41,7.6,984.9,0.0,0.0
2023-05-18T04:00,28.7,45,7.3,985.3,0.0,0.0
2023-05-18T05:00,31.9,42,12.7,985.6,0.0,0.0
2023-05-18T06:00,33.4,42,10.8,986.5,58.3,0.0
2023-05-18T07:00,35.3,39,8.6,987.9,298.8,0.0
2023-05-18T08:00,37.8,32,9.1,988.5,488.2,0.0
2023-05-18T09:00,39.8,24,12.5,988.7,590.5,0.0
2023-05-18T10:00,40.4,23,10.9,988.6,496.1,0.0
2023-05-18T11:00,40.9,22,8.4,988.1,591.2,0.0
2023-05-18T12:00,41.7,21,8.9,987.1,599.0,0.0
2023-05-18T13:00,41.2,22,12.9,986.3,560.5,0.0
2023-05-18T14:00,41.2,20,5.9,984.8,370.4,0.0
2023-05-18T15:00,41.8,20,5.9,983.9,403.5,0.0
2023-05-18T16:00,41.0,20,11.0,983.6,360.0,0.0
2023-05-18T17:00,41.4,17,5.7,983.5,368.8,0.0
2023-05-18T18:00,38.0,21,12.5,983.9,122.0,0.0
2023-05-18T19:00,35.7,26,14.1,984.2,0.0,0.0
2023-05-18T20:00,34.6,29,9.4,984.8,0.0,0.0
2023-05-18T21:00,33.7,32,8.1,985.0,0.0,0.0
2023-05-18T22:00,33.1,31,12.8,985.9,0.0,0.0
2023-05-18T23:00,33.1,32,7.2,985.2,0.0,0.0
2023-05-19T00:00,33.4,31,1.8,984.6,0.0,0.0
2023-05-19T01:00,30.7,37,6.3,984.4,0.0,0.0
2023-05-19T02:00,29.6,40,5.9,983.6,0.0,0.0
2023-05-19T03:00,28.5,45,4.5,983.4,0.0,0.0
2023-05-19T04:00,27.5,50,4.9,983.6,0.0,0.0
2023-05-19T05:00,30.4,40,6.2,984.1,0.0,0.0
2023-05-19T06:00,31.7,38,7.6,985.1,83.0,0.0
2023-05-19T07:00,33.8,34,6.0,986.1,275.4,0.0
2023-05-19T08:00,36.6,29,10.1,987.0,457.2,0.0
2023-05-19T09:00,38.6,25,14.4,987.1,583.2,0.0
2023-05-19T10:00,40.1,21,15.2,986.8,652.9,0.0
2023-05-19T11:00,41.2,19,13.7,986.3,639.2,0.0
2023-05-19T12:00,41.6,18,12.3,985.3,623.0,0.0
2023-05-19T13:00,42.6,17,9.0,984.0,683.5,0.0
2023-05-19T14:00,43.3,16,10.2,982.5,638.1,0.0
2023-05-19T15:00,42.8,16,15.0,982.0,570.9,0.0
2023-05-19T16:00,41.5,16,17.3,981.7,429.4,0.0
2023-05-19T17:00,40.5,18,14.5,982.2,357.3,0.0
2023-05-19T18:00,39.0,19,8.3,982.7,166.3,0.0
2023-05-19T19:00,35.8,26,8.5,983.0,0.0,0.0
2023-05-19T20:00,34.5,28,8.4,983.6,0.0,0.0
2023-05-19T21:00,33.2,31,7.4,984.2,0.0,0.0
2023-05-19T22:00,35.1,25,3.1,984.9,0.0,0.0
2023-05-19T23:00,31.8,33,8.9,984.8,0.0,0.0
2023-05-20T00:00,31.0,40,6.2,984.2,0.0,0.0
2023-05-20T01:00,30.5,44,5.9,983.6,0.0,0.0
2023-05-20T02:00,29.4,50,5.5,983.1,0.0,0.0
2023-05-20T03:00,28.6,53,5.4,983.0,0.0,0.0
2023-05-20T04:00,27.9,56,6.5,983.2,0.0,0.0
2023-05-20T05:00,29.2,58,4.8,983.3,0.0,0.0
2023-05-20T06:00,30.7,55,5.6,984.3,74.5,0.0
2023-05-20T07:00,33.1,49,7.0,985.5,294.1,0.0
2023-05-20T08:00,35.6,40,10.5,986.0,472.0,0.0
2023-05-20T09:00,38.1,27,8.3,986.2,578.8,0.0
2023-05-20T10:00,40.2,21,8.0,985.7,681.9,0.0
2023-05-20T11:00,41.6,17,10.2,984.9,572.3,0.0
2023-05-20T12:00,42.6,15,11.5,983.9,632.1,0.0
2023-05-20T13:00,43.1,14,11.2,982.8,638.3,0.0
2023-05-20T14:00,43.7,13,11.2,981.6,646.8,0.0
2023-05-20T15:00,43.4,13,13.8,981.1,603.2,0.0
2023-05-20T16:00,42.7,13,14.8,980.9,493.5,0.0
2023-05-20T17:00,42.0,13,12.8,981.7,314.1,0.0
2023-05-20T18:00,39.2,16,7.0,982.1,172.1,0.0
2023-05-20T19:00,36.0,22,9.5,982.4,0.0,0.0
2023-05-20T20:00,37.9,17,5.2,983.4,0.0,0.0
2023-05-20T21:00,34.9,23,8.3,984.0,0.0,0.0
2023-05-20T22:00,33.9,27,6.9,984.6,0.0,0.0
2023-05-20T23:00,32.4,31,6.2,984.3,0.0,0.0
2023-05-21T00:00,31.8,33,8.7,983.8,0.0,0.0
2023-05-21T01:00,31.0,37,6.3,983.5,0.0,0.0
2023-05-21T02:00,30.3,40,6.5,982.6,0.0,0.0
2023-05-21T03:00,30.0,42,7.7,982.7,0.0,0.0
2023-05-21T04:00,28.5,49,7.2,983.2,0.0,0.0
2023-05-21T05:00,28.7,64,6.6,984.2,0.0,0.0
2023-05-21T06:00,30.6,59,3.8,985.6,74.2,0.0
2023-05-21T07:00,32.8,51,4.1,986.5,277.3,0.0
2023-05-21T08:00,35.1,40,6.6,987.0,427.9,0.0
2023-05-21T09:00,37.5,32,7.0,987.0,577.3,0.0
2023-05-21T10:00,39.8,26,5.5,986.7,700.4,0.0
2023-05-21T11:00,41.6,20,6.2,985.8,707.1,0.0
2023-05-21T12:00,42.6,18,7.6,985.2,687.2,0.0
2023-05-21T13:00,42.7,18,9.0,984.2,566.5,0.0
2023-05-21T14:00,42.7,16,9.5,983.3,612.1,0.0
2023-05-21T15:00,42.6,16,8.7,982.4,511.3,0.0
2023-05-21T16:00,42.1,16,9.2,982.2,487.8,0.0
2023-05-21T17:00,40.8,17,10.9,982.6,310.6,0.0
2023-05-21T18:00,38.6,19,10.5,983.4,177.8,0.0
2023-05-21T19:00,36.9,20,10.7,984.5,0.0,0.0
2023-05-21T20:00,35.8,24,12.2,985.4,0.0,0.0
2023-05-21T21:00,35.1,25,13.5,986.1,0.0,0.0
2023-05-21T22:00,34.2,28,14.2,986.6,0.0,0.0
2023-05-21T23:00,33.4,30,10.2,986.8,0.0,0.0
2023-05-22T00:00,31.8,34,4.5,986.1,0.0,0.0
2023-05-22T01:00,31.7,35,4.5,985.5,0.0,0.0
2023-05-22T02:00,30.8,36,6.5,985.4,0.0,0.0
2023-05-22T03:00,29.5,41,8.2,985.1,0.0,0.0
2023-05-22T04:00,29.2,43,5.9,985.4,0.0,0.0
2023-05-22T05:00,30.9,40,8.7,986.1,0.0,0.0
2023-05-22T06:00,31.5,39,2.2,987.3,16.4,0.0
2023-05-22T07:00,32.5,38,8.1,988.4,115.9,0.0
2023-05-22T08:00,34.3,35,7.1,989.1,283.2,0.0
2023-05-22T09:00,35.6,34,11.6,989.3,225.5,0.0
2023-05-22T10:00,38.1,28,13.8,988.9,456.5,0.0
2023-05-22T11:00,39.4,24,10.2,988.1,654.9,0.0
2023-05-22T12:00,39.3,23,7.7,987.4,505.7,0.0
2023-05-22T13:00,40.0,21,11.5,986.2,523.5,0.0
2023-05-22T14:00,39.9,21,13.0,985.1,499.3,0.0
2023-05-22T15:00,40.2,20,9.2,984.4,466.6,0.0
2023-05-22T16:00,39.9,19,7.6,984.0,505.9,0.0
2023-05-22T17:00,41.9,14,11.4,982.7,388.5,0.0
2023-05-22T18:00,38.5,18,5.9,983.2,151.9,0.0
2023-05-22T19:00,35.9,22,7.1,984.0,0.0,0.0
2023-05-22T20:00,35.8,23,6.1,984.9,0.0,0.0
2023-05-22T21:00,34.2,28,7.4,985.7,0.0,0.0
2023-05-22T22:00,33.3,28,7.6,986.1,0.0,0.0
2023-05-22T23:00,31.8,30,6.6,986.1,0.0,0.0
2023-05-23T00:00,32.2,30,8.9,985.6,0.0,0.0
2023-05-23T01:00,31.2,33,6.8,985.0,0.0,0.0
2023-05-23T02:00,29.6,39,5.4,985.3,0.0,0.0
2023-05-23T03:00,29.5,41,6.8,985.6,0.0,0.0
2023-05-23T04:00,29.1,45,6.2,985.8,0.0,0.0
2023-05-23T05:00,28.5,63,10.0,987.3,0.0,0.0
2023-05-23T06:00,29.7,58,8.3,988.3,90.2,0.0
2023-05-23T07:00,31.8,48,11.5,988.7,350.2,0.0
2023-05-23T08:00,34.7,38,8.7,989.1,533.7,0.0
2023-05-23T09:00,37.7,29,8.9,988.9,645.7,0.0
2023-05-23T10:00,40.0,23,5.8,988.9,709.7,0.0
2023-05-23T11:00,41.4,19,5.2,988.0,735.4,0.0
2023-05-23T12:00,42.2,17,5.4,986.7,631.1,0.0
2023-05-23T13:00,42.8,16,5.0,985.6,657.6,0.0
2023-05-23T14:00,42.6,16,4.1,984.3,570.5,0.0
2023-05-23T15:00,42.4,16,3.3,983.5,532.9,0.0
2023-05-23T16:00,41.9,16,3.3,982.9,456.1,0.0
2023-05-23T17:00,40.8,17,12.6,982.4,335.1,0.0
2023-05-23T18:00,38.9,19,9.3,982.7,164.0,0.0
2023-05-23T19:00,36.7,22,6.3,983.4,0.0,0.0
2023-05-23T20:00,35.5,25,8.0,984.1,0.0,0.0
2023-05-23T21:00,34.6,28,7.9,984.5,0.0,0.0
2023-05-23T22:00,32.8,33,5.6,984.8,0.0,0.0
2023-05-23T23:00,31.7,36,6.1,985.0,0.0,0.0
2023-05-24T00:00,32.3,35,6.6,985.0,0.0,0.0
2023-05-24T01:00,31.8,36,5.7,984.7,0.0,0.0
2023-05-24T02:00,30.1,39,6.5,984.1,0.0,0.0
2023-05-24T03:00,30.5,38,6.1,984.2,0.0,0.0
2023-05-24T04:00,29.8,40,6.1,984.5,0.0,0.0
2023-05-24T05:00,30.2,45,7.7,985.1,0.0,0.0
2023-05-24T06:00,31.9,41,5.6,985.4,65.5,0.0
2023-05-24T07:00,34.1,37,12.4,986.5,282.3,0.0
2023-05-24T08:00,36.7,31,13.7,986.8,486.0,0.0
2023-05-24T09:00,38.7,27,12.2,986.9,634.4,0.0
2023-05-24T10:00,40.5,23,9.4,986.5,700.5,0.0
2023-05-24T11:00,41.8,21,7.4,985.7,660.2,0.0
2023-05-24T12:00,42.2,20,7.9,984.4,556.9,0.0
2023-05-24T13:00,42.9,19,7.9,983.3,606.4,0.0
2023-05-24T14:00,43.0,18,7.9,982.2,614.9,0.0
2023-05-24T15:00,39.8,24,22.1,982.5,515.6,0.1
2023-05-24T16:00,37.8,25,9.4,982.1,260.8,0.1
2023-05-24T17:00,41.0,19,12.0,981.5,198.4,0.0
2023-05-24T18:00,39.4,21,10.8,982.5,131.9,0.0
2023-05-24T19:00,37.5,23,9.4,982.9,0.0,0.0
2023-05-24T20:00,36.7,24,10.3,983.9,0.0,0.0
2023-05-24T21:00,36.2,25,11.1,984.4,0.0,0.0
2023-05-24T22:00,35.4,27,11.6,985.1,0.0,0.0
2023-05-24T23:00,34.5,29,10.6,984.8,0.0,0.0
2023-05-25T00:00,33.7,32,14.9,984.7,0.0,0.0
2023-05-25T01:00,33.5,34,12.9,983.7,0.0,0.0
2023-05-25T02:00,32.9,35,9.4,983.2,0.0,0.0
2023-05-25T03:00,32.3,36,10.5,983.4,0.0,0.0
2023-05-25T04:00,32.2,36,12.3,983.8,0.0,0.0
2023-05-25T05:00,30.9,54,12.4,985.6,0.0,0.0
2023-05-25T06:00,30.4,57,7.4,986.0,49.0,0.0
2023-05-25T07:00,32.9,49,14.0,986.7,237.1,0.0
2023-05-25T08:00,35.5,35,16.0,986.7,423.2,0.0
2023-05-25T09:00,37.4,30,15.4,986.7,526.6,0.0
2023-05-25T10:00,39.4,24,13.6,986.5,643.6,0.0
2023-05-25T11:00,41.0,21,15.8,985.3,723.0,0.0
2023-05-25T12:00,41.8,19,16.6,984.5,721.5,0.0
2023-05-25T13:00,42.1,18,16.0,983.4,552.0,0.0
2023-05-25T14:00,42.1,18,18.8,982.3,564.6,0.0
2023-05-25T15:00,41.3,19,18.7,982.0,414.8,0.0
2023-05-25T16:00,40.9,20,17.3,981.7,422.7,0.0
2023-05-25T17:00,40.2,19,22.0,981.7,341.0,0.0
2023-05-25T18:00,38.9,20,14.1,982.2,137.7,0.0
2023-05-25T19:00,37.5,21,14.4,982.7,0.0,0.0
2023-05-25T20:00,36.7,22,12.6,983.6,0.0,0.0
2023-05-25T21:00,34.5,24,7.1,984.0,0.0,0.0
2023-05-25T22:00,32.6,31,6.0,984.5,0.0,0.0
2023-05-25T23:00,31.6,33,5.7,984.6,0.0,0.0
2023-05-26T00:00,30.4,37,7.2,983.9,0.0,0.0
2023-05-26T01:00,30.2,36,6.5,983.7,0.0,0.0
2023-05-26T02:00,29.5,36,5.9,983.5,0.0,0.0
2023-05-26T03:00,29.2,36,7.8,983.8,0.0,0.0
2023-05-26T04:00,29.2,35,10.1,984.4,0.0,0.0
2023-05-26T05:00,30.9,33,13.0,984.6,0.0,0.0
2023-05-26T06:00,32.6,33,14.6,985.5,97.9,0.0
2023-05-26T07:00,34.2,33,19.4,986.8,364.8,0.0
2023-05-26T08:00,35.1,32,23.2,987.8,531.3,0.0
2023-05-26T09:00,36.6,28,22.8,988.0,642.8,0.0
2023-05-26T10:00,38.0,25,21.0,987.7,707.6,0.0
2023-05-26T11:00,39.5,21,19.6,986.6,747.1,0.0
2023-05-26T12:00,40.2,18,18.6,985.8,615.2,0.0
2023-05-26T13:00,40.7,16,18.8,984.6,605.3,0.0
2023-05-26T14:00,41.1,15,18.8,983.7,601.2,0.0
2023-05-26T15:00,41.0,15,19.2,983.1,589.2,0.0
2023-05-26T16:00,40.2,16,18.5,982.5,553.9,0.0
2023-05-26T17:00,39.9,17,19.5,983.0,420.5,0.0
2023-05-26T18:00,38.4,18,11.8,983.3,193.2,0.0
2023-05-26T19:00,36.3,20,8.3,983.5,0.0,0.0
2023-05-26T20:00,35.7,20,10.4,984.3,0.0,0.0
2023-05-26T21:00,34.8,22,11.2,984.9,0.0,0.0
2023-05-26T22:00,32.8,26,6.3,985.2,0.0,0.0
2023-05-26T23:00,31.4,29,6.2,984.9,0.0,0.0
2023-05-27T00:00,30.9,30,6.6,984.3,0.0,0.0
2023-05-27T01:00,30.3,32,6.6,983.7,0.0,0.0
2023-05-27T02:00,29.3,34,6.1,983.6,0.0,0.0
2023-05-27T03:00,28.7,36,6.0,983.7,0.0,0.0
2023-05-27T04:00,27.9,39,6.3,983.8,0.0,0.0
2023-05-27T05:00,30.3,36,10.0,983.9,0.0,0.0
2023-05-27T06:00,31.8,33,12.6,984.3,97.7,0.0
2023-05-27T07:00,33.8,29,13.6,985.6,367.6,0.0
2023-05-27T08:00,35.7,28,15.3,986.0,553.9,0.0
2023-05-27T09:00,37.5,26,15.3,986.3,658.3,0.0
2023-05-27T10:00,39.4,21,14.0,986.1,714.7,0.0
2023-05-27T11:00,40.6,17,12.4,985.4,661.5,0.0
2023-05-27T12:00,41.3,16,11.9,984.4,596.1,0.0
2023-05-27T13:00,42.5,14,14.0,983.0,679.0,0.0
2023-05-27T14:00,42.8,13,17.1,982.1,689.0,0.0
2023-05-27T15:00,42.1,14,17.4,981.6,551.0,0.0
2023-05-27T16:00,41.5,15,17.3,981.2,497.5,0.0
2023-05-27T17:00,40.6,17,15.3,981.1,401.2,0.0
2023-05-27T18:00,38.7,20,10.0,981.9,191.5,0.0
2023-05-27T19:00,36.6,23,7.0,982.4,0.0,0.0
2023-05-27T20:00,35.7,24,7.2,983.2,0.0,0.0
2023-05-27T21:00,34.8,24,6.9,983.8,0.0,0.0
2023-05-27T22:00,34.7,24,10.9,984.0,0.0,0.0
2023-05-27T23:00,33.7,26,11.0,983.4,0.0,0.0
2023-05-28T00:00,32.2,29,6.2,983.4,0.0,0.0
2023-05-28T01:00,32.0,30,2.8,983.0,0.0,0.0
2023-05-28T02:00,30.3,34,7.1,982.5,0.0,0.0
2023-05-28T03:00,29.9,35,8.7,982.5,0.0,0.0
2023-05-28T04:00,29.2,36,7.0,982.8,0.0,0.0
2023-05-28T05:00,28.1,55,4.7,983.2,0.0,0.0
2023-05-28T06:00,29.9,51,4.7,984.4,97.6,0.0
2023-05-28T07:00,33.0,37,8.3,985.4,361.0,0.0
2023-05-28T08:00,36.0,30,11.8,985.7,538.7,0.0
2023-05-28T09:00,38.0,28,13.5,985.4,640.2,0.0
2023-05-28T10:00,39.6,24,13.0,985.2,686.9,0.0
2023-05-28T11:00,40.1,23,11.7,985.1,566.5,0.0
2023-05-28T12:00,40.7,22,9.6,984.5,589.2,0.0
2023-05-28T13:00,41.5,21,9.4,983.8,656.4,0.0
2023-05-28T14:00,41.8,20,7.9,982.7,620.9,0.0
2023-05-28T15:00,41.5,20,8.0,982.0,559.8,0.0
2023-05-28T16:00,41.1,21,8.5,981.5,427.8,0.0
2023-05-28T17:00,39.2,23,14.8,982.1,345.9,0.0
2023-05-28T18:00,35.4,32,17.6,983.9,116.4,0.0
2023-05-28T19:00,34.3,36,12.8,984.3,0.0,0.0
2023-05-28T20:00,33.9,37,16.0,984.6,0.0,0.0
2023-05-28T21:00,32.9,39,14.0,985.1,0.0,0.0
2023-05-28T22:00,32.2,40,12.2,985.1,0.0,0.0
2023-05-28T23:00,31.4,45,4.8,985.1,0.0,0.0
2023-05-29T00:00,30.5,45,5.8,984.8,0.0,0.0
2023-05-29T01:00,29.2,51,3.8,983.9,0.0,0.0
2023-05-29T02:00,28.7,54,5.8,983.5,0.0,0.0
2023-05-29T03:00,27.9,59,4.4,983.5,0.0,0.0
2023-05-29T04:00,27.3,62,3.4,984.1,0.0,0.0
2023-05-29T05:00,28.5,65,2.1,984.8,0.0,0.0
2023-05-29T06:00,29.6,62,4.4,985.6,81.2,0.0
2023-05-29T07:00,31.6,56,4.6,986.9,271.3,0.0
2023-05-29T08:00,33.1,49,5.9,987.3,358.5,0.0
2023-05-29T09:00,31.8,54,15.5,988.2,504.4,0.5
2023-05-29T10:00,33.4,45,12.0,987.3,239.5,0.0
2023-05-29T11:00,35.5,39,7.7,986.6,508.1,0.0
2023-05-29T12:00,37.1,35,6.2,985.5,604.3,0.0
2023-05-29T13:00,37.9,33,6.2,984.7,542.7,0.0
2023-05-29T14:00,38.8,30,5.8,983.9,572.9,0.0
2023-05-29T15:00,39.1,28,5.6,983.2,563.3,0.0
2023-05-29T16:00,37.1,33,14.1,983.5,302.7,0.0
2023-05-29T17:00,40.0,19,6.8,982.2,218.8,0.0
2023-05-29T18:00,38.0,25,6.2,982.7,170.2,0.0
2023-05-29T19:00,36.4,24,6.4,983.0,0.0,0.0
2023-05-29T20:00,35.0,32,14.4,983.7,0.0,0.0
2023-05-29T21:00,34.1,36,10.6,984.6,0.0,0.0
2023-05-29T22:00,33.3,39,10.8,985.2,0.0,0.0
2023-05-29T23:00,32.4,42,6.7,985.7,0.0,0.0
2023-05-30T00:00,31.7,45,5.2,985.7,0.0,0.0
2023-05-30T01:00,31.4,46,7.4,985.1,0.0,0.0
2023-05-30T02:00,30.7,49,4.9,985.2,0.0,0.0
2023-05-30T03:00,30.2,51,3.5,985.5,0.0,0.0
2023-05-30T04:00,29.9,52,11.2,985.6,0.0,0.0
2023-05-30T05:00,29.5,60,7.4,986.2,0.0,0.0
2023-05-30T06:00,30.2,59,7.7,986.9,89.3,0.0
2023-05-30T07:00,31.8,54,7.1,987.2,299.9,0.0
2023-05-30T08:00,33.5,47,7.6,987.7,288.3,0.0
2023-05-30T09:00,35.3,41,8.1,987.8,291.5,0.0
2023-05-30T10:00,36.8,36,5.5,987.2,316.3,0.0
2023-05-30T11:00,38.5,31,2.6,986.3,421.4,0.0
2023-05-30T12:00,39.6,27,3.6,985.4,399.5,0.0
2023-05-30T13:00,40.7,25,6.1,984.2,444.4,0.0
2023-05-30T14:00,40.8,24,4.9,983.1,401.4,0.0
2023-05-30T15:00,40.3,25,4.3,982.4,261.3,0.0
2023-05-30T16:00,39.9,25,7.9,982.0,146.1,0.0
2023-05-30T17:00,39.2,24,7.8,982.2,95.0,0.0
2023-05-30T18:00,38.1,26,7.4,982.3,66.3,0.0
2023-05-30T19:00,36.1,34,14.2,982.7,0.0,0.0
2023-05-30T20:00,35.0,38,15.0,983.5,0.0,0.0
2023-05-30T21:00,34.1,42,11.0,984.6,0.0,0.0
2023-05-30T22:00,33.2,45,9.9,985.1,0.0,0.0
2023-05-30T23:00,32.5,48,9.8,985.1,0.0,0.0
2023-05-31T00:00,31.8,51,12.4,984.6,0.0,0.0
2023-05-31T01:00,31.0,55,10.5,984.2,0.0,0.0
2023-05-31T02:00,30.4,57,3.9,983.7,0.0,0.0
2023-05-31T03:00,29.9,59,6.9,983.9,0.0,0.0
2023-05-31T04:00,29.5,61,7.6,984.1,0.0,0.0
2023-05-31T05:00,30.3,57,2.9,984.6,0.0,0.0
2023-05-31T06:00,31.1,54,3.7,985.4,81.1,0.0
2023-05-31T07:00,32.6,48,5.4,985.9,287.1,0.0
2023-05-31T08:00,34.6,41,4.3,986.6,497.1,0.0
2023-05-31T09:00,36.9,36,9.0,986.5,635.0,0.0
2023-05-31T10:00,38.5,34,13.3,986.2,688.6,0.0
2023-05-31T11:00,39.9,28,14.9,985.5,719.6,0.0
2023-05-31T12:00,40.6,21,12.6,985.0,597.4,0.0
2023-05-31T13:00,41.2,19,11.1,983.7,578.5,0.0
2023-05-31T14:00,41.7,18,12.4,982.5,617.0,0.0
2023-05-31T15:00,41.9,17,12.7,981.7,645.7,0.0
2023-05-31T16:00,41.5,16,12.4,981.2,548.5,0.0
2023-05-31T17:00,41.9,13,8.9,980.7,363.5,0.0
2023-05-31T18:00,39.2,16,6.9,980.5,143.5,0.0
2023-05-31T19:00,36.8,18,8.6,981.3,0.0,0.0
2023-05-31T20:00,34.4,21,9.6,981.7,0.0,0.0
2023-05-31T21:00,33.6,23,4.6,982.8,0.0,0.0
2023-05-31T22:00,33.9,24,6.3,983.3,0.0,0.0
2023-05-31T23:00,33.6,23,7.2,983.4,0.0,0.0
2023-06-01T00:00,32.6,27,7.9,982.9,0.0,0.0
2023-06-01T01:00,32.5,26,9.5,982.7,0.0,0.0
2023-06-01T02:00,32.4,25,9.3,982.5,0.0,0.0
2023-06-01T03:00,30.4,28,6.5,982.2,0.0,0.0
2023-06-01T04:00,29.4,31,6.0,982.7,0.0,0.0
2023-06-01T05:00,29.3,37,9.8,983.0,0.0,0.0
2023-06-01T06:00,31.5,33,4.3,983.4,97.3,0.0
2023-06-01T07:00,34.2,28,5.2,984.6,369.9,0.0
2023-06-01T08:00,37.1,23,6.4,985.2,552.2,0.0
2023-06-01T09:00,40.2,17,11.9,985.2,647.8,0.0
2023-06-01T10:00,41.3,16,15.6,984.7,715.6,0.0
2023-06-01T11:00,41.7,16,14.9,984.5,649.6,0.0
2023-06-01T12:00,42.0,15,14.1,983.9,586.4,0.0
2023-06-01T13:00,42.2,15,12.3,983.0,550.8,0.0
2023-06-01T14:00,42.4,14,11.4,982.0,515.7,0.0
2023-06-01T15:00,41.9,14,11.3,981.3,488.2,0.0
2023-06-01T16:00,43.0,11,9.0,980.3,534.4,0.0
2023-06-01T17:00,41.2,13,11.2,980.8,431.5,0.0
2023-06-01T18:00,38.6,15,9.5,981.3,213.6,0.0
2023-06-01T19:00,36.0,19,10.7,981.8,0.0,0.0
2023-06-01T20:00,34.8,20,8.3,982.3,0.0,0.0
2023-06-01T21:00,32.8,24,9.1,982.8,0.0,0.0
2023-06-01T22:00,34.1,21,1.8,983.4,0.0,0.0
2023-06-01T23:00,30.8,27,5.0,983.1,0.0,0.0
2023-06-02T00:00,30.0,29,5.2,982.5,0.0,0.0
2023-06-02T01:00,28.7,33,7.9,981.9,0.0,0.0
2023-06-02T02:00,28.4,34,6.9,981.2,0.0,0.0
2023-06-02T03:00,28.5,35,6.6,981.5,0.0,0.0
2023-06-02T04:00,27.9,36,6.0,981.7,0.0,0.0
2023-06-02T05:00,30.3,31,8.4,982.4,0.0,0.0
2023-06-02T06:00,32.1,27,9.8,983.2,16.2,0.0
2023-06-02T07:00,33.8,25,10.8,983.9,108.4,0.0
2023-06-02T08:00,37.5,21,17.4,984.7,550.5,0.0
2023-06-02T09:00,39.2,19,20.3,985.1,659.2,0.0
2023-06-02T10:00,40.8,17,19.0,984.9,720.4,0.0
2023-06-02T11:00,42.0,15,15.6,984.4,681.2,0.0
2023-06-02T12:00,42.6,14,14.3,983.5,584.5,0.0
2023-06-02T13:00,43.2,14,15.2,982.3,661.3,0.0
2023-06-02T14:00,43.5,13,16.1,981.2,691.1,0.0
2023-06-02T15:00,43.2,13,14.9,980.5,550.1,0.0
2023-06-02T16:00,43.0,13,13.0,979.9,532.0,0.0
2023-06-02T17:00,41.8,15,15.3,980.2,353.9,0.0
2023-06-02T18:00,40.2,16,12.8,980.7,159.0,0.0
2023-06-02T19:00,38.1,19,12.6,981.0,0.0,0.0
2023-06-02T20:00,37.0,21,12.8,981.6,0.0,0.0
2023-06-02T21:00,35.5,23,11.1,982.0,0.0,0.0
2023-06-02T22:00,34.8,24,10.2,982.5,0.0,0.0
2023-06-02T23:00,34.8,23,13.9,982.8,0.0,0.0
2023-06-03T00:00,34.7,24,16.1,982.5,0.0,0.0
2023-06-03T01:00,33.5,27,13.2,982.2,0.0,0.0
2023-06-03T02:00,32.2,30,9.7,981.9,0.0,0.0
2023-06-03T03:00,31.2,33,8.9,982.0,0.0,0.0
2023-06-03T04:00,30.6,35,8.5,982.6,0.0,0.0
2023-06-03T05:00,31.1,40,10.5,982.6,0.0,0.0
2023-06-03T06:00,32.6,39,10.9,983.6,97.3,0.0
2023-06-03T07:00,34.9,37,11.5,984.5,347.6,0.0
2023-06-03T08:00,36.6,37,14.8,985.2,531.7,0.0
2023-06-03T09:00,38.3,33,15.8,985.3,635.6,0.0
2023-06-03T10:00,39.9,28,14.0,984.9,688.1,0.0
2023-06-03T11:00,41.5,23,10.2,984.0,712.8,0.0
2023-06-03T12:00,42.3,20,8.9,983.0,637.8,0.0
2023-06-03T13:00,43.0,18,10.4,982.2,601.9,0.0
2023-06-03T14:00,42.9,17,12.9,981.2,585.3,0.0
2023-06-03T15:00,42.3,19,12.5,980.6,453.8,0.0
2023-06-03T16:00,41.9,19,9.4,979.8,466.2,0.0
2023-06-03T17:00,41.4,18,8.3,980.0,353.0,0.0
2023-06-03T18:00,39.8,19,7.1,980.2,169.6,0.0
2023-06-03T19:00,37.2,23,8.0,980.8,0.0,0.0
2023-06-03T20:00,35.9,25,6.1,981.8,0.0,0.0
2023-06-03T21:00,35.1,28,5.7,982.5,0.0,0.0
2023-06-03T22:00,34.5,30,19.0,983.4,0.0,0.0
2023-06-03T23:00,33.8,32,6.1,982.8,0.0,0.0
2023-06-04T00:00,32.3,36,9.7,982.6,0.0,0.0
2023-06-04T01:00,31.0,40,4.4,981.7,0.0,0.0
2023-06-04T02:00,31.5,39,1.1,981.4,0.0,0.0
2023-06-04T03:00,29.8,43,4.1,981.5,0.0,0.0
2023-06-04T04:00,29.8,44,6.1,982.0,0.0,0.0
2023-06-04T05:00,29.8,49,9.8,982.2,0.0,0.0
2023-06-04T06:00,30.5,48,4.2,983.0,89.2,0.0
2023-06-04T07:00,32.3,44,5.7,983.9,312.6,0.0
2023-06-04T08:00,34.7,36,15.8,984.7,512.9,0.0
2023-06-04T09:00,37.2,30,13.2,984.7,586.8,0.0
2023-06-04T10:00,39.2,25,13.9,984.4,686.0,0.0
2023-06-04T11:00,40.8,23,12.5,983.6,718.2,0.0
2023-06-04T12:00,38.2,29,14.0,984.0,689.1,0.0
2023-06-04T13:00,40.1,24,9.8,982.6,536.4,0.0
2023-06-04T14:00,40.4,23,9.3,981.5,615.1,0.0
2023-06-04T15:00,40.6,23,11.3,980.7,615.5,0.0
2023-06-04T16:00,40.2,23,12.8,980.4,438.9,0.0
2023-06-04T17:00,41.0,18,8.5,979.6,311.6,0.0
2023-06-04T18:00,39.3,21,10.0,980.1,81.3,0.0
2023-06-04T19:00,36.7,27,18.8,981.2,0.0,0.0
2023-06-04T20:00,34.5,37,16.9,982.2,0.0,0.0
2023-06-04T21:00,33.8,39,14.4,983.0,0.0,0.0
2023-06-04T22:00,33.2,41,16.0,983.4,0.0,0.0
2023-06-04T23:00,32.4,44,15.2,983.2,0.0,0.0
2023-06-05T00:00,31.7,46,14.6,982.5,0.0,0.0
2023-06-05T01:00,31.0,47,14.1,982.1,0.0,0.0
2023-06-05T02:00,30.4,49,13.2,981.5,0.0,0.0
2023-06-05T03:00,30.0,50,12.4,981.4,0.0,0.0
2023-06-05T04:00,29.6,51,11.3,981.9,0.0,0.0
2023-06-05T05:00,28.2,55,10.4,982.8,0.0,0.0
2023-06-05T06:00,29.0,53,10.0,983.8,97.3,0.0
2023-06-05T07:00,31.0,46,11.6,984.4,344.6,0.0
2023-06-05T08:00,33.7,36,12.8,984.6,528.3,0.0
2023-06-05T09:00,36.3,28,13.2,984.4,640.4,0.0
2023-06-05T10:00,38.4,23,13.3,984.2,706.0,0.0
2023-06-05T11:00,39.8,21,12.4,983.4,742.4,0.0
2023-06-05T12:00,40.7,19,11.6,982.7,677.1,0.0
2023-06-05T13:00,40.6,19,11.3,981.5,471.9,0.0
2023-06-05T14:00,40.9,19,11.3,980.6,441.8,0.0
2023-06-05T15:00,41.2,18,13.3,979.7,560.7,0.0
2023-06-05T16:00,40.6,18,15.0,979.3,575.0,0.0
2023-06-05T17:00,40.5,17,11.4,979.0,404.3,0.0
2023-06-05T18:00,37.9,25,7.3,978.9,161.4,0.0
2023-06-05T19:00,39.3,19,2.5,979.4,0.0,0.0
2023-06-05T20:00,36.1,23,7.6,980.2,0.0,0.0
2023-06-05T21:00,36.4,24,13.7,980.9,0.0,0.0
2023-06-05T22:00,35.9,26,10.2,981.5,0.0,0.0
2023-06-05T23:00,33.4,30,6.3,981.5,0.0,0.0
2023-06-06T00:00,32.5,32,7.6,981.1,0.0,0.0
2023-06-06T01:00,32.0,34,8.2,980.7,0.0,0.0
2023-06-06T02:00,31.3,36,7.9,980.5,0.0,0.0
2023-06-06T03:00,31.2,38,10.0,980.6,0.0,0.0
2023-06-06T04:00,30.9,40,10.5,980.7,0.0,0.0
2023-06-06T05:00,30.4,51,15.7,981.7,0.0,0.0
2023-06-06T06:00,31.7,48,14.2,982.1,73.0,0.0
2023-06-06T07:00,33.8,43,15.1,982.9,255.4,0.0
2023-06-06T08:00,36.3,37,17.2,983.5,471.5,0.0
2023-06-06T09:00,38.5,30,19.1,983.6,626.6,0.0
2023-06-06T10:00,40.0,24,16.2,983.3,655.0,0.0
2023-06-06T11:00,41.0,21,13.6,982.7,549.9,0.0
2023-06-06T12:00,42.0,20,12.1,981.8,649.0,0.0
2023-06-06T13:00,42.5,18,11.0,980.8,647.9,0.0
2023-06-06T14:00,42.9,17,10.9,979.7,619.2,0.0
2023-06-06T15:00,42.7,16,12.8,978.7,603.0,0.0
2023-06-06T16:00,41.9,16,13.2,978.1,516.0,0.0
2023-06-06T17:00,41.7,14,12.8,977.9,400.8,0.0
2023-06-06T18:00,39.3,17,6.5,977.8,148.9,0.0
2023-06-06T19:00,37.7,21,6.4,978.5,0.0,0.0
2023-06-06T20:00,36.5,23,7.3,979.3,0.0,0.0
2023-06-06T21:00,36.1,22,9.6,980.5,0.0,0.0
2023-06-06T22:00,36.2,22,12.7,981.2,0.0,0.0
2023-06-06T23:00,34.3,26,9.4,981.2,0.0,0.0
2023-06-07T00:00,33.9,28,12.2,981.0,0.0,0.0
2023-06-07T01:00,33.3,31,12.8,980.5,0.0,0.0
2023-06-07T02:00,32.7,33,11.2,980.1,0.0,0.0
2023-06-07T03:00,31.8,36,8.9,980.0,0.0,0.0
2023-06-07T04:00,31.1,39,6.9,980.1,0.0,0.0
2023-06-07T05:00,33.3,38,15.6,980.9,0.0,0.0
2023-06-07T06:00,33.8,38,15.5,981.5,81.2,0.0
2023-06-07T07:00,35.7,35,14.6,982.1,274.7,0.0
2023-06-07T08:00,37.5,32,15.1,982.6,458.5,0.0
2023-06-07T09:00,37.2,33,17.6,982.9,507.4,0.2
2023-06-07T10:00,40.5,25,11.8,982.2,508.3,0.0
2023-06-07T11:00,42.2,22,13.8,981.7,690.4,0.0
2023-06-07T12:00,41.7,21,13.7,981.2,540.6,0.0
2023-06-07T13:00,42.5,20,11.8,980.2,510.7,0.0
2023-06-07T14:00,42.6,19,13.6,979.3,522.5,0.0
2023-06-07T15:00,42.0,19,13.5,978.6,500.5,0.0
2023-06-07T16:00,41.7,20,12.4,978.2,412.3,0.0
2023-06-07T17:00,40.0,22,11.2,979.0,387.3,0.0
2023-06-07T18:00,38.6,24,14.8,979.8,182.1,0.0
2023-06-07T19:00,35.4,33,14.8,980.1,0.0,0.0
2023-06-07T20:00,34.8,35,8.8,980.8,0.0,0.0
2023-06-07T21:00,34.0,37,5.8,981.4,0.0,0.0
2023-06-07T22:00,33.0,39,4.8,981.4,0.0,0.0
2023-06-07T23:00,32.1,42,4.8,981.4,0.0,0.0
2023-06-08T00:00,31.6,47,1.1,981.0,0.0,0.0
2023-06-08T01:00,31.1,44,4.5,980.8,0.0,0.0
2023-06-08T02:00,30.4,48,6.0,980.2,0.0,0.0
2023-06-08T03:00,30.3,46,6.5,980.4,0.0,0.0
2023-06-08T04:00,30.1,46,8.4,980.6,0.0,0.0
2023-06-08T05:00,31.5,44,9.4,981.3,0.0,0.0
2023-06-08T06:00,32.8,39,14.9,982.0,73.1,0.0
2023-06-08T07:00,34.8,35,17.4,982.6,252.6,0.0
2023-06-08T08:00,36.7,31,19.7,983.3,403.6,0.0
2023-06-08T09:00,38.7,27,19.4,983.3,624.4,0.0
2023-06-08T10:00,40.8,22,17.8,982.9,701.0,0.0
2023-06-08T11:00,41.8,17,15.2,982.2,498.8,0.0
2023-06-08T12:00,42.8,15,15.9,981.1,651.2,0.0
2023-06-08T13:00,43.4,15,15.9,980.3,653.9,0.0
2023-06-08T14:00,43.5,15,12.7,979.4,631.0,0.0
2023-06-08T15:00,43.7,14,12.3,978.5,608.7,0.0
2023-06-08T16:00,42.7,15,14.3,978.4,494.9,0.0
2023-06-08T17:00,41.8,15,8.9,978.1,311.1,0.0
2023-06-08T18:00,39.5,18,5.2,978.0,175.3,0.0
2023-06-08T19:00,36.0,23,7.5,978.5,0.0,0.0
2023-06-08T20:00,34.7,25,8.2,979.3,0.0,0.0
2023-06-08T21:00,35.1,24,8.8,980.2,0.0,0.0
2023-06-08T22:00,34.2,26,8.0,980.7,0.0,0.0
2023-06-08T23:00,33.1,27,8.3,980.4,0.0,0.0
2023-06-09T00:00,32.5,29,9.7,979.7,0.0,0.0
2023-06-09T01:00,31.9,32,9.8,979.2,0.0,0.0
2023-06-09T02:00,31.5,35,10.1,979.2,0.0,0.0
2023-06-09T03:00,32.0,32,15.5,979.1,0.0,0.0
2023-06-09T04:00,31.9,34,13.2,979.3,0.0,0.0
2023-06-09T05:00,31.3,37,11.4,979.8,0.0,0.0
2023-06-09T06:00,33.2,38,13.3,981.1,89.5,0.0
2023-06-09T07:00,35.2,35,15.3,981.2,220.8,0.0
2023-06-09T08:00,37.1,30,18.5,981.6,247.6,0.0
2023-06-09T09:00,39.8,23,18.6,981.4,534.7,0.0
2023-06-09T10:00,41.3,20,15.5,980.9,669.8,0.0
2023-06-09T11:00,41.8,19,16.7,980.4,537.7,0.0
2023-06-09T12:00,42.5,18,18.3,979.7,608.0,0.0
2023-06-09T13:00,41.6,20,23.4,979.0,534.1,0.0
2023-06-09T14:00,41.4,20,19.6,978.4,597.6,0.0
2023-06-09T15:00,40.7,23,18.5,978.0,547.6,0.0
2023-06-09T16:00,39.1,26,17.2,977.8,449.5,0.0
2023-06-09T17:00,38.3,28,14.6,977.6,312.9,0.0
2023-06-09T18:00,37.8,29,13.4,977.1,179.8,0.0
2023-06-09T19:00,35.9,33,7.1,977.4,0.0,0.0
2023-06-09T20:00,34.8,35,4.8,978.1,0.0,0.0
2023-06-09T21:00,34.1,39,4.2,978.8,0.0,0.0
2023-06-09T22:00,33.4,40,5.8,979.4,0.0,0.0
2023-06-09T23:00,34.5,36,5.8,978.7,0.0,0.0
2023-06-10T00:00,33.0,40,3.7,978.2,0.0,0.0
2023-06-10T01:00,31.9,43,5.6,977.9,0.0,0.0
2023-06-10T02:00,31.8,41,6.2,977.5,0.0,0.0
2023-06-10T03:00,31.5,41,6.3,978.0,0.0,0.0
2023-06-10T04:00,30.8,42,5.0,978.1,0.0,0.0
2023-06-10T05:00,33.4,34,9.7,979.6,0.0,0.0
2023-06-10T06:00,33.4,34,6.5,980.3,65.2,0.0
2023-06-10T07:00,35.2,30,13.1,981.0,256.3,0.0
2023-06-10T08:00,36.3,30,17.0,981.7,306.9,0.0
2023-06-10T09:00,38.0,30,13.0,981.7,392.8,0.0
2023-06-10T10:00,39.0,28,14.8,981.2,597.7,0.0
2023-06-10T11:00,39.5,28,18.4,980.6,601.9,0.1
2023-06-10T12:00,38.3,32,9.8,980.0,480.5,0.4
2023-06-10T13:00,39.0,30,22.1,979.4,620.0,0.0
2023-06-10T14:00,39.6,27,16.2,978.8,642.8,0.0
2023-06-10T15:00,38.5,32,15.0,978.2,527.8,0.0
2023-06-10T16:00,38.3,33,13.9,977.5,495.3,0.0
2023-06-10T17:00,39.7,27,5.4,976.9,402.0,0.0
2023-06-10T18:00,38.7,27,6.3,977.1,150.7,0.0
2023-06-10T19:00,37.0,31,5.1,977.9,0.0,0.0
2023-06-10T20:00,35.8,34,7.9,978.9,0.0,0.0
2023-06-10T21:00,34.4,39,6.5,979.5,0.0,0.0
2023-06-10T22:00,33.8,39,7.8,979.9,0.0,0.0
2023-06-10T23:00,34.1,38,13.7,979.9,0.0,0.0
2023-06-11T00:00,33.5,39,20.9,979.4,0.0,0.0
2023-06-11T01:00,32.5,43,21.0,979.0,0.0,0.0
2023-06-11T02:00,31.7,45,18.5,978.5,0.0,0.0
2023-06-11T03:00,31.3,47,17.7,979.1,0.0,0.0
2023-06-11T04:00,30.9,48,14.4,979.5,0.0,0.0
2023-06-11T05:00,30.4,60,7.2,981.2,0.0,0.0
2023-06-11T06:00,30.8,59,10.1,981.9,73.4,0.0
2023-06-11T07:00,32.2,52,14.8,982.2,327.2,0.0
2023-06-11T08:00,34.0,47,16.6,982.6,513.3,0.0
2023-06-11T09:00,36.0,43,16.2,982.4,622.7,0.0
2023-06-11T10:00,38.2,36,16.9,981.8,683.2,0.0
2023-06-11T11:00,39.9,30,15.0,980.6,704.8,0.0
2023-06-11T12:00,40.9,27,12.1,979.4,626.3,0.0
2023-06-11T13:00,41.6,25,11.0,978.4,638.4,0.0
2023-06-11T14:00,41.9,24,11.7,977.4,617.1,0.0
2023-06-11T15:00,41.4,24,11.5,976.9,495.2,0.0
2023-06-11T16:00,41.2,24,10.9,976.3,440.0,0.0
2023-06-11T17:00,38.2,30,9.7,977.6,306.4,0.0
2023-06-11T18:00,37.5,32,5.8,977.9,160.9,0.0
2023-06-11T19:00,36.1,36,5.1,978.7,0.0,0.0
2023-06-11T20:00,35.6,35,16.7,979.5,0.0,0.0
2023-06-11T21:00,35.0,36,9.6,980.0,0.0,0.0
2023-06-11T22:00,34.3,39,8.5,980.5,0.0,0.0
2023-06-11T23:00,33.8,41,9.5,980.4,0.0,0.0
2023-06-12T00:00,33.4,42,13.5,979.8,0.0,0.0
2023-06-12T01:00,32.7,44,14.7,979.3,0.0,0.0
2023-06-12T02:00,32.1,46,12.6,979.1,0.0,0.0
2023-06-12T03:00,31.8,47,14.4,979.3,0.0,0.0
2023-06-12T04:00,31.5,48,12.7,979.5,0.0,0.0
2023-06-12T05:00,31.7,52,13.0,979.4,0.0,0.0
2023-06-12T06:00,32.1,51,13.4,980.0,32.7,0.0
2023-06-12T07:00,32.2,52,14.4,980.5,0.0,0.0
2023-06-12T08:00,33.4,48,16.6,980.8,78.3,0.0
2023-06-12T09:00,35.5,42,16.8,980.9,153.7,0.0
2023-06-12T10:00,36.8,38,15.9,980.9,156.6,0.0
2023-06-12T11:00,38.0,34,13.6,980.7,115.4,0.0
2023-06-12T12:00,40.3,28,11.0,979.7,469.5,0.0
2023-06-12T13:00,41.4,26,8.3,978.8,653.7,0.0
2023-06-12T14:00,41.1,26,4.2,977.3,498.4,0.0
2023-06-12T15:00,32.2,54,31.0,978.9,103.1,0.5
2023-06-12T16:00,30.4,64,10.2,980.6,264.3,1.3
2023-06-12T17:00,34.1,43,21.8,978.5,67.1,0.4
2023-06-12T18:00,33.3,48,14.5,979.0,132.3,0.0
2023-06-12T19:00,32.7,48,7.4,979.2,0.0,0.0
2023-06-12T20:00,32.4,49,3.3,980.2,0.0,0.0
2023-06-12T21:00,32.2,50,2.3,980.7,0.0,0.0
2023-06-12T22:00,32.2,51,2.3,981.0,0.0,0.0
2023-06-12T23:00,31.7,59,2.6,981.1,0.0,0.0
2023-06-13T00:00,31.9,52,1.5,980.7,0.0,0.0
2023-06-13T01:00,31.3,57,3.3,980.0,0.0,0.0
2023-06-13T02:00,31.1,58,3.1,979.6,0.0,0.0
2023-06-13T03:00,30.7,59,2.2,979.8,0.0,0.0
2023-06-13T04:00,30.6,59,2.9,980.1,0.0,0.0
2023-06-13T05:00,29.9,64,4.6,980.1,0.0,0.0
2023-06-13T06:00,32.1,54,11.8,980.5,65.6,0.0
2023-06-13T07:00,34.3,45,17.0,981.2,312.2,0.0
2023-06-13T08:00,36.0,36,22.0,981.7,437.9,0.0
2023-06-13T09:00,37.4,33,22.0,981.9,522.1,0.0
2023-06-13T10:00,39.1,29,21.7,981.4,648.8,0.0
2023-06-13T11:00,40.2,27,19.2,980.6,651.7,0.0
2023-06-13T12:00,41.1,25,15.9,980.3,626.4,0.0
2023-06-13T13:00,41.8,24,12.6,979.4,598.4,0.0
2023-06-13T14:00,41.7,23,10.1,978.0,507.0,0.0
2023-06-13T15:00,42.2,22,12.6,977.2,591.1,0.0
2023-06-13T16:00,41.8,20,16.2,977.0,501.6,0.0
2023-06-13T17:00,40.3,23,13.0,977.5,302.4,0.0
2023-06-13T18:00,39.2,24,11.9,977.9,164.4,0.0
2023-06-13T19:00,37.3,26,6.0,978.2,0.0,0.0
2023-06-13T20:00,37.3,25,5.4,979.0,0.0,0.0
2023-06-13T21:00,35.1,32,3.9,979.5,0.0,0.0
2023-06-13T22:00,35.4,31,2.2,980.5,0.0,0.0
2023-06-13T23:00,34.6,28,10.1,981.1,0.0,0.0
2023-06-14T00:00,34.7,28,15.4,980.7,0.0,0.0
2023-06-14T01:00,34.1,31,16.0,980.0,0.0,0.0
2023-06-14T02:00,33.5,33,15.6,980.0,0.0,0.0
2023-06-14T03:00,32.8,35,14.8,980.5,0.0,0.0
2023-06-14T04:00,32.6,37,15.1,980.7,0.0,0.0
2023-06-14T05:00,33.2,38,17.5,981.4,0.0,0.0
2023-06-14T06:00,33.7,38,17.4,982.2,90.3,0.0
2023-06-14T07:00,34.7,37,22.1,983.1,299.9,0.0
2023-06-14T08:00,35.9,35,21.6,983.4,480.5,0.0
2023-06-14T09:00,37.6,31,20.3,983.8,632.6,0.0
2023-06-14T10:00,39.2,26,18.6,983.5,673.7,0.0
2023-06-14T11:00,40.6,23,18.2,982.6,731.7,0.0
2023-06-14T12:00,41.4,21,18.2,982.0,701.9,0.0
2023-06-14T13:00,42.1,20,17.3,981.1,699.5,0.0
2023-06-14T14:00,42.1,19,17.3,980.1,587.6,0.0
2023-06-14T15:00,42.1,19,17.1,979.5,581.6,0.0
2023-06-14T16:00,41.6,19,16.2,978.8,509.2,0.0
2023-06-14T17:00,39.7,24,16.6,979.5,420.4,0.0
2023-06-14T18:00,38.7,26,12.2,979.8,163.4,0.0
2023-06-14T19:00,37.7,27,10.0,980.2,0.0,0.0
2023-06-14T20:00,36.3,30,6.1,980.8,0.0,0.0
2023-06-14T21:00,35.3,32,7.4,981.7,0.0,0.0
2023-06-14T22:00,35.0,32,11.2,982.4,0.0,0.0
2023-06-14T23:00,34.8,35,14.4,982.2,0.0,0.0
2023-06-15T00:00,34.3,38,19.1,981.9,0.0,0.0
2023-06-15T01:00,33.6,40,17.0,981.6,0.0,0.0
2023-06-15T02:00,32.9,42,13.8,981.4,0.0,0.0
2023-06-15T03:00,32.5,43,12.7,981.4,0.0,0.0
2023-06-15T04:00,32.1,45,12.6,981.9,0.0,0.0
2023-06-15T05:00,33.1,46,17.5,981.7,0.0,0.0
2023-06-15T06:00,33.6,46,18.6,982.8,82.3,0.0
2023-06-15T07:00,34.2,45,22.7,983.7,316.7,0.0
2023-06-15T08:00,35.1,43,23.0,984.3,502.2,0.0
2023-06-15T09:00,36.4,40,20.9,984.7,614.7,0.0
2023-06-15T10:00,37.9,36,18.1,984.1,662.4,0.0
2023-06-15T11:00,39.4,31,15.6,983.2,694.1,0.0
2023-06-15T12:00,40.3,28,15.9,982.4,685.8,0.0
2023-06-15T13:00,40.8,25,15.2,981.3,621.7,0.0
2023-06-15T14:00,41.3,23,14.8,980.5,633.8,0.0
2023-06-15T15:00,41.5,21,15.2,979.7,653.2,0.0
2023-06-15T16:00,41.2,20,14.8,978.9,569.4,0.0
2023-06-15T17:00,39.9,23,15.3,979.3,434.2,0.0
2023-06-15T18:00,38.7,25,11.6,979.6,178.7,0.0
2023-06-15T19:00,37.4,27,9.7,980.0,0.0,0.0
2023-06-15T20:00,36.3,28,8.5,981.0,0.0,0.0
2023-06-15T21:00,35.0,31,5.7,981.5,0.0,0.0
2023-06-15T22:00,34.4,33,8.2,981.9,0.0,0.0
2023-06-15T23:00,33.7,34,7.5,982.0,0.0,0.0
2023-06-16T00:00,33.4,35,7.8,981.5,0.0,0.0
2023-06-16T01:00,32.8,36,9.5,981.0,0.0,0.0
2023-06-16T02:00,32.6,36,10.3,980.6,0.0,0.0
2023-06-16T03:00,32.3,36,11.3,980.5,0.0,0.0
2023-06-16T04:00,32.0,38,12.2,980.8,0.0,0.0
2023-06-16T05:00,32.8,43,13.8,981.5,0.0,0.0
2023-06-16T06:00,33.4,43,14.1,982.5,49.5,0.0
2023-06-16T07:00,34.3,41,19.8,983.2,307.6,0.0
2023-06-16T08:00,35.6,37,19.8,983.5,514.3,0.0
2023-06-16T09:00,37.1,33,17.6,983.5,625.2,0.0
2023-06-16T10:00,38.5,29,15.3,983.0,692.0,0.0
2023-06-16T11:00,39.7,26,14.1,982.1,678.6,0.0
2023-06-16T12:00,40.6,24,13.7,981.0,671.8,0.0
2023-06-16T13:00,41.2,22,14.3,980.0,662.5,0.0
2023-06-16T14:00,41.3,21,14.9,979.5,597.1,0.0
2023-06-16T15:00,41.5,20,14.8,978.8,592.3,0.0
2023-06-16T16:00,41.4,19,14.0,978.3,525.9,0.0
2023-06-16T17:00,40.6,20,12.2,978.7,379.0,0.0
2023-06-16T18:00,39.2,22,8.6,978.8,183.1,0.0
2023-06-16T19:00,37.1,24,6.3,979.5,0.0,0.0
2023-06-16T20:00,36.3,26,13.8,980.3,0.0,0.0
2023-06-16T21:00,35.7,29,13.3,980.9,0.0,0.0
2023-06-16T22:00,34.8,32,9.3,981.5,0.0,0.0
2023-06-16T23:00,33.7,35,6.8,981.4,0.0,0.0
2023-06-17T00:00,33.2,37,6.3,980.8,0.0,0.0
2023-06-17T01:00,32.6,39,5.9,980.3,0.0,0.0
2023-06-17T02:00,32.6,39,7.6,980.0,0.0,0.0
2023-06-17T03:00,32.8,39,13.4,980.5,0.0,0.0
2023-06-17T04:00,32.8,40,15.9,981.0,0.0,0.0
2023-06-17T05:00,33.3,41,15.5,981.1,0.0,0.0
2023-06-17T06:00,33.8,43,13.7,982.6,82.8,0.0
2023-06-17T07:00,34.6,43,21.4,983.0,279.1,0.0
2023-06-17T08:00,35.4,41,22.1,983.4,417.0,0.0
2023-06-17T09:00,36.7,36,21.0,983.4,563.4,0.0
2023-06-17T10:00,38.2,33,19.4,983.4,686.6,0.0
2023-06-17T11:00,39.4,30,16.6,982.8,721.9,0.0
2023-06-17T12:00,40.4,28,15.2,981.7,729.2,0.0
2023-06-17T13:00,41.2,24,15.6,980.7,728.9,0.0
2023-06-17T14:00,41.0,23,15.5,979.6,513.9,0.0
2023-06-17T15:00,41.3,21,14.2,978.8,559.7,0.0
2023-06-17T16:00,41.3,21,14.0,978.0,476.0,0.0
2023-06-17T17:00,39.8,23,14.2,978.8,385.5,0.0
2023-06-17T18:00,38.5,26,13.0,979.4,171.4,0.0
2023-06-17T19:00,37.2,28,15.0,980.1,0.0,0.0
2023-06-17T20:00,36.5,29,14.4,980.8,0.0,0.0
2023-06-17T21:00,36.1,31,12.0,981.7,0.0,0.0
2023-06-17T22:00,35.7,32,11.5,982.1,0.0,0.0
2023-06-17T23:00,34.6,35,9.6,981.9,0.0,0.0
2023-06-18T00:00,33.6,37,9.6,981.5,0.0,0.0
2023-06-18T01:00,33.4,37,10.5,981.1,0.0,0.0
2023-06-18T02:00,33.1,37,11.9,980.9,0.0,0.0
2023-06-18T03:00,32.9,38,10.7,981.0,0.0,0.0
2023-06-18T04:00,32.4,40,12.3,981.3,0.0,0.0
2023-06-18T05:00,32.6,43,18.5,982.2,0.0,0.0
2023-06-18T06:00,32.8,45,20.0,983.2,83.1,0.0
2023-06-18T07:00,33.3,44,21.3,983.5,341.6,0.0
2023-06-18T08:00,34.4,40,20.0,983.8,523.4,0.0
2023-06-18T09:00,35.8,37,18.7,983.9,630.5,0.0
2023-06-18T10:00,37.3,34,17.2,983.5,694.0,0.0
2023-06-18T11:00,38.7,31,15.1,982.7,730.5,0.0
2023-06-18T12:00,39.9,28,13.8,981.9,745.4,0.0
2023-06-18T13:00,40.6,26,13.1,980.9,732.9,0.0
2023-06-18T14:00,41.2,24,13.3,979.7,715.9,0.0
2023-06-18T15:00,41.0,24,13.3,979.0,632.4,0.0
2023-06-18T16:00,40.5,23,13.4,978.4,478.7,0.0
2023-06-18T17:00,38.9,26,12.8,979.0,335.7,0.0
2023-06-18T18:00,38.0,27,9.0,979.1,170.5,0.0
2023-06-18T19:00,36.5,30,5.8,979.6,0.0,0.0
2023-06-18T20:00,35.8,32,7.0,980.4,0.0,0.0
2023-06-18T21:00,34.7,35,5.9,981.3,0.0,0.0
2023-06-18T22:00,34.2,36,6.3,981.5,0.0,0.0
2023-06-18T23:00,33.4,38,5.2,981.3,0.0,0.0
2023-06-19T00:00,33.0,39,5.1,981.0,0.0,0.0
2023-06-19T01:00,32.7,40,6.6,980.6,0.0,0.0
2023-06-19T02:00,32.5,41,9.4,980.4,0.0,0.0
2023-06-19T03:00,32.3,42,9.5,980.4,0.0,0.0
2023-06-19T04:00,31.9,44,9.7,980.6,0.0,0.0
2023-06-19T05:00,32.6,43,13.5,981.2,0.0,0.0
2023-06-19T06:00,32.9,43,16.4,981.7,83.3,0.0
2023-06-19T07:00,33.6,42,19.2,982.3,332.6,0.0
2023-06-19T08:00,34.9,39,20.1,982.4,524.1,0.0
2023-06-19T09:00,36.4,35,18.9,982.7,631.0,0.0
2023-06-19T10:00,38.0,31,16.4,982.6,693.2,0.0
2023-06-19T11:00,39.3,28,14.8,982.1,725.5,0.0
2023-06-19T12:00,40.3,26,14.4,981.0,728.3,0.0
2023-06-19T13:00,41.0,24,15.3,979.8,738.9,0.0
2023-06-19T14:00,41.3,23,15.5,978.5,702.3,0.0
2023-06-19T15:00,41.2,23,15.1,977.7,643.5,0.0
2023-06-19T16:00,40.9,22,13.7,977.2,586.2,0.0
2023-06-19T17:00,39.9,24,12.1,977.4,442.5,0.0
2023-06-19T18:00,38.5,26,8.3,977.7,217.4,0.0
2023-06-19T19:00,36.8,30,7.2,978.3,0.0,0.0
2023-06-19T20:00,35.7,33,6.6,979.0,0.0,0.0
2023-06-19T21:00,35.1,35,6.6,979.7,0.0,0.0
2023-06-19T22:00,34.5,36,6.9,980.1,0.0,0.0
2023-06-19T23:00,34.0,38,7.2,979.9,0.0,0.0
2023-06-20T00:00,33.4,40,6.5,979.3,0.0,0.0
2023-06-20T01:00,33.2,41,9.7,979.2,0.0,0.0
2023-06-20T02:00,32.9,42,9.5,979.1,0.0,0.0
2023-06-20T03:00,32.5,43,10.2,979.1,0.0,0.0
2023-06-20T04:00,32.0,45,10.0,979.3,0.0,0.0
2023-06-20T05:00,32.5,46,10.1,979.3,0.0,0.0
2023-06-20T06:00,33.2,45,11.2,980.4,83.6,0.0
2023-06-20T07:00,34.5,43,17.1,981.1,336.7,0.0
2023-06-20T08:00,35.8,40,17.9,981.6,513.2,0.0
2023-06-20T09:00,37.1,36,16.6,981.5,613.1,0.0
2023-06-20T10:00,38.5,33,14.3,981.4,654.8,0.0
2023-06-20T11:00,39.7,30,11.7,980.5,709.9,0.0
2023-06-20T12:00,40.5,28,12.7,979.7,674.0,0.0
2023-06-20T13:00,41.3,26,13.8,978.6,726.5,0.0
2023-06-20T14:00,41.7,25,14.0,977.4,684.4,0.0
2023-06-20T15:00,41.3,25,15.3,976.6,573.9,0.0
2023-06-20T16:00,40.6,25,15.9,976.3,503.7,0.0
2023-06-20T17:00,39.6,26,14.0,976.7,322.1,0.0
2023-06-20T18:00,38.6,27,10.4,977.0,195.2,0.0
2023-06-20T19:00,37.3,29,11.5,978.2,0.0,0.0
2023-06-20T20:00,36.6,29,10.1,979.2,0.0,0.0
2023-06-20T21:00,35.9,29,7.6,980.1,0.0,0.0
2023-06-20T22:00,34.8,33,6.1,980.4,0.0,0.0
2023-06-20T23:00,34.2,37,3.9,980.2,0.0,0.0
2023-06-21T00:00,33.1,38,4.0,979.8,0.0,0.0
2023-06-21T01:00,33.1,39,5.0,979.5,0.0,0.0
2023-06-21T02:00,32.4,42,6.8,979.2,0.0,0.0
2023-06-21T03:00,31.5,45,3.9,978.9,0.0,0.0
2023-06-21T04:00,31.4,45,5.4,979.2,0.0,0.0
2023-06-21T05:00,31.4,57,6.9,979.8,0.0,0.0
2023-06-21T06:00,31.7,59,15.8,981.0,58.7,0.0
2023-06-21T07:00,32.3,57,15.0,981.9,203.2,0.0
2023-06-21T08:00,33.4,52,18.5,982.0,340.1,0.0
2023-06-21T09:00,34.9,46,15.4,982.1,269.9,0.0
2023-06-21T10:00,36.6,40,15.2,981.9,338.2,0.0
2023-06-21T11:00,37.7,38,15.1,981.0,324.0,0.0
2023-06-21T12:00,38.4,36,10.9,980.3,246.5,0.0
2023-06-21T13:00,38.9,34,9.6,979.7,172.7,0.0
2023-06-21T14:00,39.2,32,9.7,978.6,131.3,0.0
2023-06-21T15:00,39.5,31,10.7,977.9,263.7,0.0
2023-06-21T16:00,39.3,30,11.5,977.5,101.3,0.0
2023-06-21T17:00,39.3,30,10.3,976.9,19.5,0.0
2023-06-21T18:00,38.3,31,8.9,978.0,5.3,0.0
2023-06-21T19:00,37.3,33,3.7,979.0,0.0,0.0
2023-06-21T20:00,33.8,45,18.0,980.2,0.0,0.0
2023-06-21T21:00,32.2,50,10.9,980.8,0.0,0.0
2023-06-21T22:00,33.1,47,6.1,981.1,0.0,0.0
2023-06-21T23:00,33.0,47,7.1,980.7,0.0,0.0
2023-06-22T00:00,32.7,48,6.1,980.4,0.0,0.0
2023-06-22T01:00,32.2,49,4.7,979.9,0.0,0.0
2023-06-22T02:00,32.1,49,3.4,979.5,0.0,0.0
2023-06-22T03:00,32.2,48,5.8,979.6,0.0,0.0
2023-06-22T04:00,32.7,46,9.7,979.7,0.0,0.0
2023-06-22T05:00,28.7,72,9.9,980.8,0.0,0.0
2023-06-22T06:00,29.7,69,11.2,981.7,0.0,0.0
2023-06-22T07:00,31.4,62,12.7,982.2,115.0,0.0
2023-06-22T08:00,31.8,61,14.0,982.9,241.9,1.7
2023-06-22T09:00,33.7,52,14.1,983.2,227.5,0.0
2023-06-22T10:00,35.1,47,13.0,983.0,290.2,0.0
2023-06-22T11:00,36.9,42,12.0,982.1,437.8,0.0
2023-06-22T12:00,38.5,36,12.8,980.7,569.5,0.0
2023-06-22T13:00,39.3,32,14.6,979.4,519.9,0.0
2023-06-22T14:00,39.9,30,12.9,978.2,568.0,0.0
2023-06-22T15:00,40.0,28,10.4,977.6,345.4,0.0
2023-06-22T16:00,40.1,27,12.9,977.1,347.5,0.0
2023-06-22T17:00,37.6,32,16.1,978.2,230.9,0.2
2023-06-22T18:00,36.0,35,16.4,979.2,52.3,0.0
2023-06-22T19:00,32.6,48,15.1,980.2,0.0,0.0
2023-06-22T20:00,30.5,60,8.7,981.4,0.0,0.0
2023-06-22T21:00,30.8,60,3.8,982.3,0.0,0.0
2023-06-22T22:00,30.9,59,2.6,982.7,0.0,0.0
2023-06-22T23:00,30.4,61,8.5,982.1,0.0,0.0
2023-06-23T00:00,29.5,63,12.4,981.6,0.0,0.0
2023-06-23T01:00,29.2,65,11.0,981.1,0.0,0.0
2023-06-23T02:00,29.0,66,11.3,980.7,0.0,0.0
2023-06-23T03:00,29.1,65,7.7,980.6,0.0,0.0
2023-06-23T04:00,28.9,66,7.3,980.9,0.0,0.0
2023-06-23T05:00,27.1,85,10.1,981.1,0.0,0.0
2023-06-23T06:00,27.7,83,8.2,981.6,0.0,0.0
2023-06-23T07:00,29.2,77,9.8,982.0,56.0,0.0
2023-06-23T08:00,31.9,63,4.9,982.3,414.7,0.0
2023-06-23T09:00,28.9,72,22.3,983.7,486.7,7.3
2023-06-23T10:00,27.0,87,7.2,983.4,45.8,1.9
2023-06-23T11:00,27.9,82,4.6,983.0,41.1,0.7
2023-06-23T12:00,29.1,78,4.0,982.6,41.3,0.3
2023-06-23T13:00,30.0,73,5.7,981.7,62.3,0.3
2023-06-23T14:00,29.6,74,6.1,981.0,2.2,0.2
2023-06-23T15:00,29.1,77,10.1,980.7,0.0,0.3
2023-06-23T16:00,28.3,81,8.7,979.9,4.9,0.3
2023-06-23T17:00,28.4,73,3.2,980.3,0.0,0.7
2023-06-23T18:00,28.2,75,6.0,980.7,0.0,0.1
2023-06-23T19:00,27.7,79,4.4,981.5,0.0,0.2
2023-06-23T20:00,27.5,84,4.2,982.3,0.0,0.3
2023-06-23T21:00,27.0,92,8.1,982.8,0.0,0.7
2023-06-23T22:00,26.5,94,8.6,982.8,0.0,0.8
2023-06-23T23:00,26.5,91,9.2,982.6,0.0,0.3
2023-06-24T00:00,26.3,91,7.0,981.9,0.0,0.0
2023-06-24T01:00,26.4,91,6.3,981.2,0.0,0.0
2023-06-24T02:00,26.3,90,8.2,980.7,0.0,0.0
2023-06-24T03:00,26.0,88,9.7,980.4,0.0,0.0
2023-06-24T04:00,25.8,88,10.1,979.9,0.0,0.0
2023-06-24T05:00,26.2,94,5.2,979.9,0.0,0.0
2023-06-24T06:00,27.2,88,2.4,980.6,59.3,0.0
2023-06-24T07:00,28.5,79,6.8,981.2,138.8,0.0
2023-06-24T08:00,30.5,68,9.4,981.5,256.2,0.0
2023-06-24T09:00,32.3,58,13.8,981.9,249.3,0.0
2023-06-24T10:00,29.9,68,17.5,982.0,190.5,1.1
2023-06-24T11:00,29.5,69,6.8,981.3,51.6,0.2
2023-06-24T12:00,31.9,60,9.4,980.5,221.4,0.1
2023-06-24T13:00,33.4,55,9.3,979.9,218.5,0.0
2023-06-24T14:00,34.0,51,6.3,978.5,210.5,0.0
2023-06-24T15:00,34.5,47,4.9,977.7,88.1,0.0
2023-06-24T16:00,34.6,46,3.6,977.4,0.0,0.0
2023-06-24T17:00,27.5,80,20.8,978.9,43.6,0.0
2023-06-24T18:00,27.1,83,6.9,979.3,15.6,0.1
2023-06-24T19:00,27.4,85,7.1,979.6,0.0,0.0
2023-06-24T20:00,27.2,86,4.5,980.3,0.0,0.0
2023-06-24T21:00,27.2,86,5.6,981.1,0.0,0.0
2023-06-24T22:00,27.1,85,7.4,981.6,0.0,0.0
2023-06-24T23:00,26.9,84,7.8,981.1,0.0,0.0
2023-06-25T00:00,27.1,82,11.9,980.6,0.0,0.0
2023-06-25T01:00,27.3,82,11.5,980.0,0.0,0.0
2023-06-25T02:00,27.1,80,13.3,979.1,0.0,0.0
2023-06-25T03:00,26.8,79,11.9,978.6,0.0,0.0
2023-06-25T04:00,26.5,79,10.5,978.5,0.0,0.0
2023-06-25T05:00,27.5,78,8.9,979.0,0.0,0.0
2023-06-25T06:00,27.9,76,10.8,979.4,0.0,0.0
2023-06-25T07:00,29.0,70,10.7,980.1,122.6,0.0
2023-06-25T08:00,30.2,65,11.7,980.7,186.6,0.0
2023-06-25T09:00,31.5,61,12.9,981.1,283.7,0.0
2023-06-25T10:00,32.1,59,13.1,980.7,147.1,0.0
2023-06-25T11:00,33.6,54,12.0,980.3,287.5,0.0
2023-06-25T12:00,34.7,49,10.8,979.3,286.8,0.0
2023-06-25T13:00,32.0,59,13.5,978.4,39.8,1.7
2023-06-25T14:00,27.4,85,6.5,978.4,4.4,9.2
2023-06-25T15:00,26.8,92,13.3,978.5,0.0,4.5
2023-06-25T16:00,27.2,90,10.2,977.7,1.6,0.8
2023-06-25T17:00,28.9,74,8.9,978.4,7.3,0.2
2023-06-25T18:00,28.5,76,6.6,978.7,0.0,0.0
2023-06-25T19:00,28.0,79,5.6,979.6,0.0,0.0
2023-06-25T20:00,27.8,81,4.3,980.4,0.0,0.1
2023-06-25T21:00,27.6,84,7.9,981.2,0.0,0.5
2023-06-25T22:00,27.1,83,13.2,981.6,0.0,0.5
2023-06-25T23:00,25.2,91,16.2,981.4,0.0,0.5
2023-06-26T00:00,24.9,93,17.0,980.5,0.0,0.7
2023-06-26T01:00,24.9,93,15.8,979.7,0.0,0.3
2023-06-26T02:00,25.0,93,15.6,979.2,0.0,0.3
2023-06-26T03:00,25.0,93,12.6,979.2,0.0,0.6
2023-06-26T04:00,25.0,94,12.6,979.3,0.0,0.4
2023-06-26T05:00,25.5,91,13.0,979.8,0.0,0.5
2023-06-26T06:00,26.0,90,12.6,980.7,0.0,0.6
2023-06-26T07:00,25.9,91,16.2,981.0,0.0,0.5
2023-06-26T08:00,25.9,91,17.3,981.4,0.0,0.6
2023-06-26T09:00,25.9,92,16.2,981.8,0.0,1.2
2023-06-26T10:00,26.3,92,16.6,981.7,1.2,0.8
2023-06-26T11:00,27.1,87,18.0,981.4,2.1,0.6
2023-06-26T12:00,27.8,82,20.2,981.0,21.1,0.6
2023-06-26T13:00,27.7,83,19.1,980.2,2.0,0.6
2023-06-26T14:00,27.9,82,19.1,979.5,7.7,0.5
2023-06-26T15:00,27.8,83,14.5,979.1,1.3,0.3
2023-06-26T16:00,27.4,86,15.3,978.9,0.0,0.5
2023-06-26T17:00,25.7,91,10.8,980.0,0.0,0.7
2023-06-26T18:00,25.9,92,10.2,979.8,0.0,3.9
2023-06-26T19:00,25.9,91,13.7,980.6,0.0,2.4
2023-06-26T20:00,25.5,92,15.1,981.1,0.0,2.3
2023-06-26T21:00,25.4,92,17.3,981.3,0.0,1.2
2023-06-26T22:00,25.3,93,15.5,981.1,0.0,1.4
2023-06-26T23:00,25.4,93,16.6,980.5,0.0,1.7
2023-06-27T00:00,25.3,92,18.0,979.9,0.0,1.9
2023-06-27T01:00,25.1,93,17.3,979.3,0.0,1.3
2023-06-27T02:00,25.1,93,17.7,978.7,0.0,0.7
2023-06-27T03:00,25.1,92,17.7,978.4,0.0,0.5
2023-06-27T04:00,25.1,91,18.4,978.5,0.0,0.2
2023-06-27T05:00,25.3,90,16.9,979.1,0.0,0.0
2023-06-27T06:00,25.6,89,16.2,979.8,0.0,0.0
2023-06-27T07:00,25.8,88,17.3,980.1,0.0,0.2
2023-06-27T08:00,26.2,87,17.6,980.9,0.0,0.8
2023-06-27T09:00,25.8,90,15.1,981.2,0.0,0.6
2023-06-27T10:00,26.4,90,17.4,981.6,4.7,0.7
2023-06-27T11:00,26.8,86,18.2,981.2,2.1,2.0
2023-06-27T12:00,26.3,91,18.2,980.7,0.0,1.7
2023-06-27T13:00,26.3,91,18.1,980.0,5.1,1.5
2023-06-27T14:00,26.4,91,18.8,979.3,1.1,0.8
2023-06-27T15:00,26.5,91,19.5,978.6,8.9,1.0
2023-06-27T16:00,26.8,88,18.9,978.5,16.2,0.6
2023-06-27T17:00,25.9,90,14.3,979.0,0.0,0.5
2023-06-27T18:00,25.9,90,15.8,979.3,0.0,0.3
2023-06-27T19:00,25.6,92,14.0,980.0,0.0,0.3
2023-06-27T20:00,25.6,92,14.0,981.2,0.0,0.4
2023-06-27T21:00,25.5,93,13.5,981.6,0.0,0.4
2023-06-27T22:00,25.5,94,12.0,982.3,0.0,0.3
2023-06-27T23:00,25.5,94,13.1,982.4,0.0,0.5
2023-06-28T00:00,25.4,94,13.3,981.9,0.0,0.4
2023-06-28T01:00,25.2,94,14.8,981.2,0.0,0.5
2023-06-28T02:00,25.0,93,14.0,980.8,0.0,0.4
2023-06-28T03:00,24.9,94,12.8,980.9,0.0,0.2
2023-06-28T04:00,25.0,93,12.8,981.1,0.0,0.1
2023-06-28T05:00,25.2,93,11.3,981.3,0.0,0.1
2023-06-28T06:00,25.4,94,12.6,982.1,0.0,0.4
2023-06-28T07:00,25.3,94,13.9,982.5,0.0,0.5
2023-06-28T08:00,25.7,91,14.6,983.1,0.0,0.3
2023-06-28T09:00,26.3,90,15.0,983.4,10.0,0.2
2023-06-28T10:00,27.4,83,15.6,983.6,24.7,0.3
2023-06-28T11:00,27.6,82,13.8,983.3,9.5,0.3
2023-06-28T12:00,27.6,82,13.9,982.6,20.1,0.3
2023-06-28T13:00,28.5,79,11.7,981.5,34.7,0.1
2023-06-28T14:00,29.4,73,12.6,980.4,72.6,0.0
2023-06-28T15:00,30.3,67,12.6,979.7,63.7,0.0
2023-06-28T16:00,30.9,64,12.1,979.3,141.2,0.1
2023-06-28T17:00,30.2,67,10.1,980.1,55.4,0.0
2023-06-28T18:00,28.6,79,4.3,981.1,51.3,0.0
2023-06-28T19:00,26.6,83,16.4,982.3,0.0,1.9
2023-06-28T20:00,25.5,93,7.4,983.0,0.0,4.5
2023-06-28T21:00,25.4,93,9.0,983.3,0.0,3.3
2023-06-28T22:00,25.3,93,8.9,983.6,0.0,1.5
2023-06-28T23:00,25.3,93,7.9,983.2,0.0,0.5
2023-06-29T00:00,25.2,93,7.9,982.8,0.0,0.2
2023-06-29T01:00,25.3,93,9.5,982.3,0.0,0.0
2023-06-29T02:00,25.4,92,10.2,981.7,0.0,0.0
2023-06-29T03:00,25.4,91,9.7,981.4,0.0,0.0
2023-06-29T04:00,25.4,91,9.5,981.7,0.0,0.0
2023-06-29T05:00,25.7,89,11.8,982.1,0.0,0.0
2023-06-29T06:00,26.2,88,11.8,982.8,0.0,0.0
2023-06-29T07:00,27.0,81,16.2,983.5,43.6,0.0
2023-06-29T08:00,28.1,75,18.4,983.6,211.1,0.0
2023-06-29T09:00,29.2,70,19.6,983.6,264.6,0.1
2023-06-29T10:00,30.6,64,19.9,983.5,442.1,0.1
2023-06-29T11:00,31.5,61,18.0,982.9,460.6,0.1
2023-06-29T12:00,32.6,59,16.5,981.9,549.4,0.0
2023-06-29T13:00,33.2,56,17.7,980.8,519.3,0.0
2023-06-29T14:00,33.3,55,17.6,979.7,511.5,0.0
2023-06-29T15:00,33.3,55,15.1,979.1,366.8,0.0
2023-06-29T16:00,30.9,66,13.3,979.1,180.0,0.4
2023-06-29T17:00,32.3,56,14.7,979.2,180.4,0.0
2023-06-29T18:00,30.5,63,9.9,980.0,143.3,0.0
2023-06-29T19:00,29.5,68,6.9,981.0,0.0,0.0
2023-06-29T20:00,29.3,70,8.4,982.0,0.0,0.0
2023-06-29T21:00,29.0,68,9.7,982.3,0.0,0.0
2023-06-29T22:00,28.4,70,8.9,982.7,0.0,0.0
2023-06-29T23:00,28.3,70,12.3,982.5,0.0,0.0
2023-06-30T00:00,28.5,69,13.9,982.0,0.0,0.0
2023-06-30T01:00,28.2,70,12.6,981.8,0.0,0.0
2023-06-30T02:00,28.1,70,14.5,981.5,0.0,0.0
2023-06-30T03:00,27.9,69,14.2,981.8,0.0,0.0
2023-06-30T04:00,27.5,71,13.7,981.8,0.0,0.0
2023-06-30T05:00,27.6,74,16.1,981.7,0.0,0.0
2023-06-30T06:00,27.6,74,14.9,982.9,8.7,0.0
2023-06-30T07:00,28.3,71,15.5,983.4,127.8,0.0
2023-06-30T08:00,29.3,67,18.0,983.4,364.1,0.0
2023-06-30T09:00,30.6,62,22.0,983.5,549.7,0.0
2023-06-30T10:00,31.7,57,20.1,983.6,456.4,0.0
2023-06-30T11:00,32.4,54,19.3,983.1,317.3,0.0
2023-06-30T12:00,33.0,53,19.8,982.3,400.5,0.0
2023-06-30T13:00,33.6,52,17.7,981.2,558.0,0.0
2023-06-30T14:00,33.7,52,17.2,979.9,525.7,0.0
2023-06-30T15:00,33.8,51,16.8,978.8,404.8,0.0
2023-06-30T16:00,33.5,52,16.3,978.2,324.0,0.0
2023-06-30T17:00,32.9,53,14.6,979.0,132.2,0.0
2023-06-30T18:00,31.7,56,11.3,979.4,209.4,0.0
2023-06-30T19:00,31.1,56,12.1,979.9,0.0,0.0
2023-06-30T20:00,30.2,60,9.4,981.1,0.0,0.0
2023-06-30T21:00,29.1,66,6.6,982.0,0.0,0.0
2023-06-30T22:00,28.6,70,6.0,982.8,0.0,0.0
2023-06-30T23:00,28.3,70,7.2,982.5,0.0,0.0
2023-07-01T00:00,28.2,69,9.3,982.0,0.0,0.0
2023-07-01T01:00,28.4,67,11.9,981.4,0.0,0.0
2023-07-01T02:00,28.3,67,13.4,981.0,0.0,0.0
2023-07-01T03:00,28.0,68,13.6,981.0,0.0,0.0
2023-07-01T04:00,27.6,70,14.8,981.4,0.0,0.0
2023-07-01T05:00,27.9,72,14.6,981.0,0.0,0.0
2023-07-01T06:00,28.3,73,13.1,982.6,34.8,0.0
2023-07-01T07:00,29.0,70,14.8,983.0,121.4,0.0
2023-07-01T08:00,30.1,66,19.3,983.1,411.8,0.0
2023-07-01T09:00,31.2,61,21.0,983.7,573.1,0.0
2023-07-01T10:00,32.1,57,20.5,983.7,606.5,0.1
2023-07-01T11:00,33.1,53,19.5,983.4,616.9,0.1
2023-07-01T12:00,33.8,50,19.8,982.5,614.9,0.3
2023-07-01T13:00,34.3,49,18.4,981.5,653.7,0.1
2023-07-01T14:00,34.7,49,15.9,980.9,634.3,0.1
2023-07-01T15:00,34.8,49,15.7,979.8,638.7,0.0
2023-07-01T16:00,34.2,49,19.5,979.3,550.4,0.1
2023-07-01T17:00,33.6,51,16.2,979.9,348.0,0.1
2023-07-01T18:00,32.1,56,14.1,981.0,168.2,0.0
2023-07-01T19:00,31.0,60,11.2,982.2,0.0,0.0
2023-07-01T20:00,30.1,64,8.6,983.4,0.0,0.0
2023-07-01T21:00,29.4,68,7.9,983.9,0.0,0.0
2023-07-01T22:00,29.1,71,10.2,984.4,0.0,0.0
2023-07-01T23:00,28.7,72,9.8,984.0,0.0,0.0
2023-07-02T00:00,28.2,74,9.4,983.3,0.0,0.0
2023-07-02T01:00,27.8,76,9.7,982.5,0.0,0.0
2023-07-02T02:00,27.5,78,9.8,981.8,0.0,0.0
2023-07-02T03:00,27.1,80,8.3,981.7,0.0,0.0
2023-07-02T04:00,26.7,82,7.2,981.7,0.0,0.0
2023-07-02T05:00,27.7,77,7.7,981.8,0.0,0.0
2023-07-02T06:00,28.4,75,10.5,982.5,52.5,0.0
2023-07-02T07:00,29.3,70,13.2,982.6,250.4,0.0
2023-07-02T08:00,30.3,64,16.3,983.2,463.5,0.0
2023-07-02T09:00,31.3,60,18.6,983.8,514.8,0.0
2023-07-02T10:00,31.8,57,18.5,983.5,403.8,0.0
2023-07-02T11:00,32.4,55,17.0,983.0,394.5,0.2
2023-07-02T12:00,33.4,52,16.4,981.8,466.9,0.2
2023-07-02T13:00,34.3,49,14.5,980.7,540.4,0.2
2023-07-02T14:00,34.5,48,13.5,979.7,437.4,0.0
2023-07-02T15:00,34.8,48,12.4,978.8,548.1,0.0
2023-07-02T16:00,34.6,48,10.7,978.3,495.0,0.0
2023-07-02T17:00,34.1,48,11.4,979.3,287.7,0.0
2023-07-02T18:00,31.8,68,5.2,979.9,218.8,0.0
2023-07-02T19:00,31.2,65,5.8,980.6,0.0,0.0
2023-07-02T20:00,30.2,64,5.4,981.2,0.0,0.0
2023-07-02T21:00,29.2,70,5.4,981.9,0.0,0.0
2023-07-02T22:00,29.1,68,5.9,982.1,0.0,0.0
2023-07-02T23:00,29.5,64,12.0,982.2,0.0,0.0
2023-07-03T00:00,28.9,67,11.4,981.6,0.0,0.0
2023-07-03T01:00,28.2,70,10.9,981.3,0.0,0.0
2023-07-03T02:00,27.8,73,10.4,980.9,0.0,0.0
2023-07-03T03:00,27.6,75,11.2,980.7,0.0,0.0
2023-07-03T04:00,27.4,77,10.1,980.9,0.0,0.0
2023-07-03T05:00,28.2,80,9.9,980.9,0.0,0.0
2023-07-03T06:00,28.7,79,9.1,981.6,35.2,0.0
2023-07-03T07:00,29.7,75,11.9,981.9,186.8,0.0
2023-07-03T08:00,31.0,68,14.5,982.0,411.1,0.0
2023-07-03T09:00,32.3,63,13.5,982.2,528.2,0.0
2023-07-03T10:00,33.5,59,11.4,982.0,653.2,0.0
2023-07-03T11:00,34.4,56,9.2,981.4,651.9,0.0
2023-07-03T12:00,34.9,54,10.0,980.6,563.5,0.0
2023-07-03T13:00,35.2,53,9.5,979.7,614.7,0.0
2023-07-03T14:00,35.4,52,7.7,978.8,528.4,0.0
2023-07-03T15:00,35.5,50,8.5,977.6,302.5,0.0
2023-07-03T16:00,33.4,55,12.0,977.5,45.3,0.0
2023-07-03T17:00,32.9,56,8.4,977.6,38.3,0.2
2023-07-03T18:00,31.0,70,4.2,977.9,157.5,0.0
2023-07-03T19:00,30.1,72,6.8,979.0,0.0,0.0
2023-07-03T20:00,29.7,73,6.1,979.6,0.0,0.0
2023-07-03T21:00,29.5,70,4.9,980.2,0.0,0.0
2023-07-03T22:00,29.4,70,6.9,980.6,0.0,0.0
2023-07-03T23:00,29.2,70,5.9,980.1,0.0,0.0
2023-07-04T00:00,28.6,73,5.2,979.2,0.0,0.0
2023-07-04T01:00,28.3,73,5.2,978.7,0.0,0.0
2023-07-04T02:00,28.2,73,5.3,978.5,0.0,0.0
2023-07-04T03:00,28.0,75,6.2,978.2,0.0,0.0
2023-07-04T04:00,27.9,75,5.8,978.4,0.0,0.0
2023-07-04T05:00,27.2,83,13.4,979.8,0.0,0.0
2023-07-04T06:00,27.2,84,6.9,979.1,0.0,0.0
2023-07-04T07:00,29.0,77,0.7,979.2,221.5,0.0
2023-07-04T08:00,31.2,67,3.9,980.1,476.9,0.0
2023-07-04T09:00,32.7,62,4.2,980.2,508.6,0.0
2023-07-04T10:00,34.0,58,4.3,979.8,580.2,0.0
2023-07-04T11:00,34.9,55,4.4,979.8,468.5,0.0
2023-07-04T12:00,35.6,51,6.4,978.8,497.1,0.0
2023-07-04T13:00,35.8,48,4.3,977.3,353.7,0.0
2023-07-04T14:00,36.3,46,7.2,975.7,226.2,0.0
2023-07-04T15:00,32.8,61,14.0,976.0,193.1,0.5
2023-07-04T16:00,33.5,58,1.3,975.9,297.2,0.2
2023-07-04T17:00,35.4,46,9.1,975.4,143.6,1.3
2023-07-04T18:00,34.2,48,8.1,975.8,167.4,0.0
2023-07-04T19:00,32.9,54,10.4,976.6,0.0,0.0
2023-07-04T20:00,31.0,76,4.1,977.7,0.0,0.8
2023-07-04T21:00,30.4,76,2.4,977.9,0.0,0.0
2023-07-04T22:00,29.7,80,4.0,978.9,0.0,0.6
2023-07-04T23:00,27.7,87,10.8,978.9,0.0,3.7
2023-07-05T00:00,27.0,87,8.5,978.7,0.0,0.3
2023-07-05T01:00,26.7,92,3.6,977.7,0.0,0.6
2023-07-05T02:00,26.4,93,10.0,977.6,0.0,0.1
2023-07-05T03:00,26.0,93,8.7,977.0,0.0,0.1
2023-07-05T04:00,25.8,95,4.7,977.0,0.0,0.1
2023-07-05T05:00,26.1,95,4.8,977.7,0.0,0.3
2023-07-05T06:00,26.2,94,1.5,977.9,0.0,1.3
2023-07-05T07:00,26.4,94,6.5,977.6,0.0,0.6
2023-07-05T08:00,27.1,88,9.1,978.6,0.0,0.1
2023-07-05T09:00,27.5,85,9.5,978.3,24.4,0.0
2023-07-05T10:00,29.2,75,9.5,978.7,83.9,0.0
2023-07-05T11:00,30.7,68,7.4,978.3,305.0,0.1
2023-07-05T12:00,31.3,67,7.1,977.4,205.3,0.0
2023-07-05T13:00,32.0,65,4.9,976.1,272.1,0.0
2023-07-05T14:00,32.6,62,1.3,975.1,187.7,0.0
2023-07-05T15:00,31.9,65,1.6,974.4,0.0,0.0
2023-07-05T16:00,32.1,64,1.1,974.4,103.3,0.0
2023-07-05T17:00,33.0,56,6.4,975.3,408.9,0.4
2023-07-05T18:00,31.4,64,4.1,975.5,177.4,0.0
2023-07-05T19:00,30.3,66,4.6,976.5,0.0,0.0
2023-07-05T20:00,29.7,69,4.9,977.1,0.0,0.0
2023-07-05T21:00,29.4,71,6.9,978.2,0.0,0.0
2023-07-05T22:00,29.1,75,7.2,978.7,0.0,0.0
2023-07-05T23:00,28.6,78,6.8,978.7,0.0,0.0
2023-07-06T00:00,28.2,80,4.9,978.2,0.0,0.0
2023-07-06T01:00,27.8,81,4.0,978.2,0.0,0.0
2023-07-06T02:00,27.1,86,6.1,978.0,0.0,0.4
2023-07-06T03:00,26.7,91,3.0,978.0,0.0,0.5
2023-07-06T04:00,26.4,94,4.4,977.7,0.0,0.7
2023-07-06T05:00,26.6,90,3.0,978.5,0.0,2.2
2023-07-06T06:00,27.0,89,5.4,978.4,0.0,0.0
2023-07-06T07:00,27.3,88,3.1,979.0,0.0,0.1
2023-07-06T08:00,28.8,79,4.2,979.5,102.8,0.0
2023-07-06T09:00,29.8,72,6.7,979.9,152.6,0.0
2023-07-06T10:00,30.5,69,6.4,980.3,87.5,0.0
2023-07-06T11:00,32.3,63,7.2,980.0,452.8,0.0
2023-07-06T12:00,33.2,59,8.9,979.2,535.3,0.0
2023-07-06T13:00,33.7,56,8.8,978.5,336.2,0.0
2023-07-06T14:00,33.4,55,8.9,977.2,28.5,0.0
2023-07-06T15:00,31.9,62,12.5,976.4,123.1,0.4
2023-07-06T16:00,30.9,65,9.8,976.3,103.3,0.1
2023-07-06T17:00,30.0,66,17.3,977.3,55.0,0.1
2023-07-06T18:00,28.8,70,9.7,978.4,0.0,0.0
2023-07-06T19:00,27.6,78,7.7,979.8,0.0,0.1
2023-07-06T20:00,27.4,83,5.6,980.6,0.0,0.5
2023-07-06T21:00,27.3,87,4.4,981.1,0.0,0.2
2023-07-06T22:00,27.2,88,6.7,981.3,0.0,0.0
2023-07-06T23:00,26.9,88,8.8,981.2,0.0,0.0
2023-07-07T00:00,26.5,87,10.5,980.6,0.0,0.0
2023-07-07T01:00,26.2,87,11.1,980.2,0.0,0.0
2023-07-07T02:00,26.0,87,10.2,979.7,0.0,0.0
2023-07-07T03:00,26.0,87,11.2,979.5,0.0,0.0
2023-07-07T04:00,26.0,87,13.0,979.4,0.0,0.0
2023-07-07T05:00,26.2,87,11.6,980.0,0.0,0.0
2023-07-07T06:00,26.4,86,11.6,980.5,0.0,0.1
2023-07-07T07:00,26.8,85,9.2,981.3,6.9,0.8
2023-07-07T08:00,28.2,77,13.8,981.9,136.7,0.2
2023-07-07T09:00,29.1,71,17.3,981.9,106.6,0.0
2023-07-07T10:00,30.4,67,17.3,981.8,266.3,0.0
2023-07-07T11:00,30.4,67,17.6,981.5,145.7,0.0
2023-07-07T12:00,30.5,67,16.6,980.6,149.9,0.0
2023-07-07T13:00,31.9,62,16.7,979.7,267.9,0.0
2023-07-07T14:00,32.2,61,15.0,978.6,357.6,0.0
2023-07-07T15:00,32.1,60,16.1,977.6,285.4,0.0
2023-07-07T16:00,31.5,59,19.6,977.6,170.9,0.0
2023-07-07T17:00,30.7,63,13.1,978.6,219.7,0.0
2023-07-07T18:00,29.5,71,4.9,979.7,101.2,0.0
2023-07-07T19:00,28.1,77,13.8,980.7,0.0,0.0
2023-07-07T20:00,26.7,82,14.4,982.0,0.0,0.2
2023-07-07T21:00,25.5,95,7.3,982.9,0.0,7.6
2023-07-07T22:00,25.9,95,11.2,983.0,0.0,0.9
2023-07-07T23:00,25.4,93,10.0,983.0,0.0,0.5
2023-07-08T00:00,25.0,93,9.4,982.3,0.0,0.7
2023-07-08T01:00,24.7,95,4.1,981.7,0.0,5.3
2023-07-08T02:00,24.7,97,3.9,981.1,0.0,4.1
2023-07-08T03:00,24.8,97,5.7,980.7,0.0,1.8
2023-07-08T04:00,25.2,96,5.8,981.1,0.0,1.8
2023-07-08T05:00,25.7,93,6.1,982.1,0.0,0.8
2023-07-08T06:00,25.9,93,7.6,982.6,0.0,0.4
2023-07-08T07:00,26.5,90,9.1,982.8,10.4,0.2
2023-07-08T08:00,26.7,89,9.3,983.3,2.0,0.2
2023-07-08T09:00,26.9,88,11.9,983.4,7.2,0.4
2023-07-08T10:00,27.3,85,10.9,983.5,21.3,0.3
2023-07-08T11:00,28.0,80,13.2,983.4,9.5,0.1
2023-07-08T12:00,28.4,78,14.6,982.8,38.2,0.0
2023-07-08T13:00,28.4,79,14.5,981.7,18.3,0.1
2023-07-08T14:00,29.1,76,13.9,981.1,57.0,0.0
2023-07-08T15:00,29.9,73,10.6,980.4,133.1,0.0
2023-07-08T16:00,30.7,70,8.9,980.0,357.8,0.0
2023-07-08T17:00,30.7,67,11.7,980.4,307.9,0.0
2023-07-08T18:00,29.6,73,8.0,981.0,166.9,0.0
2023-07-08T19:00,28.3,79,8.5,981.9,0.0,0.4
2023-07-08T20:00,27.3,86,7.9,982.8,0.0,0.6
2023-07-08T21:00,26.3,93,4.1,983.3,0.0,2.5
2023-07-08T22:00,26.6,92,4.0,983.9,0.0,1.7
2023-07-08T23:00,26.3,91,7.1,983.2,0.0,1.0
2023-07-09T00:00,25.8,90,9.4,982.7,0.0,0.8
2023-07-09T01:00,25.5,93,5.5,982.5,0.0,0.7
2023-07-09T02:00,25.4,94,3.2,982.4,0.0,0.4
2023-07-09T03:00,25.3,93,5.0,982.4,0.0,0.5
2023-07-09T04:00,25.3,93,7.6,982.5,0.0,0.2
2023-07-09T05:00,25.7,91,8.8,982.9,0.0,0.1
2023-07-09T06:00,25.7,92,7.9,983.7,0.0,0.2
2023-07-09T07:00,26.1,90,9.0,984.2,0.0,0.0
2023-07-09T08:00,26.6,87,7.3,984.6,6.0,0.0
2023-07-09T09:00,28.4,76,10.9,984.8,235.3,0.0
2023-07-09T10:00,29.7,67,14.2,984.7,328.1,0.0
2023-07-09T11:00,29.7,67,13.6,984.2,203.8,0.0
2023-07-09T12:00,30.1,66,11.7,983.7,145.9,0.0
2023-07-09T13:00,30.6,63,11.9,982.8,146.6,0.0
2023-07-09T14:00,30.8,62,12.0,982.0,97.6,0.0
2023-07-09T15:00,30.9,61,12.3,981.1,126.8,0.0
2023-07-09T16:00,30.8,62,12.5,980.6,315.7,0.0
2023-07-09T17:00,30.6,62,10.5,981.3,331.7,0.0
2023-07-09T18:00,29.2,71,5.1,982.0,177.0,0.0
2023-07-09T19:00,28.4,72,6.6,982.4,0.0,0.0
2023-07-09T20:00,28.0,74,7.0,983.0,0.0,0.0
2023-07-09T21:00,27.5,78,4.7,983.7,0.0,0.0
2023-07-09T22:00,27.4,80,4.2,983.5,0.0,0.0
2023-07-09T23:00,27.1,80,4.3,983.2,0.0,0.0
2023-07-10T00:00,26.8,82,5.4,982.9,0.0,0.0
2023-07-10T01:00,26.8,81,6.6,982.5,0.0,0.0
2023-07-10T02:00,26.6,81,5.4,982.3,0.0,0.0
2023-07-10T03:00,26.4,81,6.1,982.2,0.0,0.0
2023-07-10T04:00,26.2,83,5.5,982.7,0.0,0.0
2023-07-10T05:00,26.2,91,4.8,982.7,0.0,0.0
2023-07-10T06:00,26.8,90,2.3,983.2,45.6,0.0
2023-07-10T07:00,28.1,83,4.8,983.5,198.7,0.0
2023-07-10T08:00,28.8,76,8.8,983.6,61.7,0.0
2023-07-10T09:00,29.6,69,12.1,983.9,98.2,0.0
2023-07-10T10:00,30.8,64,13.7,983.4,314.1,0.0
2023-07-10T11:00,32.0,58,13.0,983.1,434.1,0.0
2023-07-10T12:00,32.6,57,13.4,982.5,566.4,0.0
2023-07-10T13:00,31.8,61,11.4,981.8,564.0,0.1
2023-07-10T14:00,32.7,60,10.1,980.8,499.8,0.0
2023-07-10T15:00,33.2,57,9.8,979.9,491.6,0.0
2023-07-10T16:00,31.9,60,12.4,979.3,338.2,0.0
2023-07-10T17:00,31.5,65,9.7,980.2,312.5,0.0
2023-07-10T18:00,30.4,72,5.9,980.9,111.3,0.0
2023-07-10T19:00,29.3,76,5.2,981.8,0.0,0.0
2023-07-10T20:00,29.1,73,9.8,982.2,0.0,0.0
2023-07-10T21:00,29.1,70,12.1,982.9,0.0,0.0
2023-07-10T22:00,28.6,72,10.8,983.3,0.0,0.0
2023-07-10T23:00,28.0,76,9.4,983.0,0.0,0.0
2023-07-11T00:00,27.7,78,9.4,982.4,0.0,0.0
2023-07-11T01:00,27.3,80,9.0,982.1,0.0,0.0
2023-07-11T02:00,27.2,80,9.2,981.5,0.0,0.0
2023-07-11T03:00,26.8,82,8.5,981.6,0.0,0.0
2023-07-11T04:00,26.6,83,6.5,981.8,0.0,0.0
2023-07-11T05:00,25.9,93,9.7,981.9,0.0,0.0
2023-07-11T06:00,25.7,94,5.7,983.2,0.0,4.2
2023-07-11T07:00,25.8,94,5.8,983.4,0.0,3.1
2023-07-11T08:00,25.7,90,9.7,984.0,0.0,2.5
2023-07-11T09:00,25.6,93,10.1,984.1,0.0,1.6
2023-07-11T10:00,25.7,91,11.0,983.9,0.0,1.6
2023-07-11T11:00,26.3,90,12.6,983.3,32.7,1.4
2023-07-11T12:00,26.3,90,13.8,982.9,5.0,0.9
2023-07-11T13:00,26.7,86,15.0,982.3,41.7,0.6
2023-07-11T14:00,27.7,80,16.3,981.1,64.6,0.4
2023-07-11T15:00,27.9,79,16.0,980.3,40.5,0.3
2023-07-11T16:00,28.2,79,13.8,980.2,41.9,0.1
2023-07-11T17:00,26.6,84,10.5,981.3,76.3,0.1
2023-07-11T18:00,26.1,87,11.6,981.4,0.0,0.2
2023-07-11T19:00,25.8,89,9.8,982.3,0.0,0.2
2023-07-11T20:00,25.7,90,9.7,982.9,0.0,0.1
2023-07-11T21:00,25.5,91,9.3,983.3,0.0,0.1
2023-07-11T22:00,25.4,91,11.6,982.9,0.0,0.0
2023-07-11T23:00,25.2,92,12.0,982.5,0.0,0.0
2023-07-12T00:00,25.1,91,10.7,982.2,0.0,0.0
2023-07-12T01:00,25.1,91,10.5,981.8,0.0,0.0
2023-07-12T02:00,25.0,91,11.0,981.2,0.0,0.0
2023-07-12T03:00,24.7,91,11.4,980.8,0.0,0.0
2023-07-12T04:00,24.6,90,11.1,980.9,0.0,0.0
2023-07-12T05:00,25.4,87,13.6,981.1,0.0,0.0
2023-07-12T06:00,25.6,86,13.9,981.6,9.2,0.0
2023-07-12T07:00,26.7,81,16.6,982.2,112.4,0.0
2023-07-12T08:00,28.2,75,18.6,982.5,389.6,0.0
2023-07-12T09:00,28.8,72,17.1,982.7,60.8,0.1
2023-07-12T10:00,30.3,66,15.6,982.3,501.7,0.1
2023-07-12T11:00,31.2,62,14.3,981.7,501.9,0.1
2023-07-12T12:00,31.7,62,12.7,981.0,517.1,0.1
2023-07-12T13:00,31.7,63,10.5,979.9,310.4,0.0
2023-07-12T14:00,31.9,63,10.1,978.8,612.3,0.0
2023-07-12T15:00,30.7,68,7.6,978.3,443.2,2.2
2023-07-12T16:00,29.7,72,12.4,978.7,320.3,0.0
2023-07-12T17:00,27.7,83,12.4,979.8,231.3,0.0
2023-07-12T18:00,27.0,86,8.0,980.4,30.4,0.0
2023-07-12T19:00,26.4,87,5.9,981.0,0.0,0.0
2023-07-12T20:00,26.2,89,7.3,981.9,0.0,0.0
2023-07-12T21:00,26.5,88,10.2,982.4,0.0,0.0
2023-07-12T22:00,26.2,89,9.2,982.4,0.0,0.0
2023-07-12T23:00,25.7,91,9.2,982.3,0.0,0.0
2023-07-13T00:00,25.2,91,9.6,982.1,0.0,0.0
2023-07-13T01:00,24.9,91,6.2,981.1,0.0,0.0
2023-07-13T02:00,24.5,93,5.8,980.6,0.0,0.0
2023-07-13T03:00,24.5,93,5.6,980.7,0.0,0.1
2023-07-13T04:00,24.4,94,6.7,980.8,0.0,0.3
2023-07-13T05:00,24.9,94,5.8,980.7,0.0,2.0
2023-07-13T06:00,25.5,92,8.7,981.6,37.0,0.0
2023-07-13T07:00,26.7,86,12.6,981.7,278.6,0.0
2023-07-13T08:00,28.0,82,8.8,982.6,446.3,0.0
2023-07-13T09:00,29.3,76,9.8,982.8,428.8,0.1
2023-07-13T10:00,30.4,71,10.1,982.7,517.4,0.1
2023-07-13T11:00,30.3,70,10.8,982.0,76.1,0.3
2023-07-13T12:00,30.5,71,6.0,981.2,90.5,2.1
2023-07-13T13:00,29.1,75,13.7,980.3,182.1,0.6
2023-07-13T14:00,30.2,72,5.4,979.9,350.4,0.1
2023-07-13T15:00,31.0,69,8.2,979.6,374.7,0.0
2023-07-13T16:00,29.4,73,12.5,980.0,450.6,4.0
2023-07-13T17:00,30.8,66,7.1,979.6,93.0,0.2
2023-07-13T18:00,29.4,77,3.1,980.4,55.8,0.9
2023-07-13T19:00,27.9,85,4.9,981.0,0.0,0.0
2023-07-13T20:00,27.2,90,4.9,982.1,0.0,0.0
2023-07-13T21:00,27.0,91,5.0,982.7,0.0,0.0
2023-07-13T22:00,26.6,90,6.2,982.7,0.0,0.0
2023-07-13T23:00,26.1,90,4.7,982.9,0.0,0.0
2023-07-14T00:00,25.8,90,8.5,982.2,0.0,0.3
2023-07-14T01:00,24.8,94,13.9,982.3,0.0,8.7
2023-07-14T02:00,24.8,94,5.2,981.9,0.0,1.4
2023-07-14T03:00,24.8,94,3.6,981.2,0.0,0.3
2023-07-14T04:00,24.7,96,2.9,981.7,0.0,0.1
2023-07-14T05:00,25.1,94,4.6,982.2,0.0,0.1
2023-07-14T06:00,25.2,94,6.8,983.0,18.6,3.1
2023-07-14T07:00,26.0,92,11.8,983.7,127.5,1.5
2023-07-14T08:00,27.1,86,11.0,984.2,222.5,0.0
2023-07-14T09:00,28.8,78,11.6,984.2,369.7,0.1
2023-07-14T10:00,29.9,74,9.0,984.3,340.7,0.2
2023-07-14T11:00,31.0,71,8.1,983.7,473.5,0.2
2023-07-14T12:00,31.9,67,9.7,982.4,557.3,0.1
2023-07-14T13:00,32.5,63,9.7,981.3,412.0,0.0
2023-07-14T14:00,32.7,60,9.5,980.4,199.3,0.0
2023-07-14T15:00,30.8,69,12.0,979.7,207.6,1.1
2023-07-14T16:00,28.6,83,10.8,980.0,49.9,0.4
2023-07-14T17:00,29.8,76,3.3,980.2,26.2,0.1
2023-07-14T18:00,29.2,83,2.5,981.0,162.6,0.0
2023-07-14T19:00,27.9,87,4.8,981.9,0.0,0.0
2023-07-14T20:00,27.4,90,5.7,982.6,0.0,0.0
2023-07-14T21:00,27.5,88,4.6,983.0,0.0,0.0
2023-07-14T22:00,27.2,90,5.1,983.7,0.0,0.8
2023-07-14T23:00,26.1,92,6.5,983.8,0.0,6.4
2023-07-15T00:00,26.0,91,5.4,982.4,0.0,0.1
2023-07-15T01:00,25.8,93,6.3,982.2,0.0,0.1
2023-07-15T02:00,25.2,94,7.1,982.6,0.0,4.6
2023-07-15T03:00,25.1,94,7.4,981.9,0.0,2.1
2023-07-15T04:00,24.9,94,7.4,982.0,0.0,0.6
2023-07-15T05:00,25.5,93,11.5,982.3,0.0,0.2
2023-07-15T06:00,25.7,92,12.0,982.8,0.0,0.1
2023-07-15T07:00,26.2,90,12.0,983.2,3.6,0.1
2023-07-15T08:00,27.0,86,14.6,983.7,4.0,0.1
2023-07-15T09:00,27.7,82,15.7,984.1,36.3,0.1
2023-07-15T10:00,27.9,81,16.8,984.2,9.5,0.1
2023-07-15T11:00,28.5,78,16.4,983.8,30.7,0.2
2023-07-15T12:00,29.1,74,16.3,982.9,59.3,0.2
2023-07-15T13:00,29.4,72,13.9,981.6,32.6,0.1
2023-07-15T14:00,29.7,70,12.1,981.0,20.8,0.1
2023-07-15T15:00,29.9,69,10.4,980.2,40.5,0.1
2023-07-15T16:00,29.7,69,10.5,979.6,9.7,0.0
2023-07-15T17:00,27.4,88,8.0,980.8,9.5,0.0
2023-07-15T18:00,27.0,89,5.4,981.6,0.0,0.1
2023-07-15T19:00,26.5,93,4.9,982.2,0.0,0.2
2023-07-15T20:00,26.1,93,7.5,982.9,0.0,0.3
2023-07-15T21:00,25.9,94,9.2,983.3,0.0,0.4
2023-07-15T22:00,25.6,94,10.5,983.5,0.0,0.5
2023-07-15T23:00,25.4,94,9.9,983.2,0.0,0.2
2023-07-16T00:00,25.3,95,9.4,982.6,0.0,0.4
2023-07-16T01:00,25.3,95,9.4,981.9,0.0,0.6
2023-07-16T02:00,25.1,94,9.7,981.3,0.0,1.0
2023-07-16T03:00,25.1,95,13.0,981.0,0.0,0.8
2023-07-16T04:00,25.1,94,12.6,981.1,0.0,1.8
2023-07-16T05:00,25.4,92,14.5,981.2,0.0,1.4
2023-07-16T06:00,25.5,93,12.4,982.3,0.0,0.7
2023-07-16T07:00,25.5,93,12.9,982.6,0.0,0.8
2023-07-16T08:00,25.8,92,12.9,982.9,0.0,0.8
2023-07-16T09:00,25.8,90,15.1,983.0,0.0,1.1
2023-07-16T10:00,26.4,85,18.0,982.7,16.6,0.8
2023-07-16T11:00,26.6,86,19.2,982.6,14.8,0.4
2023-07-16T12:00,27.1,84,16.5,982.0,43.2,0.3
2023-07-16T13:00,27.1,83,17.9,980.9,46.8,0.5
2023-07-16T14:00,27.3,85,16.6,980.1,88.7,0.5
2023-07-16T15:00,27.5,85,12.6,979.5,73.4,0.1
2023-07-16T16:00,28.2,80,13.8,979.2,141.6,0.1
2023-07-16T17:00,27.7,80,16.2,979.8,212.5,0.4
2023-07-16T18:00,25.2,94,7.1,980.8,56.1,6.5
2023-07-16T19:00,25.2,93,14.2,980.9,0.0,2.3
2023-07-16T20:00,25.0,93,14.3,981.4,0.0,0.9
2023-07-16T21:00,25.1,92,14.3,982.1,0.0,0.1
2023-07-16T22:00,25.1,91,13.1,982.1,0.0,0.0
2023-07-16T23:00,25.0,91,12.7,982.1,0.0,0.0
2023-07-17T00:00,24.9,91,14.1,981.4,0.0,0.0
2023-07-17T01:00,24.8,91,13.0,981.0,0.0,0.0
2023-07-17T02:00,24.7,91,13.5,980.6,0.0,0.0
2023-07-17T03:00,24.7,91,13.3,980.3,0.0,1.2
2023-07-17T04:00,24.7,91,14.2,980.2,0.0,0.3
2023-07-17T05:00,24.9,93,12.6,980.3,0.0,0.5
2023-07-17T06:00,24.9,94,13.0,980.6,0.0,1.9
2023-07-17T07:00,25.3,93,14.8,980.9,7.2,0.6
2023-07-17T08:00,25.7,93,15.9,981.4,8.1,1.3
2023-07-17T09:00,26.6,87,19.2,981.4,49.4,1.5
2023-07-17T10:00,27.3,82,19.3,981.2,46.3,0.4
2023-07-17T11:00,28.5,76,19.4,981.0,107.8,0.1
2023-07-17T12:00,29.5,72,21.1,980.1,220.3,0.0
2023-07-17T13:00,29.7,72,19.1,979.0,115.9,0.0
2023-07-17T14:00,30.5,69,18.7,978.2,262.7,0.0
2023-07-17T15:00,30.3,68,18.8,977.2,194.9,0.0
2023-07-17T16:00,30.2,66,18.2,977.1,135.2,0.0
2023-07-17T17:00,27.7,82,13.1,977.4,14.3,0.0
2023-07-17T18:00,26.7,86,15.6,978.5,15.3,1.0
2023-07-17T19:00,26.1,91,12.2,979.2,0.0,0.4
2023-07-17T20:00,25.3,94,14.0,979.8,0.0,4.2
2023-07-17T21:00,25.0,95,10.4,980.3,0.0,4.6
2023-07-17T22:00,24.9,95,11.2,980.4,0.0,5.8
2023-07-17T23:00,25.0,94,11.5,980.0,0.0,0.6
2023-07-18T00:00,25.0,94,13.4,979.3,0.0,1.4
2023-07-18T01:00,24.9,94,14.0,978.4,0.0,0.6
2023-07-18T02:00,24.8,94,16.6,977.7,0.0,0.3
2023-07-18T03:00,24.7,94,18.0,977.3,0.0,0.2
2023-07-18T04:00,24.7,94,16.9,977.2,0.0,0.4
2023-07-18T05:00,25.1,94,13.7,977.8,0.0,4.9
2023-07-18T06:00,25.3,94,14.5,978.6,0.0,2.6
2023-07-18T07:00,25.2,94,16.1,979.1,0.0,2.0
2023-07-18T08:00,25.3,94,14.0,979.2,0.0,1.4
2023-07-18T09:00,25.5,94,15.1,979.3,0.0,3.0
2023-07-18T10:00,25.6,95,17.3,979.2,0.0,4.6
2023-07-18T11:00,25.9,94,15.1,978.6,0.0,3.3
2023-07-18T12:00,27.2,89,12.6,977.5,11.1,0.5
2023-07-18T13:00,27.6,86,14.5,976.9,21.4,1.4
2023-07-18T14:00,26.7,88,13.1,976.4,58.0,9.0
2023-07-18T15:00,26.7,90,13.1,974.9,1.3,0.6
2023-07-18T16:00,26.8,89,11.2,974.9,19.3,1.2
2023-07-18T17:00,26.3,91,12.7,976.1,2.4,1.4
2023-07-18T18:00,26.3,90,14.4,976.5,5.1,0.3
2023-07-18T19:00,25.7,93,14.8,976.8,0.0,0.7
2023-07-18T20:00,25.4,94,14.5,977.3,0.0,1.0
2023-07-18T21:00,25.3,94,13.5,978.0,0.0,1.9
2023-07-18T22:00,25.3,94,12.8,977.9,0.0,0.7
2023-07-18T23:00,25.1,95,12.2,977.6,0.0,0.6
2023-07-19T00:00,24.8,96,13.6,976.9,0.0,0.7
2023-07-19T01:00,24.4,97,10.9,976.2,0.0,1.3
2023-07-19T02:00,24.5,97,8.0,975.5,0.0,2.9
2023-07-19T03:00,24.6,97,7.0,975.4,0.0,1.7
2023-07-19T04:00,24.8,97,9.3,975.3,0.0,0.6
2023-07-19T05:00,24.6,95,14.5,975.9,0.0,0.1
2023-07-19T06:00,24.6,95,14.4,976.5,0.0,0.1
2023-07-19T07:00,25.0,93,15.2,977.0,0.0,0.1
2023-07-19T08:00,26.1,88,14.6,977.3,28.3,0.1
2023-07-19T09:00,26.4,88,15.4,977.6,16.0,0.3
2023-07-19T10:00,27.8,83,13.6,977.5,29.7,0.3
2023-07-19T11:00,28.9,80,13.2,976.9,63.4,0.2
2023-07-19T12:00,29.9,76,12.9,976.2,72.4,0.2
2023-07-19T13:00,29.1,82,11.0,975.1,88.5,2.3
2023-07-19T14:00,28.1,82,13.4,974.6,60.2,1.5
2023-07-19T15:00,28.5,84,9.4,973.9,132.9,0.4
2023-07-19T16:00,28.9,78,15.5,974.0,215.8,0.1
2023-07-19T17:00,26.2,92,9.0,974.6,4.8,0.2
2023-07-19T18:00,25.7,95,9.8,974.7,0.0,0.4
2023-07-19T19:00,25.2,96,9.5,975.4,0.0,1.3
2023-07-19T20:00,25.4,96,7.6,975.9,0.0,0.2
2023-07-19T21:00,25.3,96,4.8,976.3,0.0,0.3
2023-07-19T22:00,24.9,97,6.6,977.0,0.0,3.5
2023-07-19T23:00,24.7,97,6.3,977.2,0.0,5.7
2023-07-20T00:00,24.8,97,5.0,976.5,0.0,0.5
2023-07-20T01:00,24.8,96,6.5,976.2,0.0,2.4
2023-07-20T02:00,24.6,97,6.9,976.0,0.0,0.8
2023-07-20T03:00,24.5,98,5.8,975.5,0.0,0.2
2023-07-20T04:00,24.7,97,7.2,975.9,0.0,2.2
2023-07-20T05:00,24.4,96,13.0,976.0,0.0,1.3
2023-07-20T06:00,24.5,96,10.1,976.2,0.0,1.7
2023-07-20T07:00,25.0,94,12.6,977.1,0.0,2.4
2023-07-20T08:00,25.1,93,15.1,977.6,0.0,2.6
2023-07-20T09:00,25.7,90,13.7,977.9,0.0,3.5
2023-07-20T10:00,26.1,90,9.7,978.0,40.4,8.5
2023-07-20T11:00,25.6,95,6.3,977.7,43.4,9.7
2023-07-20T12:00,27.3,87,11.3,976.9,65.4,0.3
2023-07-20T13:00,28.8,83,13.5,975.9,308.1,0.2
2023-07-20T14:00,29.8,79,12.4,975.2,263.7,0.3
2023-07-20T15:00,27.2,87,11.6,975.1,25.3,2.0
2023-07-20T16:00,27.6,87,10.8,974.3,37.1,0.1
2023-07-20T17:00,28.2,85,8.0,974.7,45.5,0.0
2023-07-20T18:00,27.7,88,6.6,975.5,31.0,0.0
2023-07-20T19:00,26.5,90,7.5,976.2,0.0,1.0
2023-07-20T20:00,25.8,94,7.0,977.0,0.0,0.5
2023-07-20T21:00,25.6,95,7.9,978.1,0.0,0.2
2023-07-20T22:00,25.3,94,11.2,978.3,0.0,0.3
2023-07-20T23:00,24.6,96,9.4,978.8,0.0,7.1
2023-07-21T00:00,24.6,96,9.5,977.3,0.0,1.5
2023-07-21T01:00,24.4,97,12.9,977.6,0.0,1.4
2023-07-21T02:00,24.2,96,15.6,977.5,0.0,6.8
2023-07-21T03:00,24.2,96,11.1,977.0,0.0,0.6
2023-07-21T04:00,24.2,96,12.1,977.1,0.0,1.4
2023-07-21T05:00,25.1,96,16.6,977.3,0.0,1.9
2023-07-21T06:00,25.0,96,17.7,978.1,0.0,8.8
2023-07-21T07:00,25.3,94,15.7,978.1,0.0,2.7
2023-07-21T08:00,25.5,94,12.9,978.6,0.0,2.1
2023-07-21T09:00,25.8,93,19.7,978.5,0.0,1.8
2023-07-21T10:00,25.9,94,16.6,979.2,0.0,2.1
2023-07-21T11:00,25.7,94,16.1,979.0,0.0,3.7
2023-07-21T12:00,25.7,94,16.8,978.1,1.0,3.2
2023-07-21T13:00,26.6,90,17.2,977.1,12.2,0.6
2023-07-21T14:00,27.3,89,16.1,976.2,16.4,0.6
2023-07-21T15:00,28.3,87,13.7,975.9,60.8,0.8
2023-07-21T16:00,27.3,87,11.5,975.8,27.4,3.2
2023-07-21T17:00,26.9,92,11.6,976.9,4.8,2.4
2023-07-21T18:00,26.0,95,8.3,977.5,0.0,0.5
2023-07-21T19:00,25.7,96,7.1,978.3,0.0,2.2
2023-07-21T20:00,25.3,95,7.9,978.9,0.0,5.1
2023-07-21T21:00,25.0,97,7.9,979.6,0.0,8.7
2023-07-21T22:00,25.1,96,5.5,980.1,0.0,1.5
2023-07-21T23:00,25.0,96,11.2,979.9,0.0,2.0
2023-07-22T00:00,24.7,96,12.6,979.5,0.0,3.5
2023-07-22T01:00,24.7,96,13.0,978.9,0.0,1.7
2023-07-22T02:00,24.5,96,14.8,978.2,0.0,1.5
2023-07-22T03:00,24.5,96,14.8,977.9,0.0,1.0
2023-07-22T04:00,24.5,96,12.6,978.0,0.0,1.6
2023-07-22T05:00,24.9,94,16.0,978.1,0.0,2.6
2023-07-22T06:00,24.8,95,14.5,978.4,0.0,4.6
2023-07-22T07:00,25.1,94,15.2,978.6,51.1,3.7
2023-07-22T08:00,25.3,94,17.4,979.2,18.3,2.8
2023-07-22T09:00,25.6,94,20.2,979.4,7.3,1.4
2023-07-22T10:00,26.2,90,22.1,979.6,30.9,0.4
2023-07-22T11:00,27.6,82,21.0,979.5,119.5,0.4
2023-07-22T12:00,28.4,78,19.2,978.8,52.3,0.2
2023-07-22T13:00,29.6,74,16.5,977.8,196.2,0.2
2023-07-22T14:00,30.4,70,17.6,977.1,385.2,0.1
2023-07-22T15:00,29.9,71,16.9,976.8,233.0,0.1
2023-07-22T16:00,29.3,74,15.1,976.9,232.2,0.6
2023-07-22T17:00,28.3,79,14.3,977.8,67.3,0.3
2023-07-22T18:00,27.6,80,13.3,978.1,15.6,0.0
2023-07-22T19:00,26.9,84,10.4,979.3,0.0,0.0
2023-07-22T20:00,26.0,86,16.3,980.5,0.0,0.1
2023-07-22T21:00,24.7,94,13.6,980.8,0.0,3.0
2023-07-22T22:00,24.9,94,10.2,981.0,0.0,0.9
2023-07-22T23:00,25.0,93,6.9,980.8,0.0,0.1
2023-07-23T00:00,25.1,93,6.9,980.3,0.0,0.0
2023-07-23T01:00,25.2,92,8.7,979.7,0.0,0.1
2023-07-23T02:00,25.2,92,9.4,979.0,0.0,0.1
2023-07-23T03:00,25.1,91,11.9,979.0,0.0,0.1
2023-07-23T04:00,25.1,90,15.5,979.1,0.0,0.0
2023-07-23T05:00,25.6,90,5.2,980.2,0.0,0.1
2023-07-23T06:00,26.2,89,8.6,980.7,0.0,0.0
2023-07-23T07:00,26.5,87,10.7,981.0,33.0,0.8
2023-07-23T08:00,27.5,82,13.5,981.0,203.3,0.1
2023-07-23T09:00,28.8,75,17.5,981.2,364.8,0.0
2023-07-23T10:00,29.5,72,14.4,981.2,333.4,0.2
2023-07-23T11:00,30.3,68,14.8,980.7,316.3,0.0
2023-07-23T12:00,31.6,62,14.1,980.3,631.6,0.0
2023-07-23T13:00,32.0,60,13.0,979.0,432.1,0.1
2023-07-23T14:00,32.4,58,12.6,977.7,565.8,0.2
2023-07-23T15:00,32.5,58,11.9,977.1,564.8,0.3
2023-07-23T16:00,31.2,64,9.8,977.1,303.4,0.4
2023-07-23T17:00,27.2,83,12.7,979.1,195.0,0.0
2023-07-23T18:00,27.3,81,5.2,979.3,0.0,0.1
2023-07-23T19:00,26.9,82,5.1,979.8,0.0,0.0
2023-07-23T20:00,26.3,85,6.9,980.5,0.0,0.0
2023-07-23T21:00,25.1,94,8.9,981.9,0.0,1.7
2023-07-23T22:00,24.9,96,6.8,982.1,0.0,1.3
2023-07-23T23:00,24.8,95,6.2,981.6,0.0,0.6
2023-07-24T00:00,24.8,94,3.6,980.9,0.0,0.2
2023-07-24T01:00,24.8,94,3.6,980.4,0.0,0.1
2023-07-24T02:00,24.6,94,3.8,980.1,0.0,1.4
2023-07-24T03:00,24.6,93,6.3,980.1,0.0,2.4
2023-07-24T04:00,24.4,96,7.9,980.4,0.0,1.9
2023-07-24T05:00,25.0,95,8.4,980.2,0.0,0.3
2023-07-24T06:00,25.3,94,9.2,980.5,9.8,0.2
2023-07-24T07:00,26.4,90,12.2,981.2,102.9,0.0
2023-07-24T08:00,27.6,86,13.6,981.5,268.7,0.0
2023-07-24T09:00,28.9,80,12.9,981.5,295.0,0.0
2023-07-24T10:00,30.2,73,14.2,981.3,420.4,0.0
2023-07-24T11:00,31.0,69,14.9,980.7,466.5,0.1
2023-07-24T12:00,31.6,66,13.6,980.2,518.9,0.1
2023-07-24T13:00,31.5,66,10.7,978.7,276.5,0.1
2023-07-24T14:00,31.1,68,11.3,977.9,318.5,1.2
2023-07-24T15:00,29.8,75,7.6,977.7,219.1,3.6
2023-07-24T16:00,29.1,78,8.9,977.4,146.9,0.2
2023-07-24T17:00,29.3,75,8.0,978.1,55.5,0.2
2023-07-24T18:00,28.2,83,6.1,978.8,52.7,0.0
2023-07-24T19:00,27.4,87,7.7,979.3,0.0,0.0
2023-07-24T20:00,27.0,88,7.9,979.9,0.0,0.0
2023-07-24T21:00,26.4,93,4.4,980.8,0.0,1.0
2023-07-24T22:00,26.0,94,6.4,981.2,0.0,3.6
2023-07-24T23:00,26.0,93,8.7,981.5,0.0,0.1
2023-07-25T00:00,25.7,93,7.3,980.8,0.0,0.0
2023-07-25T01:00,25.2,94,7.5,980.6,0.0,0.1
2023-07-25T02:00,24.3,96,8.7,980.1,0.0,2.3
2023-07-25T03:00,24.4,96,2.9,980.2,0.0,1.4
2023-07-25T04:00,24.4,96,5.5,980.0,0.0,0.6
2023-07-25T05:00,25.1,94,11.5,979.9,0.0,0.6
2023-07-25T06:00,25.4,93,12.5,980.6,19.8,0.0
2023-07-25T07:00,26.7,88,15.6,980.8,166.1,0.1
2023-07-25T08:00,27.9,84,15.5,981.4,358.9,0.1
2023-07-25T09:00,29.0,80,15.8,981.7,407.7,0.1
2023-07-25T10:00,28.7,78,18.8,981.7,343.1,1.3
2023-07-25T11:00,29.4,78,14.5,981.5,378.8,0.5
2023-07-25T12:00,30.1,79,12.1,980.6,233.3,0.3
2023-07-25T13:00,29.5,76,14.8,979.9,92.5,1.6
2023-07-25T14:00,29.1,77,12.5,979.5,167.5,0.6
2023-07-25T15:00,28.6,83,6.7,978.6,211.6,0.2
2023-07-25T16:00,29.5,79,9.5,977.8,523.6,0.0
2023-07-25T17:00,29.6,76,9.4,978.5,318.8,0.0
2023-07-25T18:00,28.4,82,8.7,979.5,127.1,0.2
2023-07-25T19:00,27.4,88,8.4,979.8,0.0,0.1
2023-07-25T20:00,27.0,90,10.1,980.6,0.0,0.0
2023-07-25T21:00,26.4,91,11.6,981.1,0.0,0.0
2023-07-25T22:00,26.3,90,11.6,981.4,0.0,0.0
2023-07-25T23:00,26.1,90,11.8,980.9,0.0,0.0
2023-07-26T00:00,26.1,90,13.1,980.5,0.0,0.0
2023-07-26T01:00,26.1,89,18.1,979.8,0.0,0.0
2023-07-26T02:00,25.9,88,18.4,979.7,0.0,0.0
2023-07-26T03:00,25.4,90,13.0,980.4,0.0,1.2
2023-07-26T04:00,24.7,94,13.1,980.8,0.0,3.8
2023-07-26T05:00,25.9,88,16.4,980.2,0.0,0.2
2023-07-26T06:00,26.0,87,15.1,981.0,39.7,0.0
2023-07-26T07:00,27.4,82,16.1,981.5,326.0,0.0
2023-07-26T08:00,28.5,78,19.5,981.9,388.0,0.0
2023-07-26T09:00,28.7,80,15.6,982.2,70.2,0.3
2023-07-26T10:00,29.8,76,15.1,982.0,140.6,0.2
2023-07-26T11:00,27.8,84,18.2,981.5,310.0,3.9
2023-07-26T12:00,28.5,83,18.1,980.6,247.4,2.3
2023-07-26T13:00,29.4,79,14.8,979.3,350.8,0.2
2023-07-26T14:00,30.0,77,12.4,978.8,176.2,0.2
2023-07-26T15:00,28.8,82,15.3,978.4,55.8,3.1
2023-07-26T16:00,29.1,82,10.4,977.8,163.4,0.0
2023-07-26T17:00,27.7,84,14.3,977.8,4.8,0.0
2023-07-26T18:00,27.5,87,8.4,978.0,0.0,0.9
2023-07-26T19:00,26.8,90,9.1,978.8,0.0,1.9
2023-07-26T20:00,27.2,89,13.4,979.3,0.0,1.0
2023-07-26T21:00,27.3,87,15.5,979.7,0.0,0.2
2023-07-26T22:00,25.9,94,3.8,980.3,0.0,14.5
2023-07-26T23:00,25.8,95,7.4,980.6,0.0,10.3
2023-07-27T00:00,25.6,95,11.3,979.7,0.0,16.2
2023-07-27T01:00,25.4,95,12.5,979.1,0.0,7.1
2023-07-27T02:00,25.3,95,14.8,978.6,0.0,9.9
2023-07-27T03:00,25.5,95,16.1,978.6,0.0,1.4
2023-07-27T04:00,24.9,96,16.8,978.3,0.0,4.5
2023-07-27T05:00,25.2,94,13.0,978.9,0.0,5.0
2023-07-27T06:00,25.5,93,15.5,979.8,20.0,0.0
2023-07-27T07:00,26.1,90,19.6,980.1,78.1,0.1
2023-07-27T08:00,27.1,85,20.0,981.0,286.3,0.2
2023-07-27T09:00,27.3,85,19.9,981.2,43.9,0.3
2023-07-27T10:00,27.9,82,21.4,980.4,20.3,0.4
2023-07-27T11:00,28.4,82,16.8,979.9,41.3,0.5
2023-07-27T12:00,30.0,78,14.1,978.6,209.2,0.3
2023-07-27T13:00,29.4,83,13.0,978.0,327.4,6.9
2023-07-27T14:00,28.0,89,13.8,977.8,153.3,5.4
2023-07-27T15:00,26.6,91,6.5,976.9,0.0,1.8
2023-07-27T16:00,27.4,89,12.2,977.5,131.1,0.4
2023-07-27T17:00,26.5,88,13.3,977.9,36.4,0.2
2023-07-27T18:00,25.7,92,12.6,978.8,0.0,0.3
2023-07-27T19:00,25.6,93,14.1,979.3,0.0,0.1
2023-07-27T20:00,25.5,91,18.3,980.0,0.0,0.1
2023-07-27T21:00,24.8,96,12.6,980.8,0.0,4.8
2023-07-27T22:00,25.1,95,13.5,980.9,0.0,0.2
2023-07-27T23:00,25.4,94,14.3,980.6,0.0,0.0
2023-07-28T00:00,25.2,94,14.4,980.1,0.0,1.0
2023-07-28T01:00,25.1,94,16.5,979.2,0.0,0.3
2023-07-28T02:00,24.7,96,13.7,979.0,0.0,0.8
2023-07-28T03:00,24.4,96,12.1,978.5,0.0,1.2
2023-07-28T04:00,24.7,96,11.6,978.7,0.0,7.3
2023-07-28T05:00,24.6,94,16.6,979.1,0.0,1.7
2023-07-28T06:00,24.7,95,14.9,980.1,0.0,5.0
2023-07-28T07:00,24.8,95,15.3,981.0,0.0,4.8
2023-07-28T08:00,25.2,95,16.6,981.6,0.0,2.8
2023-07-28T09:00,25.3,94,17.8,981.5,0.0,2.9
2023-07-28T10:00,26.4,92,20.8,981.5,22.7,1.6
2023-07-28T11:00,27.6,87,21.4,981.2,65.6,1.0
2023-07-28T12:00,28.4,82,22.0,980.6,111.6,0.4
2023-07-28T13:00,29.0,77,22.0,979.7,137.3,1.3
2023-07-28T14:00,29.8,77,19.6,978.7,188.4,0.3
2023-07-28T15:00,30.4,73,19.5,977.8,326.1,0.2
2023-07-28T16:00,30.3,74,16.4,977.6,197.7,0.2
2023-07-28T17:00,27.6,87,12.2,978.8,121.5,0.2
2023-07-28T18:00,27.5,88,10.7,979.6,32.4,0.2
2023-07-28T19:00,27.1,87,13.0,980.2,0.0,0.0
2023-07-28T20:00,27.1,86,13.6,980.8,0.0,0.0
2023-07-28T21:00,27.1,85,16.0,981.5,0.0,0.0
2023-07-28T22:00,26.9,85,16.9,981.9,0.0,0.4
2023-07-28T23:00,26.6,85,16.8,981.4,0.0,0.0
2023-07-29T00:00,26.4,85,17.1,981.0,0.0,0.0
2023-07-29T01:00,26.4,84,17.7,980.4,0.0,0.0
2023-07-29T02:00,26.4,83,17.2,980.2,0.0,0.0
2023-07-29T03:00,26.2,82,17.0,980.1,0.0,0.0
2023-07-29T04:00,26.1,82,17.0,980.5,0.0,0.0
2023-07-29T05:00,26.6,80,13.8,981.4,0.0,0.0
2023-07-29T06:00,26.8,79,16.9,981.7,0.0,0.0
2023-07-29T07:00,27.1,80,15.9,982.6,26.2,0.0
2023-07-29T08:00,27.6,77,16.6,983.1,39.0,0.0
2023-07-29T09:00,28.1,75,17.5,983.6,52.8,0.0
2023-07-29T10:00,29.0,73,20.5,983.5,152.7,0.0
2023-07-29T11:00,29.3,72,19.0,982.8,28.6,0.0
2023-07-29T12:00,30.2,69,18.9,982.1,209.2,0.0
2023-07-29T13:00,30.7,68,18.5,981.0,250.2,0.0
2023-07-29T14:00,31.1,65,18.5,979.9,227.8,0.0
2023-07-29T15:00,31.1,65,18.8,979.1,285.6,0.0
2023-07-29T16:00,29.9,70,16.1,979.4,308.3,0.6
2023-07-29T17:00,29.1,75,13.0,980.7,78.0,0.0
2023-07-29T18:00,28.5,76,11.9,980.8,5.4,0.0
2023-07-29T19:00,27.9,76,11.9,981.7,0.0,0.0
2023-07-29T20:00,27.3,81,12.2,982.5,0.0,0.0
2023-07-29T21:00,26.9,84,11.2,983.1,0.0,0.0
2023-07-29T22:00,26.8,83,12.7,983.4,0.0,0.0
2023-07-29T23:00,26.9,77,14.7,982.9,0.0,0.0
2023-07-30T00:00,26.8,76,15.0,982.0,0.0,0.0
2023-07-30T01:00,26.5,77,14.3,981.7,0.0,0.0
2023-07-30T02:00,26.2,79,14.2,981.1,0.0,0.0
2023-07-30T03:00,25.9,80,13.6,981.1,0.0,0.0
2023-07-30T04:00,25.7,81,13.2,981.5,0.0,0.0
2023-07-30T05:00,25.9,87,13.7,981.0,0.0,0.0
2023-07-30T06:00,26.1,86,15.1,981.7,20.3,0.2
2023-07-30T07:00,27.0,81,18.0,982.8,161.8,0.0
2023-07-30T08:00,27.4,80,15.8,983.2,28.8,0.2
2023-07-30T09:00,27.9,76,18.0,983.5,38.1,0.1
2023-07-30T10:00,29.2,71,19.1,983.1,201.6,0.0
2023-07-30T11:00,30.2,67,18.8,982.6,350.4,0.0
2023-07-30T12:00,30.7,64,20.1,981.5,212.3,0.0
2023-07-30T13:00,31.6,62,18.7,980.3,358.0,0.1
2023-07-30T14:00,31.2,63,19.2,978.9,243.3,0.2
2023-07-30T15:00,28.8,79,14.6,979.2,266.7,2.9
2023-07-30T16:00,29.5,75,11.6,978.8,52.0,0.0
2023-07-30T17:00,29.8,75,10.0,979.1,17.1,0.0
2023-07-30T18:00,29.0,74,11.9,979.7,43.8,0.0
2023-07-30T19:00,28.3,75,11.7,980.7,0.0,0.0
2023-07-30T20:00,27.6,79,11.9,981.3,0.0,0.0
2023-07-30T21:00,27.1,81,11.9,982.4,0.0,0.0
2023-07-30T22:00,26.9,82,12.6,982.5,0.0,0.0
2023-07-30T23:00,26.7,83,11.5,982.3,0.0,0.0
2023-07-31T00:00,26.5,84,12.2,981.4,0.0,0.0
2023-07-31T01:00,26.4,84,13.0,980.7,0.0,0.0
2023-07-31T02:00,26.3,83,11.6,980.6,0.0,0.0
2023-07-31T03:00,26.0,83,11.7,980.6,0.0,0.0
2023-07-31T04:00,25.8,83,12.1,980.7,0.0,0.0
2023-07-31T05:00,26.9,80,14.5,980.4,0.0,0.0
2023-07-31T06:00,26.8,81,12.4,981.3,0.0,0.0
2023-07-31T07:00,27.6,77,15.3,981.9,109.5,0.0
2023-07-31T08:00,28.2,74,20.3,982.5,201.6,0.0
2023-07-31T09:00,29.0,70,20.5,982.7,278.8,0.0
2023-07-31T10:00,29.9,69,17.9,982.9,305.5,0.0
2023-07-31T11:00,30.5,67,16.8,982.3,294.4,0.1
2023-07-31T12:00,29.4,76,12.0,981.5,17.1,2.4
2023-07-31T13:00,30.5,72,9.4,980.1,285.9,0.2
2023-07-31T14:00,28.7,79,12.7,980.0,515.2,1.8
2023-07-31T15:00,28.6,80,13.3,980.1,106.8,0.8
2023-07-31T16:00,27.7,84,11.1,979.5,19.5,0.2
2023-07-31T17:00,26.9,84,11.2,979.0,22.0,0.3
2023-07-31T18:00,26.3,88,8.4,979.3,198.7,0.4
2023-07-31T19:00,26.0,90,8.4,980.3,0.0,0.1
2023-07-31T20:00,26.1,90,9.8,981.3,0.0,0.0
2023-07-31T21:00,26.3,89,13.2,981.7,0.0,0.0
2023-07-31T22:00,26.3,88,13.3,981.7,0.0,0.0
2023-07-31T23:00,26.1,86,13.4,981.4,0.0,0.0
2023-08-01T00:00,25.9,86,14.4,980.8,0.0,0.0
2023-08-01T01:00,25.9,87,14.4,980.4,0.0,0.0
2023-08-01T02:00,25.8,87,14.1,980.1,0.0,0.0
2023-08-01T03:00,25.8,86,15.2,979.9,0.0,0.0
2023-08-01T04:00,25.7,85,14.5,980.2,0.0,0.0
2023-08-01T05:00,26.0,86,14.3,980.3,0.0,0.0
2023-08-01T06:00,26.3,85,14.0,980.9,0.0,0.0
2023-08-01T07:00,27.2,82,16.1,981.3,75.8,0.0
2023-08-01T08:00,28.4,74,23.5,981.8,337.9,0.0
2023-08-01T09:00,29.1,70,23.5,982.0,296.6,0.0
2023-08-01T10:00,30.1,66,24.5,981.8,520.5,0.1
2023-08-01T11:00,30.8,66,20.3,981.4,400.3,0.1
2023-08-01T12:00,31.6,65,19.5,980.7,484.0,0.0
2023-08-01T13:00,32.0,60,19.9,979.4,421.3,0.0
2023-08-01T14:00,30.4,69,18.5,979.0,548.3,0.4
2023-08-01T15:00,31.2,67,18.0,978.5,376.5,0.0
2023-08-01T16:00,28.7,76,16.6,978.9,312.7,1.2
2023-08-01T17:00,28.8,77,14.4,979.3,0.0,0.1
2023-08-01T18:00,28.1,77,13.7,979.6,16.7,0.0
2023-08-01T19:00,27.6,78,13.4,980.3,0.0,0.0
2023-08-01T20:00,27.6,78,12.6,980.6,0.0,0.0
2023-08-01T21:00,27.7,78,13.7,981.1,0.0,0.0
2023-08-01T22:00,27.7,77,14.4,981.6,0.0,0.0
2023-08-01T23:00,27.1,80,15.6,981.1,0.0,0.2
2023-08-02T00:00,26.7,81,16.2,980.9,0.0,0.4
2023-08-02T01:00,26.2,84,15.8,980.6,0.0,0.4
2023-08-02T02:00,25.9,86,15.1,980.2,0.0,0.3
2023-08-02T03:00,25.5,89,14.8,980.3,0.0,0.5
2023-08-02T04:00,25.2,89,15.9,980.6,0.0,0.7
2023-08-02T05:00,25.5,88,17.8,980.1,0.0,0.6
2023-08-02T06:00,25.2,90,18.1,980.6,0.0,0.5
2023-08-02T07:00,25.1,90,17.1,981.4,0.0,0.4
2023-08-02T08:00,25.4,90,16.8,982.5,6.2,0.4
2023-08-02T09:00,25.6,90,16.8,982.7,4.4,0.7
2023-08-02T10:00,26.5,86,18.2,982.7,6.0,0.5
2023-08-02T11:00,26.4,87,17.5,982.0,1.1,0.5
2023-08-02T12:00,27.4,81,18.4,981.3,1.0,0.2
2023-08-02T13:00,27.5,81,15.2,980.7,0.0,0.2
2023-08-02T14:00,28.0,79,13.7,979.8,5.5,0.2
2023-08-02T15:00,27.7,80,15.1,979.2,1.3,0.1
2023-08-02T16:00,27.4,80,16.3,978.8,0.0,0.1
2023-08-02T17:00,26.2,83,17.0,979.1,0.0,0.0
2023-08-02T18:00,26.4,81,16.2,979.4,0.0,0.0
2023-08-02T19:00,26.5,81,15.5,980.0,0.0,0.0
2023-08-02T20:00,26.6,80,15.5,980.4,0.0,0.0
2023-08-02T21:00,26.8,77,16.9,980.6,0.0,0.0
2023-08-02T22:00,26.5,79,16.9,980.9,0.0,0.1
2023-08-02T23:00,26.2,81,16.9,980.8,0.0,0.1
2023-08-03T00:00,26.0,82,16.9,980.2,0.0,0.2
2023-08-03T01:00,25.8,83,18.0,980.0,0.0,0.5
2023-08-03T02:00,25.3,86,19.1,979.3,0.0,0.6
2023-08-03T03:00,24.8,90,19.4,979.1,0.0,0.5
2023-08-03T04:00,24.6,90,19.8,979.2,0.0,0.5
2023-08-03T05:00,24.9,89,20.2,979.6,0.0,0.4
2023-08-03T06:00,24.9,88,21.2,980.2,0.0,0.2
2023-08-03T07:00,24.6,91,19.8,980.7,0.0,0.4
2023-08-03T08:00,24.7,91,18.7,981.2,0.0,0.7
2023-08-03T09:00,25.2,91,20.2,981.1,1.5,0.7
2023-08-03T10:00,26.1,87,22.7,981.0,10.8,0.5
2023-08-03T11:00,27.0,82,23.0,980.7,20.1,0.4
2023-08-03T12:00,27.5,79,24.1,980.4,32.2,0.3
2023-08-03T13:00,27.6,79,22.0,979.8,18.3,0.3
2023-08-03T14:00,27.6,79,19.8,979.5,25.2,0.3
2023-08-03T15:00,27.2,81,18.1,979.0,2.5,0.3
2023-08-03T16:00,27.0,82,17.5,979.0,4.9,0.3
2023-08-03T17:00,25.9,86,17.5,979.5,7.4,0.1
2023-08-03T18:00,25.9,84,16.2,980.3,11.3,0.0
2023-08-03T19:00,25.8,83,17.2,980.7,0.0,0.0
2023-08-03T20:00,25.6,83,15.7,981.5,0.0,0.0
2023-08-03T21:00,25.6,84,14.0,982.2,0.0,0.0
2023-08-03T22:00,25.5,85,14.2,982.5,0.0,0.0
2023-08-03T23:00,25.4,86,13.4,982.5,0.0,0.0
2023-08-04T00:00,25.3,88,12.1,982.2,0.0,0.0
2023-08-04T01:00,25.1,89,12.7,981.8,0.0,0.0
2023-08-04T02:00,25.2,88,13.5,981.2,0.0,0.0
2023-08-04T03:00,25.3,86,15.2,981.1,0.0,0.0
2023-08-04T04:00,25.1,85,16.4,981.2,0.0,0.0
2023-08-04T05:00,25.3,84,17.3,981.7,0.0,0.0
2023-08-04T06:00,25.5,84,15.8,982.5,10.4,0.0
2023-08-04T07:00,26.5,80,19.1,982.7,84.3,0.0
2023-08-04T08:00,27.3,78,16.2,983.4,95.2,0.0
2023-08-04T09:00,28.3,75,18.4,983.6,279.5,0.0
2023-08-04T10:00,29.8,69,18.4,983.8,579.6,0.0
2023-08-04T11:00,29.9,68,22.8,983.7,361.3,0.0
2023-08-04T12:00,30.1,66,21.9,983.3,307.1,0.1
2023-08-04T13:00,30.9,64,20.2,982.8,664.9,0.1
2023-08-04T14:00,31.4,64,18.4,982.0,586.3,0.0
2023-08-04T15:00,31.1,64,17.6,981.4,462.9,0.0
2023-08-04T16:00,30.7,64,16.6,981.1,548.2,0.0
2023-08-04T17:00,29.7,71,11.2,981.7,453.8,0.0
2023-08-04T18:00,28.5,75,8.6,982.1,171.7,0.0
2023-08-04T19:00,27.7,78,10.2,983.1,0.0,0.0
2023-08-04T20:00,27.0,80,8.0,983.9,0.0,0.0
2023-08-04T21:00,26.6,81,8.2,984.7,0.0,0.0
2023-08-04T22:00,26.3,83,8.7,984.9,0.0,0.0
2023-08-04T23:00,26.0,85,8.7,984.7,0.0,0.0
2023-08-05T00:00,25.7,85,9.4,984.3,0.0,0.0
2023-08-05T01:00,25.3,87,9.0,984.0,0.0,0.0
2023-08-05T02:00,25.2,87,9.7,983.6,0.0,0.0
2023-08-05T03:00,25.1,88,10.4,983.9,0.0,0.0
2023-08-05T04:00,25.4,85,13.0,984.0,0.0,0.0
2023-08-05T05:00,24.8,89,9.6,984.6,0.0,0.0
2023-08-05T06:00,25.3,88,10.7,985.1,21.0,0.0
2023-08-05T07:00,26.8,80,17.3,985.6,250.0,0.0
2023-08-05T08:00,28.1,76,17.3,986.0,474.4,0.0
2023-08-05T09:00,29.2,70,21.4,986.3,587.3,0.0
2023-08-05T10:00,29.8,70,17.5,986.3,499.6,0.1
2023-08-05T11:00,31.0,67,17.8,985.7,706.9,0.0
2023-08-05T12:00,31.7,64,16.6,984.8,629.3,0.1
2023-08-05T13:00,32.1,62,18.4,983.7,691.6,0.0
2023-08-05T14:00,32.1,63,17.6,982.6,586.7,0.1
2023-08-05T15:00,32.4,60,17.0,981.7,610.1,0.0
2023-08-05T16:00,32.0,61,15.2,981.4,593.4,0.2
2023-08-05T17:00,31.0,62,13.0,983.1,418.1,0.1
2023-08-05T18:00,29.3,70,9.5,983.9,196.6,0.0
2023-08-05T19:00,28.6,71,11.2,984.6,0.0,0.0
2023-08-05T20:00,28.0,72,11.2,985.2,0.0,0.0
2023-08-05T21:00,27.6,74,11.2,985.9,0.0,0.0
2023-08-05T22:00,27.0,79,9.2,985.9,0.0,0.0
2023-08-05T23:00,26.5,82,10.0,985.8,0.0,0.0
2023-08-06T00:00,26.4,81,11.7,985.3,0.0,0.0
2023-08-06T01:00,26.3,80,12.4,984.4,0.0,0.0
2023-08-06T02:00,25.9,82,12.4,984.0,0.0,0.0
2023-08-06T03:00,25.8,82,12.4,984.0,0.0,0.0
2023-08-06T04:00,25.7,82,13.0,984.0,0.0,0.0
2023-08-06T05:00,26.8,79,14.3,984.1,0.0,0.0
2023-08-06T06:00,26.8,80,14.4,984.8,31.7,0.0
2023-08-06T07:00,27.6,78,16.9,985.0,243.2,0.0
2023-08-06T08:00,28.3,75,21.3,984.9,433.5,0.0
2023-08-06T09:00,29.3,70,21.0,985.3,546.4,0.0
2023-08-06T10:00,30.0,68,20.5,985.1,562.0,0.1
2023-08-06T11:00,30.7,66,18.1,984.7,571.3,0.2
2023-08-06T12:00,31.6,64,16.0,983.5,590.2,0.0
2023-08-06T13:00,32.0,63,17.0,982.2,629.7,0.1
2023-08-06T14:00,31.7,63,17.8,981.1,534.3,0.1
2023-08-06T15:00,31.5,63,18.5,980.3,537.9,0.0
2023-08-06T16:00,31.5,64,16.9,979.7,530.4,0.0
2023-08-06T17:00,29.4,72,13.2,981.7,304.7,0.0
2023-08-06T18:00,28.0,77,9.8,982.6,151.9,0.5
2023-08-06T19:00,27.8,77,8.3,982.8,0.0,0.0
2023-08-06T20:00,27.2,78,9.0,983.5,0.0,0.0
2023-08-06T21:00,26.9,78,9.0,983.8,0.0,0.0
2023-08-06T22:00,26.5,80,9.0,983.9,0.0,0.0
2023-08-06T23:00,26.0,83,7.3,983.4,0.0,0.0
2023-08-07T00:00,25.7,85,8.7,982.9,0.0,0.0
2023-08-07T01:00,25.5,85,8.8,982.3,0.0,0.0
2023-08-07T02:00,25.4,85,9.8,982.0,0.0,0.0
2023-08-07T03:00,25.7,82,12.3,982.1,0.0,0.0
2023-08-07T04:00,25.9,77,15.5,982.1,0.0,0.0
2023-08-07T05:00,26.5,74,16.3,982.0,0.0,0.0
2023-08-07T06:00,26.4,75,15.5,982.6,10.6,0.0
2023-08-07T07:00,26.9,75,15.1,983.3,135.6,0.0
2023-08-07T08:00,27.4,74,18.8,983.8,213.9,0.0
2023-08-07T09:00,27.9,72,19.3,984.0,215.2,0.1
2023-08-07T10:00,28.8,67,21.3,983.9,338.5,0.0
2023-08-07T11:00,29.2,65,18.0,983.2,218.4,0.0
2023-08-07T12:00,29.5,63,20.8,982.5,155.1,0.1
2023-08-07T13:00,29.8,64,17.0,981.5,233.4,0.1
2023-08-07T14:00,31.3,57,21.1,980.3,419.1,0.1
2023-08-07T15:00,29.8,66,19.8,980.1,336.4,0.3
2023-08-07T16:00,30.0,66,14.0,979.8,194.2,0.1
2023-08-07T17:00,28.7,70,12.0,981.1,117.9,0.0
2023-08-07T18:00,27.8,74,7.9,981.8,65.0,0.0
2023-08-07T19:00,27.1,76,8.5,982.1,0.0,0.0
2023-08-07T20:00,26.8,77,8.8,982.7,0.0,0.0
2023-08-07T21:00,26.3,78,8.8,982.8,0.0,0.0
2023-08-07T22:00,25.9,80,8.0,982.7,0.0,0.0
2023-08-07T23:00,25.6,82,7.8,982.3,0.0,0.0
2023-08-08T00:00,25.5,82,8.0,981.9,0.0,0.0
2023-08-08T01:00,25.2,84,7.8,981.6,0.0,0.0
2023-08-08T02:00,24.8,86,7.1,981.5,0.0,0.1
2023-08-08T03:00,24.6,88,6.6,981.7,0.0,0.1
2023-08-08T04:00,24.6,88,8.7,982.0,0.0,0.0
2023-08-08T05:00,25.7,82,11.7,982.5,0.0,0.0
2023-08-08T06:00,26.1,81,11.3,983.5,21.3,0.0
2023-08-08T07:00,27.0,76,14.8,984.0,147.7,0.0
2023-08-08T08:00,27.6,74,15.0,984.2,158.0,0.0
2023-08-08T09:00,28.8,69,16.9,984.4,305.2,0.1
2023-08-08T10:00,29.9,61,20.3,984.1,477.4,0.0
2023-08-08T11:00,31.0,58,19.5,983.6,559.9,0.0
2023-08-08T12:00,31.3,57,16.3,982.9,366.8,0.0
2023-08-08T13:00,30.6,61,17.0,982.5,466.0,0.2
2023-08-08T14:00,30.7,60,14.8,982.1,346.7,0.2
2023-08-08T15:00,30.8,61,13.1,981.8,367.6,0.3
2023-08-08T16:00,30.9,61,11.7,981.5,384.2,0.2
2023-08-08T17:00,29.1,69,9.0,983.1,287.0,0.0
2023-08-08T18:00,27.9,76,5.1,983.2,191.3,0.0
2023-08-08T19:00,26.7,81,5.0,983.6,0.0,0.0
2023-08-08T20:00,26.2,83,5.1,983.9,0.0,0.0
2023-08-08T21:00,25.8,83,5.8,984.5,0.0,0.0
2023-08-08T22:00,25.2,86,5.1,984.8,0.0,0.0
2023-08-08T23:00,25.0,87,5.6,984.6,0.0,0.0
2023-08-09T00:00,25.0,86,6.4,984.1,0.0,0.0
2023-08-09T01:00,24.8,86,6.8,983.7,0.0,0.0
2023-08-09T02:00,24.7,86,8.1,983.7,0.0,0.0
2023-08-09T03:00,24.8,86,7.6,983.9,0.0,0.0
2023-08-09T04:00,24.5,87,7.2,984.3,0.0,0.0
2023-08-09T05:00,24.9,86,6.2,984.7,0.0,0.0
2023-08-09T06:00,25.1,87,8.4,985.8,21.4,0.0
2023-08-09T07:00,26.3,86,6.6,986.6,167.7,0.0
2023-08-09T08:00,27.7,80,7.9,987.4,227.0,0.0
2023-08-09T09:00,28.8,74,12.6,987.5,466.2,0.0
2023-08-09T10:00,30.0,66,14.3,987.2,585.2,0.0
2023-08-09T11:00,30.9,62,15.1,986.9,635.4,0.0
2023-08-09T12:00,31.6,58,15.8,986.0,650.2,0.0
2023-08-09T13:00,31.6,57,16.0,985.3,477.5,0.0
2023-08-09T14:00,31.2,58,15.4,984.4,223.6,0.0
2023-08-09T15:00,30.7,60,12.6,983.6,94.9,0.0
2023-08-09T16:00,30.5,63,10.1,983.4,147.1,0.0
2023-08-09T17:00,29.8,68,8.3,984.2,45.5,0.0
2023-08-09T18:00,28.2,76,5.1,984.3,48.4,0.0
2023-08-09T19:00,27.3,79,5.1,984.8,0.0,0.0
2023-08-09T20:00,26.8,80,5.8,985.1,0.0,0.0
2023-08-09T21:00,26.3,82,6.3,985.8,0.0,0.0
2023-08-09T22:00,25.9,83,6.8,986.1,0.0,0.0
2023-08-09T23:00,25.6,84,7.3,985.8,0.0,0.0
2023-08-10T00:00,25.4,85,7.6,985.2,0.0,0.0
2023-08-10T01:00,25.2,87,7.9,985.1,0.0,0.0
2023-08-10T02:00,25.0,88,7.2,984.6,0.0,0.0
2023-08-10T03:00,24.7,89,6.9,984.8,0.0,0.0
2023-08-10T04:00,24.6,89,7.3,985.2,0.0,0.0
2023-08-10T05:00,25.2,86,7.9,985.2,0.0,0.0
2023-08-10T06:00,25.9,86,11.6,986.3,32.3,0.0
2023-08-10T07:00,27.1,80,14.6,986.9,277.8,0.0
2023-08-10T08:00,27.6,78,12.0,987.6,358.6,0.0
2023-08-10T09:00,29.0,74,12.5,988.0,574.2,0.0
2023-08-10T10:00,30.2,69,11.6,987.9,635.7,0.0
2023-08-10T11:00,31.1,63,12.2,987.5,666.3,0.0
2023-08-10T12:00,31.9,60,12.7,986.5,705.8,0.0
2023-08-10T13:00,32.4,55,13.1,985.4,747.2,0.0
2023-08-10T14:00,32.7,54,11.9,984.4,711.1,0.0
2023-08-10T15:00,32.8,53,12.7,983.6,663.9,0.0
2023-08-10T16:00,32.2,54,11.6,983.1,599.6,0.0
2023-08-10T17:00,31.9,59,6.5,983.7,469.9,0.0
2023-08-10T18:00,29.2,77,5.7,983.9,249.6,0.0
2023-08-10T19:00,27.8,78,5.6,984.6,0.0,0.0
2023-08-10T20:00,27.1,81,5.4,985.3,0.0,0.0
2023-08-10T21:00,26.9,79,5.8,986.2,0.0,0.0
2023-08-10T22:00,26.5,80,5.5,986.6,0.0,0.0
2023-08-10T23:00,26.3,80,6.6,986.3,0.0,0.0
2023-08-11T00:00,26.1,80,7.9,985.7,0.0,0.0
2023-08-11T01:00,25.9,81,8.6,985.6,0.0,0.0
2023-08-11T02:00,25.6,83,8.4,985.0,0.0,0.0
2023-08-11T03:00,25.3,84,7.3,985.0,0.0,0.0
2023-08-11T04:00,24.9,86,7.0,985.2,0.0,0.0
2023-08-11T05:00,25.9,83,8.6,985.5,0.0,0.0
2023-08-11T06:00,26.4,83,9.6,986.2,32.5,0.1
2023-08-11T07:00,27.5,81,10.6,986.9,325.9,0.0
2023-08-11T08:00,28.8,76,15.0,987.0,544.8,0.0
2023-08-11T09:00,29.8,71,15.3,987.1,664.6,0.0
2023-08-11T10:00,30.7,65,13.7,987.1,659.9,0.0
2023-08-11T11:00,31.6,61,13.2,986.4,730.2,0.0
2023-08-11T12:00,32.0,59,13.2,985.6,724.2,0.0
2023-08-11T13:00,32.3,57,13.4,984.5,666.9,0.0
2023-08-11T14:00,32.4,57,12.6,983.5,699.6,0.1
2023-08-11T15:00,32.6,58,11.6,982.5,653.2,0.0
2023-08-11T16:00,32.2,58,11.0,982.2,561.3,0.0
2023-08-11T17:00,31.9,60,9.0,982.7,439.0,0.0
2023-08-11T18:00,29.5,74,5.2,983.1,214.3,0.0
2023-08-11T19:00,28.3,76,5.2,983.8,0.0,0.0
2023-08-11T20:00,27.5,80,5.9,984.6,0.0,0.0
2023-08-11T21:00,27.1,80,5.0,985.0,0.0,0.0
2023-08-11T22:00,26.8,81,6.3,985.2,0.0,0.0
2023-08-11T23:00,26.5,82,6.8,985.1,0.0,0.0
2023-08-12T00:00,26.0,83,6.5,984.9,0.0,0.0
2023-08-12T01:00,25.5,85,5.8,984.5,0.0,0.0
2023-08-12T02:00,25.3,85,6.6,984.1,0.0,0.0
2023-08-12T03:00,25.1,85,6.9,984.0,0.0,0.0
2023-08-12T04:00,24.9,86,6.6,984.3,0.0,0.0
2023-08-12T05:00,25.4,85,7.0,984.7,0.0,0.0
2023-08-12T06:00,26.0,85,8.8,985.3,32.6,0.0
2023-08-12T07:00,27.3,81,9.2,985.7,315.1,0.0
2023-08-12T08:00,28.7,75,12.2,986.4,547.5,0.0
2023-08-12T09:00,29.9,68,15.0,986.8,644.3,0.0
2023-08-12T10:00,30.8,63,15.5,986.6,618.2,0.0
2023-08-12T11:00,31.6,60,15.3,985.8,618.9,0.0
2023-08-12T12:00,32.3,57,14.8,984.9,616.6,0.0
2023-08-12T13:00,32.6,55,13.7,983.9,600.9,0.0
2023-08-12T14:00,33.1,53,14.2,982.7,645.1,0.0
2023-08-12T15:00,32.7,53,14.4,981.9,632.3,0.0
2023-08-12T16:00,32.2,53,12.8,981.5,419.5,0.0
2023-08-12T17:00,31.5,58,9.9,982.4,343.7,0.0
2023-08-12T18:00,29.3,68,5.7,982.4,172.6,0.0
2023-08-12T19:00,28.3,70,6.2,983.1,0.0,0.0
2023-08-12T20:00,27.8,71,6.5,983.7,0.0,0.0
2023-08-12T21:00,27.5,70,7.6,984.1,0.0,0.0
2023-08-12T22:00,27.1,71,8.4,984.3,0.0,0.0
2023-08-12T23:00,26.5,75,8.0,984.3,0.0,0.0
2023-08-13T00:00,26.2,77,8.4,983.7,0.0,0.0
2023-08-13T01:00,26.0,79,8.7,983.0,0.0,0.0
2023-08-13T02:00,25.8,80,8.7,982.8,0.0,0.0
2023-08-13T03:00,25.6,81,8.6,982.8,0.0,0.0
2023-08-13T04:00,25.4,82,9.0,983.1,0.0,0.0
2023-08-13T05:00,25.7,82,8.1,983.7,0.0,0.0
2023-08-13T06:00,26.1,82,9.0,984.1,0.0,0.0
2023-08-13T07:00,27.1,78,11.4,984.5,86.9,0.0
2023-08-13T08:00,28.0,74,14.3,985.1,190.4,0.0
2023-08-13T09:00,28.9,69,14.7,985.6,334.2,0.0
2023-08-13T10:00,30.0,64,14.0,985.4,409.9,0.0
2023-08-13T11:00,30.8,60,13.4,984.8,442.8,0.1
2023-08-13T12:00,31.6,57,14.1,983.7,492.6,0.1
2023-08-13T13:00,32.1,55,14.1,982.7,501.1,0.1
2023-08-13T14:00,32.2,54,14.2,981.9,570.5,0.1
2023-08-13T15:00,32.0,54,13.8,981.2,402.5,0.1
2023-08-13T16:00,31.7,56,12.2,981.2,397.3,0.1
2023-08-13T17:00,30.5,60,8.6,982.5,247.5,0.0
2023-08-13T18:00,28.7,71,4.7,983.2,80.6,0.0
2023-08-13T19:00,28.5,68,7.1,983.8,0.0,0.0
2023-08-13T20:00,27.7,71,6.0,983.9,0.0,0.0
2023-08-13T21:00,27.1,76,4.8,984.3,0.0,0.0
2023-08-13T22:00,26.5,78,4.7,984.4,0.0,0.0
2023-08-13T23:00,26.0,81,4.6,984.4,0.0,0.0
2023-08-14T00:00,26.2,78,6.1,984.2,0.0,0.0
2023-08-14T01:00,26.3,75,8.8,984.0,0.0,0.0
2023-08-14T02:00,26.1,76,8.7,983.6,0.0,0.0
2023-08-14T03:00,25.5,78,6.9,983.8,0.0,0.0
2023-08-14T04:00,25.4,79,7.9,984.1,0.0,0.0
2023-08-14T05:00,25.2,88,5.2,984.5,0.0,0.0
2023-08-14T06:00,24.9,91,7.1,985.7,22.0,1.3
2023-08-14T07:00,25.4,90,9.5,986.0,122.9,0.3
2023-08-14T08:00,26.9,84,8.6,986.5,305.8,0.2
2023-08-14T09:00,28.5,77,10.8,986.6,361.0,0.0
2023-08-14T10:00,29.2,73,9.5,986.6,158.2,0.0
2023-08-14T11:00,29.2,71,7.5,986.1,0.0,0.0
2023-08-14T12:00,30.4,66,5.0,985.4,210.1,0.0
2023-08-14T13:00,31.2,62,6.1,984.3,351.0,0.0
2023-08-14T14:00,31.7,59,6.6,983.1,460.4,0.0
2023-08-14T15:00,31.9,56,6.9,982.5,618.9,0.0
2023-08-14T16:00,31.8,56,7.8,982.2,507.2,0.0
2023-08-14T17:00,30.3,63,7.2,982.9,430.2,0.0
2023-08-14T18:00,28.3,73,4.7,983.4,124.9,0.2
2023-08-14T19:00,27.3,76,5.1,983.7,0.0,0.0
2023-08-14T20:00,26.6,78,5.2,984.4,0.0,0.0
2023-08-14T21:00,25.9,84,4.9,985.0,0.0,0.0
2023-08-14T22:00,25.8,85,4.7,985.3,0.0,0.0
2023-08-14T23:00,25.3,87,4.1,985.1,0.0,0.0
2023-08-15T00:00,24.9,90,4.8,984.7,0.0,0.0
2023-08-15T01:00,25.0,89,4.8,984.5,0.0,0.0
2023-08-15T02:00,24.6,91,4.8,984.0,0.0,0.0
2023-08-15T03:00,24.6,90,4.1,984.2,0.0,0.0
2023-08-15T04:00,24.5,91,5.0,984.4,0.0,0.0
2023-08-15T05:00,24.8,92,6.0,985.3,0.0,0.0
2023-08-15T06:00,25.4,91,5.2,985.7,22.1,0.0
2023-08-15T07:00,26.6,87,6.6,986.2,302.3,0.0
2023-08-15T08:00,28.0,80,9.0,986.7,494.9,0.0
2023-08-15T09:00,29.1,74,12.9,986.5,636.6,0.0
2023-08-15T10:00,30.0,68,14.0,986.5,687.2,0.1
2023-08-15T11:00,30.8,66,12.9,986.1,700.4,0.0
2023-08-15T12:00,31.2,63,12.9,985.2,484.0,0.1
2023-08-15T13:00,28.7,77,12.2,984.5,94.2,2.3
2023-08-15T14:00,29.5,73,8.7,983.3,306.9,0.2
2023-08-15T15:00,29.2,72,9.8,982.7,352.1,3.6
2023-08-15T16:00,29.6,71,7.1,982.5,418.0,0.1
2023-08-15T17:00,30.9,62,7.6,982.7,409.2,0.0
2023-08-15T18:00,28.9,73,4.8,983.4,163.5,0.0
2023-08-15T19:00,28.0,75,5.0,984.1,0.0,0.0
2023-08-15T20:00,27.4,77,5.0,985.2,0.0,0.0
2023-08-15T21:00,27.3,77,6.2,985.7,0.0,0.0
2023-08-15T22:00,27.2,78,5.9,986.0,0.0,0.0
2023-08-15T23:00,26.7,81,5.9,985.7,0.0,0.0
2023-08-16T00:00,26.2,84,6.1,985.4,0.0,0.0
2023-08-16T01:00,26.2,83,6.9,984.8,0.0,0.0
2023-08-16T02:00,26.0,83,7.9,984.1,0.0,0.0
2023-08-16T03:00,25.5,84,7.2,984.2,0.0,0.0
2023-08-16T04:00,25.2,84,7.6,984.6,0.0,0.0
2023-08-16T05:00,25.8,82,13.4,985.3,0.0,0.0
2023-08-16T06:00,25.4,84,11.5,985.4,22.2,0.1
2023-08-16T07:00,26.5,85,9.4,986.2,315.2,0.0
2023-08-16T08:00,28.0,80,12.8,986.6,501.8,0.0
2023-08-16T09:00,29.4,74,14.5,986.6,611.8,0.0
2023-08-16T10:00,30.2,69,14.7,986.4,655.1,0.1
2023-08-16T11:00,31.3,64,12.8,985.8,500.8,0.0
2023-08-16T12:00,31.2,63,13.2,984.6,188.0,0.0
2023-08-16T13:00,30.8,64,11.0,983.5,91.2,0.0
2023-08-16T14:00,31.1,63,10.5,982.4,159.7,0.0
2023-08-16T15:00,31.8,60,9.6,981.6,264.5,0.0
2023-08-16T16:00,31.8,60,8.8,981.5,202.1,0.0
2023-08-16T17:00,29.7,72,8.0,982.8,188.7,0.4
2023-08-16T18:00,28.4,78,8.0,983.6,139.4,0.0
2023-08-16T19:00,27.6,81,6.2,984.2,0.0,0.0
2023-08-16T20:00,27.1,84,5.1,984.7,0.0,0.0
2023-08-16T21:00,26.7,86,5.5,985.5,0.0,0.0
2023-08-16T22:00,26.5,87,6.3,985.4,0.0,0.0
2023-08-16T23:00,26.2,89,7.2,985.0,0.0,0.0
2023-08-17T00:00,25.9,89,8.0,984.2,0.0,0.0
2023-08-17T01:00,25.7,90,6.9,983.9,0.0,0.0
2023-08-17T02:00,25.6,90,7.9,983.6,0.0,0.0
2023-08-17T03:00,25.7,88,9.1,983.5,0.0,0.0
2023-08-17T04:00,25.5,86,8.8,983.6,0.0,0.0
2023-08-17T05:00,26.4,81,11.0,983.9,0.0,0.0
2023-08-17T06:00,26.6,81,11.8,984.4,11.1,0.0
2023-08-17T07:00,27.3,82,10.4,985.2,36.0,0.0
2023-08-17T08:00,28.5,77,14.3,985.6,157.6,0.0
2023-08-17T09:00,29.8,71,16.9,985.8,560.2,0.0
2023-08-17T10:00,30.8,67,16.4,985.7,579.8,0.0
2023-08-17T11:00,31.2,65,14.2,985.1,371.2,0.0
2023-08-17T12:00,32.0,62,13.6,983.9,456.2,0.0
2023-08-17T13:00,32.3,60,12.8,982.7,311.8,0.0
2023-08-17T14:00,32.3,58,12.4,981.5,188.8,0.0
2023-08-17T15:00,32.2,57,10.9,981.4,119.5,0.0
2023-08-17T16:00,30.6,64,9.5,981.6,27.0,0.2
2023-08-17T17:00,30.7,70,5.4,981.5,2.6,0.1
2023-08-17T18:00,29.5,71,5.4,982.1,38.3,0.0
2023-08-17T19:00,29.4,67,8.6,982.8,0.0,0.0
2023-08-17T20:00,25.6,89,14.2,984.4,0.0,3.2
2023-08-17T21:00,25.2,93,8.7,984.9,0.0,2.9
2023-08-17T22:00,25.1,94,6.6,984.8,0.0,2.2
2023-08-17T23:00,25.0,96,4.6,984.0,0.0,2.3
2023-08-18T00:00,24.9,96,6.2,983.2,0.0,2.2
2023-08-18T01:00,24.9,95,5.0,982.6,0.0,1.5
2023-08-18T02:00,25.1,95,12.0,981.4,0.0,1.8
2023-08-18T03:00,25.2,93,13.4,981.1,0.0,2.0
2023-08-18T04:00,25.0,93,15.4,981.3,0.0,1.1
2023-08-18T05:00,25.5,91,12.8,982.3,0.0,0.3
2023-08-18T06:00,25.3,93,13.7,982.4,0.0,0.9
2023-08-18T07:00,25.3,93,14.1,983.1,0.0,0.9
2023-08-18T08:00,25.6,93,14.0,983.5,21.0,1.3
2023-08-18T09:00,25.7,92,13.9,983.6,4.4,1.2
2023-08-18T10:00,25.7,90,16.8,983.4,0.0,2.7
2023-08-18T11:00,25.7,92,19.0,982.7,0.0,2.4
2023-08-18T12:00,25.8,90,19.1,981.4,27.3,1.8
2023-08-18T13:00,27.1,86,18.0,980.3,101.6,0.1
2023-08-18T14:00,27.5,81,19.0,979.5,30.0,0.3
2023-08-18T15:00,25.7,91,15.9,979.2,11.7,7.9
2023-08-18T16:00,26.6,87,17.1,979.0,86.4,0.1
2023-08-18T17:00,25.1,91,14.2,980.4,71.6,0.2
2023-08-18T18:00,25.0,91,14.1,981.1,19.3,1.6
2023-08-18T19:00,24.9,91,14.9,981.1,0.0,0.0
2023-08-18T20:00,24.9,92,14.5,981.9,0.0,0.0
2023-08-18T21:00,24.7,93,13.4,982.7,0.0,1.4
2023-08-18T22:00,24.6,94,12.8,982.5,0.0,1.2
2023-08-18T23:00,24.5,94,13.0,982.2,0.0,1.6
2023-08-19T00:00,24.4,94,15.6,981.5,0.0,2.3
2023-08-19T01:00,24.3,94,16.2,980.6,0.0,2.3
2023-08-19T02:00,24.2,94,15.5,980.2,0.0,1.7
2023-08-19T03:00,24.2,94,15.4,979.6,0.0,2.9
2023-08-19T04:00,24.1,94,17.1,979.4,0.0,2.2
2023-08-19T05:00,24.3,93,15.6,979.9,0.0,0.9
2023-08-19T06:00,24.3,93,16.9,979.8,0.0,4.2
2023-08-19T07:00,24.7,93,16.5,980.6,40.3,4.5
2023-08-19T08:00,24.9,93,15.3,981.1,23.2,3.7
2023-08-19T09:00,25.0,92,17.4,981.5,69.7,15.5
2023-08-19T10:00,24.7,92,17.9,981.3,0.0,15.3
2023-08-19T11:00,24.9,92,15.5,981.4,0.0,10.9
2023-08-19T12:00,25.1,91,15.4,980.7,0.0,12.2
2023-08-19T13:00,25.3,91,17.0,979.7,0.0,3.8
2023-08-19T14:00,25.4,91,17.2,978.8,17.8,2.2
2023-08-19T15:00,25.6,90,16.9,978.1,2.6,0.5
2023-08-19T16:00,26.5,85,16.3,978.1,192.1,0.1
2023-08-19T17:00,26.6,84,15.9,979.1,240.3,0.0
2023-08-19T18:00,26.0,87,13.7,979.9,97.3,0.0
2023-08-19T19:00,25.7,87,13.3,980.5,0.0,0.1
2023-08-19T20:00,25.6,87,13.7,980.9,0.0,0.1
2023-08-19T21:00,25.4,87,14.5,981.6,0.0,0.0
2023-08-19T22:00,25.2,88,15.9,981.8,0.0,0.0
2023-08-19T23:00,25.0,88,15.9,981.6,0.0,0.0
2023-08-20T00:00,25.0,88,15.2,981.3,0.0,0.1
2023-08-20T01:00,24.9,88,15.1,980.7,0.0,0.0
2023-08-20T02:00,24.9,88,13.7,980.6,0.0,0.0
2023-08-20T03:00,24.9,88,13.7,980.5,0.0,0.0
2023-08-20T04:00,24.9,88,13.4,980.6,0.0,0.0
2023-08-20T05:00,24.8,92,12.6,980.9,0.0,0.1
2023-08-20T06:00,24.9,92,12.6,981.4,0.0,0.2
2023-08-20T07:00,25.4,90,14.1,982.2,52.5,0.0
2023-08-20T08:00,26.2,85,14.1,982.8,164.5,0.0
2023-08-20T09:00,27.4,77,18.6,983.1,282.1,0.0
2023-08-20T10:00,28.0,75,16.9,983.1,116.6,0.0
2023-08-20T11:00,28.9,72,15.7,982.8,186.4,0.0
2023-08-20T12:00,29.7,70,13.2,982.3,274.7,0.0
2023-08-20T13:00,30.1,70,12.3,981.3,316.8,0.0
2023-08-20T14:00,30.4,68,11.6,980.3,336.8,0.0
2023-08-20T15:00,31.0,67,9.4,979.6,563.4,0.1
2023-08-20T16:00,30.8,68,10.0,979.4,535.8,0.0
2023-08-20T17:00,28.6,76,8.3,980.7,260.6,0.4
2023-08-20T18:00,27.6,83,4.2,980.9,176.6,0.0
2023-08-20T19:00,27.2,80,9.2,981.3,0.0,0.0
2023-08-20T20:00,26.4,82,11.0,982.0,0.0,0.0
2023-08-20T21:00,25.9,85,8.7,982.8,0.0,0.0
2023-08-20T22:00,25.8,87,8.2,983.2,0.0,0.0
2023-08-20T23:00,25.5,90,8.3,983.2,0.0,0.0
2023-08-21T00:00,25.2,91,9.1,982.9,0.0,0.0
2023-08-21T01:00,25.1,90,10.0,982.4,0.0,0.0
2023-08-21T02:00,24.9,89,10.1,981.9,0.0,0.0
2023-08-21T03:00,24.8,89,10.5,981.8,0.0,0.0
2023-08-21T04:00,24.6,90,10.1,982.0,0.0,0.0
2023-08-21T05:00,25.2,86,10.8,982.6,0.0,0.0
2023-08-21T06:00,25.4,86,11.2,983.0,22.7,0.0
2023-08-21T07:00,26.5,83,10.1,983.5,308.1,0.0
2023-08-21T08:00,27.7,78,13.6,984.0,494.2,0.0
2023-08-21T09:00,28.7,73,14.5,984.2,520.1,0.1
2023-08-21T10:00,29.8,71,12.6,984.1,558.0,0.1
2023-08-21T11:00,30.9,69,10.1,983.3,618.2,0.0
2023-08-21T12:00,31.4,67,10.5,982.7,567.0,0.0
2023-08-21T13:00,31.8,63,10.9,981.7,519.9,0.0
2023-08-21T14:00,31.3,65,10.8,980.6,166.4,0.1
2023-08-21T15:00,31.5,64,10.6,980.2,442.8,0.0
2023-08-21T16:00,29.7,73,6.7,980.2,198.6,0.4
2023-08-21T17:00,30.2,69,6.6,981.3,100.1,0.0
2023-08-21T18:00,28.6,77,4.9,982.2,66.0,0.0
2023-08-21T19:00,28.0,76,9.0,982.7,0.0,0.0
2023-08-21T20:00,27.6,78,9.1,983.2,0.0,0.0
2023-08-21T21:00,27.2,80,9.0,984.1,0.0,0.0
2023-08-21T22:00,26.8,81,9.1,984.4,0.0,0.0
2023-08-21T23:00,26.4,83,9.0,984.0,0.0,0.0
2023-08-22T00:00,25.9,86,8.6,983.4,0.0,0.0
2023-08-22T01:00,25.5,88,7.2,982.9,0.0,0.0
2023-08-22T02:00,25.3,89,7.6,982.4,0.0,0.0
2023-08-22T03:00,25.1,90,7.6,982.0,0.0,0.0
2023-08-22T04:00,24.9,91,8.0,982.2,0.0,0.0
2023-08-22T05:00,25.4,89,9.0,982.4,0.0,0.0
2023-08-22T06:00,25.8,88,9.7,982.7,34.2,0.0
2023-08-22T07:00,26.9,84,10.1,983.2,325.3,0.0
2023-08-22T08:00,28.3,79,11.6,984.0,490.5,0.0
2023-08-22T09:00,29.5,72,13.4,984.2,634.9,0.1
2023-08-22T10:00,30.5,67,12.7,984.1,590.8,0.0
2023-08-22T11:00,31.4,63,12.2,983.5,643.1,0.0
2023-08-22T12:00,32.1,61,11.6,982.7,687.2,0.0
2023-08-22T13:00,32.3,62,12.1,981.5,635.9,0.0
2023-08-22T14:00,32.5,60,12.7,980.1,686.8,0.0
2023-08-22T15:00,32.4,59,11.4,979.7,583.0,0.0
2023-08-22T16:00,32.2,58,10.1,979.8,520.7,0.0
2023-08-22T17:00,31.0,66,8.0,981.2,228.7,0.0
2023-08-22T18:00,29.1,74,5.4,982.0,93.2,0.0
2023-08-22T19:00,28.4,75,5.4,982.6,0.0,0.0
2023-08-22T20:00,27.8,79,5.6,983.1,0.0,0.0
2023-08-22T21:00,27.6,77,6.0,984.0,0.0,0.0
2023-08-22T22:00,27.0,80,5.8,984.5,0.0,0.0
2023-08-22T23:00,26.6,82,6.6,984.3,0.0,0.0
2023-08-23T00:00,26.5,83,6.6,983.9,0.0,0.0
2023-08-23T01:00,26.1,85,6.3,983.6,0.0,0.0
2023-08-23T02:00,25.8,86,8.1,982.8,0.0,0.0
2023-08-23T03:00,25.5,87,8.5,982.3,0.0,0.0
2023-08-23T04:00,25.4,88,9.0,982.5,0.0,0.0
2023-08-23T05:00,26.4,85,8.7,982.8,0.0,0.0
2023-08-23T06:00,26.5,86,9.7,983.4,11.5,0.0
2023-08-23T07:00,27.3,83,9.7,983.8,106.0,0.0
2023-08-23T08:00,28.4,78,11.4,984.3,262.5,0.0
2023-08-23T09:00,29.6,73,12.6,984.3,473.2,0.0
2023-08-23T10:00,30.6,70,12.6,983.9,490.0,0.0
2023-08-23T11:00,31.2,68,11.6,983.4,410.8,0.0
2023-08-23T12:00,31.7,64,12.6,982.7,452.0,0.0
2023-08-23T13:00,31.3,64,13.4,981.3,125.9,0.0
2023-08-23T14:00,30.0,71,12.2,980.4,180.4,0.4
2023-08-23T15:00,30.8,69,9.4,980.1,344.8,0.3
2023-08-23T16:00,30.3,68,10.7,980.2,331.2,0.2
2023-08-23T17:00,29.1,80,11.2,980.6,98.7,0.0
2023-08-23T18:00,28.0,85,5.6,981.4,40.3,0.0
2023-08-23T19:00,27.4,89,4.1,982.2,0.0,0.0
2023-08-23T20:00,27.2,88,4.5,983.0,0.0,0.0
2023-08-23T21:00,25.9,93,9.4,984.0,0.0,6.2
2023-08-23T22:00,25.9,94,5.4,983.7,0.0,0.4
2023-08-23T23:00,25.8,94,5.4,983.4,0.0,0.7
2023-08-24T00:00,25.3,94,3.4,982.9,0.0,3.1
2023-08-24T01:00,25.3,95,1.8,982.3,0.0,0.5
2023-08-24T02:00,25.0,95,4.6,981.8,0.0,0.2
2023-08-24T03:00,24.7,96,3.3,981.6,0.0,0.0
2023-08-24T04:00,24.9,95,6.6,981.7,0.0,0.0
2023-08-24T05:00,26.0,93,9.2,982.5,0.0,0.0
2023-08-24T06:00,26.3,90,10.6,983.1,0.0,0.0
2023-08-24T07:00,26.8,88,10.5,983.5,81.8,0.0
2023-08-24T08:00,27.9,79,13.7,983.9,330.6,0.0
2023-08-24T09:00,28.8,75,14.8,983.8,414.0,0.0
2023-08-24T10:00,29.9,68,14.7,983.8,467.4,0.0
2023-08-24T11:00,31.1,61,15.4,983.4,680.2,0.0
2023-08-24T12:00,31.6,58,14.9,982.6,619.1,0.1
2023-08-24T13:00,31.8,57,15.9,981.2,536.1,0.1
2023-08-24T14:00,31.4,58,15.5,980.0,518.4,0.1
2023-08-24T15:00,31.8,56,15.5,979.5,514.6,0.1
2023-08-24T16:00,31.1,60,15.1,979.7,358.5,0.3
2023-08-24T17:00,30.0,68,10.6,980.8,104.9,0.0
2023-08-24T18:00,28.8,71,10.5,981.5,122.0,0.0
2023-08-24T19:00,26.9,80,8.7,982.4,0.0,0.0
2023-08-24T20:00,26.5,83,4.4,982.8,0.0,0.0
2023-08-24T21:00,26.3,85,4.0,983.5,0.0,0.0
2023-08-24T22:00,26.3,84,5.9,983.6,0.0,0.0
2023-08-24T23:00,26.0,85,6.0,983.3,0.0,0.0
2023-08-25T00:00,25.8,85,6.5,982.5,0.0,0.0
2023-08-25T01:00,25.7,86,5.9,981.8,0.0,0.0
2023-08-25T02:00,25.4,87,5.9,981.3,0.0,0.0
2023-08-25T03:00,25.1,90,5.1,981.6,0.0,0.0
2023-08-25T04:00,25.4,88,6.6,981.6,0.0,0.0
2023-08-25T05:00,24.8,94,5.9,982.6,0.0,0.0
2023-08-25T06:00,25.2,95,3.6,983.1,0.0,0.4
2023-08-25T07:00,26.0,91,5.3,983.6,32.8,0.1
2023-08-25T08:00,27.6,87,5.6,984.0,373.5,0.0
2023-08-25T09:00,29.1,80,11.1,984.0,563.3,0.0
2023-08-25T10:00,30.0,71,15.2,983.8,637.7,0.2
2023-08-25T11:00,31.4,59,15.2,983.5,647.5,0.0
2023-08-25T12:00,32.0,55,15.6,982.8,647.2,0.1
2023-08-25T13:00,32.2,53,16.8,981.8,541.9,0.1
2023-08-25T14:00,32.2,53,15.6,981.1,429.4,0.1
2023-08-25T15:00,31.9,55,13.1,980.6,391.5,0.1
2023-08-25T16:00,31.5,58,10.8,980.6,432.9,0.1
2023-08-25T17:00,30.7,67,8.0,981.5,239.3,0.0
2023-08-25T18:00,28.7,77,5.2,981.8,102.6,0.0
2023-08-25T19:00,27.7,79,5.0,982.3,0.0,0.0
2023-08-25T20:00,27.7,77,5.5,983.3,0.0,0.0
2023-08-25T21:00,27.6,75,6.4,984.2,0.0,0.0
2023-08-25T22:00,27.0,78,6.2,984.3,0.0,0.0
2023-08-25T23:00,26.8,79,8.0,984.0,0.0,0.0
2023-08-26T00:00,26.9,79,10.0,983.5,0.0,0.0
2023-08-26T01:00,26.5,80,10.4,982.9,0.0,0.0
2023-08-26T02:00,26.1,81,11.5,982.5,0.0,0.0
2023-08-26T03:00,25.8,81,11.3,982.6,0.0,0.0
2023-08-26T04:00,25.6,82,11.7,982.8,0.0,0.0
2023-08-26T05:00,25.5,89,7.2,983.1,0.0,0.0
2023-08-26T06:00,26.1,88,8.8,984.2,23.3,0.0
2023-08-26T07:00,27.3,85,8.4,984.9,296.4,0.0
2023-08-26T08:00,28.7,79,10.3,985.3,514.2,0.1
2023-08-26T09:00,29.6,73,12.5,985.5,578.6,0.1
2023-08-26T10:00,30.4,69,12.2,985.4,559.7,0.0
2023-08-26T11:00,31.2,64,12.4,984.7,513.3,0.0
2023-08-26T12:00,31.6,62,12.1,983.7,435.9,0.0
2023-08-26T13:00,32.0,61,13.9,982.8,584.0,0.0
2023-08-26T14:00,31.7,61,13.8,982.1,600.1,0.0
2023-08-26T15:00,31.8,62,11.7,981.6,559.6,0.0
2023-08-26T16:00,31.5,63,10.3,981.2,480.0,0.0
2023-08-26T17:00,30.2,69,8.0,982.5,395.2,0.2
2023-08-26T18:00,28.5,76,5.1,983.2,165.7,0.0
2023-08-26T19:00,28.0,78,5.5,983.7,0.0,0.0
2023-08-26T20:00,27.6,79,7.2,984.7,0.0,0.0
2023-08-26T21:00,27.3,80,8.0,985.3,0.0,0.0
2023-08-26T22:00,27.0,81,9.1,985.6,0.0,0.0
2023-08-26T23:00,26.6,82,9.1,985.2,0.0,0.0
2023-08-27T00:00,26.3,83,9.6,984.7,0.0,0.0
2023-08-27T01:00,26.0,84,10.5,984.2,0.0,0.0
2023-08-27T02:00,25.7,84,10.1,983.8,0.0,0.0
2023-08-27T03:00,25.4,85,9.4,983.6,0.0,0.0
2023-08-27T04:00,25.2,87,9.4,983.8,0.0,0.0
2023-08-27T05:00,26.2,83,9.7,984.1,0.0,0.0
2023-08-27T06:00,26.4,83,10.4,984.9,23.4,0.0
2023-08-27T07:00,27.2,81,10.5,985.4,161.0,0.0
2023-08-27T08:00,27.4,80,10.5,985.9,2.1,0.0
2023-08-27T09:00,28.1,77,11.8,986.1,67.2,0.0
2023-08-27T10:00,30.0,69,13.7,985.9,556.5,0.0
2023-08-27T11:00,31.1,64,13.5,985.5,732.0,0.0
2023-08-27T12:00,31.8,61,14.2,984.7,735.0,0.0
2023-08-27T13:00,32.2,58,14.8,983.6,721.6,0.0
2023-08-27T14:00,32.1,56,14.7,982.6,622.6,0.0
2023-08-27T15:00,31.6,57,14.8,982.0,519.9,0.1
2023-08-27T16:00,31.6,56,10.9,981.8,541.6,0.0
2023-08-27T17:00,30.7,61,9.5,982.5,435.0,0.0
2023-08-27T18:00,28.7,67,7.2,983.1,181.3,0.0
2023-08-27T19:00,28.1,68,8.8,983.9,0.0,0.0
2023-08-27T20:00,27.4,72,10.3,984.6,0.0,0.0
2023-08-27T21:00,26.9,75,12.1,985.2,0.0,0.0
2023-08-27T22:00,26.3,78,10.7,985.3,0.0,0.0
2023-08-27T23:00,25.8,81,11.3,984.6,0.0,0.0
2023-08-28T00:00,25.4,83,10.5,983.8,0.0,0.0
2023-08-28T01:00,25.2,85,10.9,983.4,0.0,0.0
2023-08-28T02:00,24.9,86,10.4,983.0,0.0,0.0
2023-08-28T03:00,24.7,87,10.1,983.1,0.0,0.0
2023-08-28T04:00,24.5,88,9.1,983.4,0.0,0.0
2023-08-28T05:00,24.9,88,7.5,984.0,0.0,0.0
2023-08-28T06:00,25.2,88,8.1,984.5,35.2,0.0
2023-08-28T07:00,26.5,84,9.0,985.4,352.1,0.0
2023-08-28T08:00,27.7,77,13.0,986.0,564.5,0.0
2023-08-28T09:00,28.9,69,14.2,986.1,685.6,0.0
2023-08-28T10:00,30.0,62,13.2,986.0,716.3,0.0
2023-08-28T11:00,30.9,56,13.1,985.5,790.4,0.0
2023-08-28T12:00,31.4,53,12.7,984.7,741.9,0.0
2023-08-28T13:00,31.6,52,12.4,983.7,716.3,0.0
2023-08-28T14:00,31.7,51,11.7,982.7,640.8,0.0
2023-08-28T15:00,31.4,52,11.5,982.3,603.9,0.0
2023-08-28T16:00,30.9,54,9.5,982.2,496.4,0.0
2023-08-28T17:00,29.9,61,7.7,982.9,427.1,0.0
2023-08-28T18:00,27.4,76,6.9,983.2,183.2,0.0
2023-08-28T19:00,26.4,78,6.8,983.5,0.0,0.0
2023-08-28T20:00,25.4,83,7.6,984.0,0.0,0.0
2023-08-28T21:00,25.0,82,5.4,984.7,0.0,0.0
2023-08-28T22:00,24.5,83,5.8,984.7,0.0,0.0
2023-08-28T23:00,23.9,85,5.2,984.3,0.0,0.0
2023-08-29T00:00,23.5,86,5.2,983.7,0.0,0.0
2023-08-29T01:00,23.3,87,5.9,983.3,0.0,0.0
2023-08-29T02:00,23.2,87,6.2,983.1,0.0,0.0
2023-08-29T03:00,22.9,88,5.4,983.4,0.0,0.0
2023-08-29T04:00,22.7,89,5.1,984.0,0.0,0.0
2023-08-29T05:00,24.1,83,7.8,984.2,0.0,0.0
2023-08-29T06:00,24.7,80,10.1,985.1,23.6,0.2
2023-08-29T07:00,25.8,78,8.7,985.9,282.5,0.2
2023-08-29T08:00,27.5,76,7.3,986.3,526.8,0.1
2023-08-29T09:00,28.9,73,8.8,986.4,641.3,0.0
2023-08-29T10:00,29.9,68,11.2,986.3,706.0,0.2
2023-08-29T11:00,30.5,65,13.0,985.7,601.3,0.1
2023-08-29T12:00,31.5,58,13.0,984.8,693.6,0.0
2023-08-29T13:00,32.1,54,13.8,983.7,734.0,0.0
2023-08-29T14:00,32.2,52,14.3,982.9,708.8,0.0
2023-08-29T15:00,31.8,52,12.7,982.1,672.5,0.0
2023-08-29T16:00,31.5,53,11.3,981.8,617.1,0.0
2023-08-29T17:00,31.2,57,7.5,982.1,404.8,0.0
2023-08-29T18:00,28.4,67,6.9,982.6,185.2,0.0
2023-08-29T19:00,28.1,64,7.2,983.5,0.0,0.0
2023-08-29T20:00,27.6,65,7.2,984.3,0.0,0.0
2023-08-29T21:00,26.3,75,5.6,985.0,0.0,0.0
2023-08-29T22:00,25.7,79,5.0,985.3,0.0,0.0
2023-08-29T23:00,25.4,80,5.0,984.8,0.0,0.0
2023-08-30T00:00,24.9,84,4.8,984.2,0.0,0.0
2023-08-30T01:00,24.4,87,4.7,983.6,0.0,0.0
2023-08-30T02:00,24.1,88,5.8,983.5,0.0,0.0
2023-08-30T03:00,24.0,88,6.8,983.6,0.0,0.0
2023-08-30T04:00,23.8,89,5.9,984.3,0.0,0.0
2023-08-30T05:00,24.8,86,6.8,984.9,0.0,0.0
2023-08-30T06:00,25.2,85,6.4,985.8,23.7,0.1
2023-08-30T07:00,26.3,82,5.0,986.3,279.1,0.0
2023-08-30T08:00,28.1,76,8.2,987.0,514.6,0.0
2023-08-30T09:00,29.6,69,10.7,987.0,677.7,0.0
2023-08-30T10:00,30.3,66,12.9,986.8,685.9,0.2
2023-08-30T11:00,29.6,67,14.1,986.7,553.6,0.8
2023-08-30T12:00,31.0,60,13.3,985.8,490.9,0.0
2023-08-30T13:00,31.8,58,12.9,984.7,558.0,0.0
2023-08-30T14:00,32.5,55,11.8,983.8,654.7,0.0
2023-08-30T15:00,32.7,53,11.0,983.2,627.6,0.0
2023-08-30T16:00,31.3,57,13.3,983.1,517.0,0.0
2023-08-30T17:00,29.3,70,9.5,983.6,359.1,0.0
2023-08-30T18:00,28.0,76,4.5,984.0,115.2,0.0
2023-08-30T19:00,27.5,81,5.8,984.5,0.0,0.0
2023-08-30T20:00,26.8,84,5.7,984.8,0.0,0.0
2023-08-30T21:00,26.2,87,5.1,985.0,0.0,0.0
2023-08-30T22:00,25.9,90,5.1,985.2,0.0,0.0
2023-08-30T23:00,26.3,86,1.6,985.0,0.0,0.0
2023-08-31T00:00,25.9,83,8.7,984.7,0.0,0.0
2023-08-31T01:00,26.5,74,3.0,983.9,0.0,0.0
2023-08-31T02:00,25.2,84,3.3,983.5,0.0,0.0
2023-08-31T03:00,25.3,86,4.0,984.1,0.0,0.0
2023-08-31T04:00,24.9,88,5.9,984.4,0.0,0.0
2023-08-31T05:00,24.8,89,5.2,985.3,0.0,0.0
2023-08-31T06:00,24.9,90,6.8,986.1,0.0,0.0
2023-08-31T07:00,25.4,89,0.5,986.9,8.4,0.4
2023-08-31T08:00,26.1,88,3.9,987.1,0.0,0.1
2023-08-31T09:00,28.1,78,6.4,987.3,125.8,0.0
2023-08-31T10:00,29.5,72,3.9,987.1,113.8,0.0
2023-08-31T11:00,30.9,68,5.9,986.4,425.2,0.0
2023-08-31T12:00,31.9,64,5.2,985.7,488.4,0.0
2023-08-31T13:00,32.4,60,8.6,984.5,417.1,0.0
2023-08-31T14:00,32.6,59,10.0,983.5,470.7,0.1
2023-08-31T15:00,32.0,58,14.2,983.3,653.7,0.2
2023-08-31T16:00,29.9,69,5.8,983.6,287.4,0.4
2023-08-31T17:00,29.0,76,5.4,984.0,222.0,0.0
2023-08-31T18:00,27.7,86,5.2,984.3,116.6,0.0
2023-08-31T19:00,26.9,88,4.3,984.4,0.0,0.0
2023-08-31T20:00,26.2,91,4.6,985.1,0.0,0.0
2023-08-31T21:00,26.2,90,4.0,985.6,0.0,0.0
2023-08-31T22:00,25.8,91,4.7,985.6,0.0,0.0
2023-08-31T23:00,25.4,93,5.4,985.2,0.0,0.0
2023-09-01T00:00,25.2,93,5.4,984.8,0.0,0.0
2023-09-01T01:00,24.9,95,5.8,984.5,0.0,0.0
2023-09-01T02:00,24.7,96,4.1,984.2,0.0,0.0
2023-09-01T03:00,24.7,96,4.3,983.9,0.0,0.0
2023-09-01T04:00,24.5,96,4.3,984.4,0.0,0.0
2023-09-01T05:00,25.8,92,5.3,985.1,0.0,0.0
2023-09-01T06:00,26.4,91,5.4,985.8,23.9,0.0
2023-09-01T07:00,27.9,86,2.9,986.3,314.3,0.0
2023-09-01T08:00,29.7,75,2.7,986.9,537.3,0.0
2023-09-01T09:00,31.3,67,3.8,987.0,663.9,0.0
2023-09-01T10:00,32.6,61,4.2,986.7,739.1,0.0
2023-09-01T11:00,33.0,60,7.0,985.9,740.5,0.1
2023-09-01T12:00,32.4,60,10.5,985.2,613.0,0.3
2023-09-01T13:00,33.1,55,8.9,983.9,619.3,0.0
2023-09-01T14:00,33.4,54,9.6,983.1,660.9,0.0
2023-09-01T15:00,33.2,57,8.9,982.5,646.3,0.0
2023-09-01T16:00,32.9,60,7.2,982.3,428.7,0.0
2023-09-01T17:00,32.6,61,7.0,982.7,147.4,0.0
2023-09-01T18:00,29.9,78,7.4,982.8,81.1,0.0
2023-09-01T19:00,30.2,71,5.1,983.5,0.0,0.0
2023-09-01T20:00,28.8,79,6.4,984.1,0.0,0.0
2023-09-01T21:00,28.2,81,6.0,984.8,0.0,0.0
2023-09-01T22:00,27.9,80,4.7,985.0,0.0,0.0
2023-09-01T23:00,27.3,82,4.7,984.8,0.0,0.0
2023-09-02T00:00,27.0,83,5.4,984.0,0.0,0.0
2023-09-02T01:00,26.9,83,6.9,983.9,0.0,0.0
2023-09-02T02:00,26.5,85,6.2,983.4,0.0,0.0
2023-09-02T03:00,26.3,86,5.8,983.3,0.0,0.0
2023-09-02T04:00,26.0,88,4.8,983.5,0.0,0.0
2023-09-02T05:00,26.7,86,5.1,983.8,0.0,0.0
2023-09-02T06:00,27.1,87,3.4,984.3,24.0,0.0
2023-09-02T07:00,28.3,84,3.5,985.4,323.6,0.0
2023-09-02T08:00,29.7,78,3.5,985.8,488.7,0.0
2023-09-02T09:00,31.3,71,6.2,986.1,597.0,0.0
2023-09-02T10:00,32.5,66,5.1,985.8,708.3,0.1
2023-09-02T11:00,33.1,64,5.2,985.1,433.6,0.1
2023-09-02T12:00,31.7,70,11.9,984.4,554.3,1.9
2023-09-02T13:00,32.0,68,4.1,982.8,323.3,0.0
2023-09-02T14:00,32.9,63,6.2,982.0,352.9,0.0
2023-09-02T15:00,33.0,61,6.8,981.3,234.2,0.1
2023-09-02T16:00,29.8,75,10.6,982.2,64.9,1.3
2023-09-02T17:00,30.4,70,2.4,981.4,0.0,0.0
2023-09-02T18:00,29.2,78,4.0,982.0,22.4,0.0
2023-09-02T19:00,28.9,85,5.8,982.7,0.0,0.0
2023-09-02T20:00,29.2,81,4.0,983.6,0.0,0.0
2023-09-02T21:00,28.9,80,5.8,983.7,0.0,0.0
2023-09-02T22:00,28.3,84,4.9,983.6,0.0,0.0
2023-09-02T23:00,27.4,90,4.8,983.5,0.0,0.0
2023-09-03T00:00,27.2,92,3.3,983.0,0.0,0.0
2023-09-03T01:00,27.0,91,4.0,982.1,0.0,0.0
2023-09-03T02:00,26.8,90,5.1,981.4,0.0,0.0
2023-09-03T03:00,26.4,91,7.6,981.3,0.0,3.3
2023-09-03T04:00,25.4,93,13.9,981.7,0.0,7.3
2023-09-03T05:00,27.0,89,7.8,982.8,0.0,7.1
2023-09-03T06:00,26.9,92,7.6,982.9,12.0,0.0
2023-09-03T07:00,27.0,90,16.6,984.0,219.2,2.2
2023-09-03T08:00,26.1,88,10.4,985.2,169.5,7.2
2023-09-03T09:00,26.5,90,5.0,984.6,6.0,0.2
2023-09-03T10:00,27.7,86,5.6,985.0,20.6,0.2
2023-09-03T11:00,28.1,86,5.6,984.2,9.7,0.7
2023-09-03T12:00,29.1,81,8.4,983.1,87.4,0.8
2023-09-03T13:00,29.4,80,6.1,982.0,8.4,0.2
2023-09-03T14:00,29.8,77,5.1,981.1,27.5,0.0
2023-09-03T15:00,30.7,73,8.2,980.1,262.1,0.0
2023-09-03T16:00,30.2,72,12.1,979.9,309.9,0.4
2023-09-03T17:00,27.2,87,7.9,980.8,9.0,0.0
2023-09-03T18:00,26.8,90,6.8,981.4,0.0,0.0
2023-09-03T19:00,26.6,92,7.2,982.1,0.0,0.0
2023-09-03T20:00,26.5,93,7.6,982.3,0.0,0.0
2023-09-03T21:00,26.4,93,6.4,982.8,0.0,0.0
2023-09-03T22:00,25.9,93,4.5,982.8,0.0,0.1
2023-09-03T23:00,25.6,94,4.8,982.4,0.0,0.0
2023-09-04T00:00,25.5,93,6.5,981.6,0.0,0.0
2023-09-04T01:00,25.2,93,9.1,980.6,0.0,0.0
2023-09-04T02:00,25.2,91,7.8,980.2,0.0,0.0
2023-09-04T03:00,25.0,91,4.1,979.9,0.0,0.0
2023-09-04T04:00,24.8,93,4.8,980.3,0.0,0.2
2023-09-04T05:00,24.3,96,2.5,980.5,0.0,0.1
2023-09-04T06:00,24.4,95,8.8,980.9,0.0,0.5
2023-09-04T07:00,24.8,92,11.4,981.1,0.0,0.3
2023-09-04T08:00,26.2,90,7.7,981.7,101.0,0.0
2023-09-04T09:00,26.6,90,2.5,982.3,0.0,0.2
2023-09-04T10:00,27.5,89,2.1,982.2,21.9,0.3
2023-09-04T11:00,28.3,85,2.7,981.5,36.7,0.1
2023-09-04T12:00,29.0,81,1.9,980.7,44.3,0.0
2023-09-04T13:00,29.5,78,2.9,979.1,19.9,0.0
2023-09-04T14:00,30.9,74,4.0,978.1,274.3,0.0
2023-09-04T15:00,29.8,75,9.8,977.5,88.6,0.2
2023-09-04T16:00,28.5,80,8.8,977.3,9.1,0.0
2023-09-04T17:00,26.8,90,9.4,978.5,54.6,0.0
2023-09-04T18:00,26.3,90,11.6,978.6,38.3,0.2
2023-09-04T19:00,26.1,90,10.5,979.5,0.0,0.1
2023-09-04T20:00,25.7,92,9.2,980.2,0.0,1.0
2023-09-04T21:00,25.5,91,11.4,980.7,0.0,0.3
2023-09-04T22:00,25.4,90,13.2,980.4,0.0,0.0
2023-09-04T23:00,25.4,90,14.5,979.6,0.0,0.0
2023-09-05T00:00,24.9,92,11.4,980.2,0.0,1.9
2023-09-05T01:00,24.5,94,4.0,979.3,0.0,1.4
2023-09-05T02:00,24.5,96,2.7,978.8,0.0,0.2
2023-09-05T03:00,24.5,96,4.7,978.4,0.0,0.1
2023-09-05T04:00,25.0,94,9.1,978.4,0.0,0.0
2023-09-05T05:00,25.0,91,10.8,978.8,0.0,0.0
2023-09-05T06:00,25.4,89,11.6,979.4,12.2,0.0
2023-09-05T07:00,26.3,87,9.8,980.1,173.8,0.0
2023-09-05T08:00,28.1,80,11.7,980.5,385.1,0.0
2023-09-05T09:00,29.3,73,13.0,980.5,212.1,0.0
2023-09-05T10:00,30.4,68,15.1,980.5,189.7,0.0
2023-09-05T11:00,31.3,64,16.4,979.5,288.2,0.0
2023-09-05T12:00,31.2,66,16.1,978.4,281.4,0.1
2023-09-05T13:00,32.1,60,17.9,977.2,409.1,0.0
2023-09-05T14:00,31.4,60,16.1,976.7,102.4,0.0
2023-09-05T15:00,30.9,64,13.3,976.4,30.1,0.0
2023-09-05T16:00,29.5,74,6.0,976.4,29.3,0.4
2023-09-05T17:00,28.6,78,1.0,977.3,70.5,0.0
2023-09-05T18:00,27.4,88,3.9,978.2,62.0,0.0
2023-09-05T19:00,27.2,85,5.5,979.0,0.0,0.0
2023-09-05T20:00,26.4,93,4.9,979.4,0.0,1.2
2023-09-05T21:00,26.0,94,9.4,979.9,0.0,0.9
2023-09-05T22:00,25.4,93,8.4,979.7,0.0,0.2
2023-09-05T23:00,25.2,94,10.5,979.6,0.0,0.2
2023-09-06T00:00,24.7,94,10.7,979.1,0.0,0.1
2023-09-06T01:00,24.5,95,11.2,978.6,0.0,0.3
2023-09-06T02:00,24.2,96,7.0,978.4,0.0,1.9
2023-09-06T03:00,24.4,96,4.1,978.2,0.0,0.6
2023-09-06T04:00,24.4,95,0.7,978.6,0.0,1.3
2023-09-06T05:00,24.8,96,5.5,979.1,0.0,0.8
2023-09-06T06:00,25.0,95,4.5,979.7,0.0,0.2
2023-09-06T07:00,25.9,90,8.4,980.4,68.0,0.1
2023-09-06T08:00,26.7,87,10.9,980.8,144.4,0.1
2023-09-06T09:00,27.7,86,9.9,981.2,242.4,0.1
2023-09-06T10:00,29.1,79,9.6,981.3,348.2,0.4
2023-09-06T11:00,29.0,79,10.2,980.3,140.5,0.7
2023-09-06T12:00,28.2,83,7.6,979.5,70.2,1.1
2023-09-06T13:00,27.6,79,11.3,979.2,120.1,1.0
2023-09-06T14:00,27.5,87,7.4,977.7,204.2,4.2
2023-09-06T15:00,27.6,84,6.2,977.1,83.7,1.3
2023-09-06T16:00,28.4,83,7.6,977.1,366.5,0.2
2023-09-06T17:00,28.4,86,2.9,978.3,213.6,0.1
2023-09-06T18:00,26.5,92,7.6,979.0,15.7,3.2
2023-09-06T19:00,26.2,95,3.6,979.4,0.0,0.6
2023-09-06T20:00,25.9,96,2.8,979.8,0.0,0.6
2023-09-06T21:00,25.7,96,3.7,980.7,0.0,0.7
2023-09-06T22:00,25.2,97,6.2,980.7,0.0,6.5
2023-09-06T23:00,25.0,97,5.1,980.1,0.0,5.0
2023-09-07T00:00,24.9,97,7.8,979.4,0.0,0.9
2023-09-07T01:00,24.1,99,8.1,979.2,0.0,1.7
2023-09-07T02:00,24.0,98,2.4,978.8,0.0,8.1
2023-09-07T03:00,24.1,99,5.4,978.6,0.0,5.4
2023-09-07T04:00,24.2,98,6.9,978.9,0.0,2.7
2023-09-07T05:00,24.3,96,8.8,979.1,0.0,1.0
2023-09-07T06:00,24.6,97,9.8,979.5,0.0,2.5
2023-09-07T07:00,24.5,96,11.3,980.0,0.0,3.7
2023-09-07T08:00,24.8,95,12.2,980.5,12.9,1.4
2023-09-07T09:00,26.1,89,13.0,981.0,93.5,0.2
2023-09-07T10:00,26.1,90,11.2,980.9,0.0,0.2
2023-09-07T11:00,26.6,88,13.0,980.2,88.7,0.6
2023-09-07T12:00,27.0,88,10.8,979.4,175.7,0.5
2023-09-07T13:00,26.2,95,11.3,978.4,121.4,6.3
2023-09-07T14:00,26.1,94,12.2,977.6,4.6,6.1
2023-09-07T15:00,25.7,95,7.2,977.2,0.0,2.7
2023-09-07T16:00,26.1,94,9.1,977.4,0.0,1.3
2023-09-07T17:00,26.4,93,12.9,978.5,75.1,0.2
2023-09-07T18:00,25.5,93,7.1,979.1,0.0,2.0
2023-09-07T19:00,25.2,94,8.4,979.9,0.0,2.5
2023-09-07T20:00,25.1,94,8.1,980.4,0.0,0.6
2023-09-07T21:00,25.1,95,7.6,981.0,0.0,0.3
2023-09-07T22:00,24.9,95,7.8,981.3,0.0,0.5
2023-09-07T23:00,24.9,95,10.8,980.9,0.0,0.2
2023-09-08T00:00,24.4,95,11.8,980.1,0.0,0.1
2023-09-08T01:00,24.2,95,10.6,979.7,0.0,0.2
2023-09-08T02:00,24.2,94,9.3,979.2,0.0,0.5
2023-09-08T03:00,24.3,94,11.8,979.0,0.0,0.1
2023-09-08T04:00,24.2,94,11.0,979.2,0.0,0.0
2023-09-08T05:00,24.6,94,11.0,980.1,0.0,0.0
2023-09-08T06:00,24.9,94,11.7,980.4,0.0,0.0
2023-09-08T07:00,25.7,90,13.6,981.2,85.5,0.0
2023-09-08T08:00,26.7,84,15.9,982.2,309.0,0.0
2023-09-08T09:00,27.8,81,14.8,982.2,321.5,0.0
2023-09-08T10:00,28.8,76,14.7,982.0,359.9,0.1
2023-09-08T11:00,29.0,76,11.0,981.4,289.3,0.1
2023-09-08T12:00,30.6,70,10.3,980.7,509.4,0.2
2023-09-08T13:00,30.6,67,12.7,978.9,208.4,0.0
2023-09-08T14:00,29.8,73,7.8,977.9,114.8,0.2
2023-09-08T15:00,29.1,76,6.4,977.7,166.0,1.3
2023-09-08T16:00,26.9,87,6.3,977.6,80.1,3.7
2023-09-08T17:00,28.6,84,1.6,978.3,31.6,0.0
2023-09-08T18:00,27.4,90,4.7,979.3,48.5,0.0
2023-09-08T19:00,26.5,91,8.3,980.5,0.0,5.8
2023-09-08T20:00,25.7,93,9.7,981.1,0.0,3.6
2023-09-08T21:00,26.0,91,8.8,981.1,0.0,0.0
2023-09-08T22:00,25.7,91,7.9,981.6,0.0,0.0
2023-09-08T23:00,25.6,91,9.2,981.1,0.0,0.0
2023-09-09T00:00,25.3,90,10.0,980.1,0.0,0.0
2023-09-09T01:00,25.0,91,9.3,979.5,0.0,0.0
2023-09-09T02:00,24.9,91,8.0,979.4,0.0,0.0
2023-09-09T03:00,25.0,91,8.9,979.2,0.0,0.1
2023-09-09T04:00,25.0,91,9.6,979.6,0.0,0.3
2023-09-09T05:00,24.6,96,7.2,979.9,0.0,0.2
2023-09-09T06:00,24.8,95,6.5,980.3,12.4,0.0
2023-09-09T07:00,26.3,89,11.8,980.8,188.8,0.1
2023-09-09T08:00,27.2,86,9.5,981.6,246.7,0.0
2023-09-09T09:00,28.7,79,11.0,982.0,426.1,0.0
2023-09-09T10:00,28.7,78,11.8,981.7,39.1,0.1
2023-09-09T11:00,29.6,74,10.9,981.1,85.7,0.1
2023-09-09T12:00,30.4,70,10.6,980.3,121.3,0.1
2023-09-09T13:00,30.4,71,10.3,978.9,54.1,0.1
2023-09-09T14:00,31.4,67,12.6,977.9,495.3,0.0
2023-09-09T15:00,30.9,68,14.7,977.5,401.2,0.0
2023-09-09T16:00,29.7,74,11.3,977.5,251.1,0.3
2023-09-09T17:00,27.7,82,7.4,979.9,172.6,0.0
2023-09-09T18:00,26.6,89,3.7,980.4,73.8,0.0
2023-09-09T19:00,26.4,88,7.1,981.0,0.0,0.0
2023-09-09T20:00,26.2,89,7.8,981.6,0.0,0.0
2023-09-09T21:00,25.9,90,8.3,982.1,0.0,0.0
2023-09-09T22:00,25.7,90,8.3,982.3,0.0,0.0
2023-09-09T23:00,25.4,90,7.6,981.6,0.0,0.0
2023-09-10T00:00,25.1,90,8.3,981.2,0.0,0.0
2023-09-10T01:00,25.1,90,10.0,980.7,0.0,0.0
2023-09-10T02:00,25.0,90,10.2,980.1,0.0,0.0
2023-09-10T03:00,24.9,90,9.1,979.9,0.0,0.0
2023-09-10T04:00,24.6,91,8.0,980.0,0.0,0.0
2023-09-10T05:00,25.2,89,10.1,979.9,0.0,0.0
2023-09-10T06:00,25.5,87,9.7,980.5,12.4,0.0
2023-09-10T07:00,26.4,85,10.1,981.1,146.3,0.0
2023-09-10T08:00,27.5,79,13.7,981.8,320.8,0.0
2023-09-10T09:00,28.5,73,16.5,981.9,403.9,0.0
2023-09-10T10:00,29.0,72,14.2,981.7,118.6,0.0
2023-09-10T11:00,30.6,65,12.1,981.1,466.0,0.1
2023-09-10T12:00,31.0,67,11.8,980.0,547.4,0.2
2023-09-10T13:00,31.6,67,11.2,978.4,720.3,0.0
2023-09-10T14:00,28.7,79,12.2,978.0,278.7,1.6
2023-09-10T15:00,29.4,77,10.8,977.7,384.6,0.3
2023-09-10T16:00,27.3,85,6.1,977.9,169.6,4.1
2023-09-10T17:00,26.1,89,12.8,979.6,67.9,4.1
2023-09-10T18:00,25.5,94,13.5,980.2,0.0,2.6
2023-09-10T19:00,25.4,93,14.1,981.1,0.0,1.4
2023-09-10T20:00,25.4,94,5.9,981.6,0.0,1.3
2023-09-10T21:00,25.6,94,6.9,982.1,0.0,0.1
2023-09-10T22:00,25.6,93,9.1,982.5,0.0,0.1
2023-09-10T23:00,25.4,92,9.6,982.1,0.0,0.0
2023-09-11T00:00,25.1,92,9.7,981.4,0.0,0.0
2023-09-11T01:00,25.0,93,10.1,980.9,0.0,0.0
2023-09-11T02:00,25.1,92,11.5,980.4,0.0,0.0
2023-09-11T03:00,25.1,91,11.5,980.3,0.0,0.0
2023-09-11T04:00,25.1,88,12.6,980.3,0.0,0.0
2023-09-11T05:00,25.7,82,12.7,980.7,0.0,0.0
2023-09-11T06:00,25.7,81,14.1,980.9,12.5,0.0
2023-09-11T07:00,26.4,80,15.5,981.6,116.6,0.0
2023-09-11T08:00,27.6,77,15.1,982.3,286.6,0.0
2023-09-11T09:00,28.9,74,15.8,982.8,487.8,0.0
2023-09-11T10:00,30.1,69,18.8,982.6,595.2,0.0
2023-09-11T11:00,31.0,65,19.4,981.7,653.8,0.1
2023-09-11T12:00,31.3,64,17.1,981.1,561.9,0.1
2023-09-11T13:00,31.7,65,14.6,980.3,543.0,0.1
2023-09-11T14:00,31.7,66,14.0,979.1,487.6,0.0
2023-09-11T15:00,31.5,65,13.0,978.6,454.7,0.0
2023-09-11T16:00,30.3,70,8.6,979.0,132.7,0.1
2023-09-11T17:00,28.5,76,14.8,980.2,22.9,0.0
2023-09-11T18:00,27.8,77,11.1,980.9,0.0,0.0
2023-09-11T19:00,27.5,79,13.4,981.4,0.0,0.1
2023-09-11T20:00,27.2,80,11.2,982.1,0.0,0.2
2023-09-11T21:00,26.9,80,10.9,982.7,0.0,0.0
2023-09-11T22:00,26.5,81,9.4,982.9,0.0,0.0
2023-09-11T23:00,26.3,81,10.4,982.1,0.0,0.0
2023-09-12T00:00,26.0,81,11.1,981.3,0.0,0.0
2023-09-12T01:00,25.8,81,11.2,980.8,0.0,0.0
2023-09-12T02:00,25.6,80,11.0,980.4,0.0,0.0
2023-09-12T03:00,25.3,80,11.2,980.4,0.0,0.0
2023-09-12T04:00,25.1,81,11.9,980.8,0.0,0.0
2023-09-12T05:00,26.4,78,12.1,981.1,0.0,0.0
2023-09-12T06:00,26.4,80,11.3,982.0,12.5,0.2
2023-09-12T07:00,27.2,80,13.4,982.7,190.6,0.0
2023-09-12T08:00,27.8,79,12.1,983.5,110.9,0.0
2023-09-12T09:00,28.6,75,16.3,983.7,169.9,0.0
2023-09-12T10:00,29.8,72,16.9,984.0,452.5,0.1
2023-09-12T11:00,28.3,79,11.5,983.3,75.2,4.0
2023-09-12T12:00,28.5,80,7.2,982.2,88.6,0.0
2023-09-12T13:00,30.0,73,12.7,980.8,105.6,0.3
2023-09-12T14:00,29.5,77,11.2,980.0,80.9,2.2
2023-09-12T15:00,27.3,86,8.8,980.4,7.0,4.5
2023-09-12T16:00,26.4,93,7.6,980.5,0.0,0.6
2023-09-12T17:00,29.1,78,13.8,980.1,0.0,0.5
2023-09-12T18:00,28.5,78,11.2,981.3,17.1,0.0
2023-09-12T19:00,27.9,78,12.7,982.5,0.0,0.2
2023-09-12T20:00,26.9,84,11.9,983.1,0.0,0.7
2023-09-12T21:00,26.1,90,9.6,983.5,0.0,0.8
2023-09-12T22:00,25.7,91,7.3,983.7,0.0,0.6
2023-09-12T23:00,25.5,92,6.8,983.6,0.0,0.2
2023-09-13T00:00,25.3,93,8.6,983.0,0.0,0.3
2023-09-13T01:00,25.1,93,10.5,982.0,0.0,0.2
2023-09-13T02:00,25.0,91,11.6,981.5,0.0,0.1
2023-09-13T03:00,25.0,89,12.2,981.2,0.0,0.0
2023-09-13T04:00,24.8,88,11.9,981.1,0.0,0.0
2023-09-13T05:00,25.7,84,14.0,981.6,0.0,0.0
2023-09-13T06:00,25.9,83,11.5,982.4,0.0,0.0
2023-09-13T07:00,26.3,82,11.5,983.2,26.1,0.0
2023-09-13T08:00,26.1,80,13.4,983.8,0.0,0.1
2023-09-13T09:00,27.1,75,12.9,983.9,159.5,0.1
2023-09-13T10:00,27.8,73,13.7,983.9,105.6,0.0
2023-09-13T11:00,29.6,67,16.1,983.5,387.4,0.0
2023-09-13T12:00,29.1,70,14.5,982.2,63.7,0.0
2023-09-13T13:00,29.5,68,16.0,981.2,125.1,0.0
2023-09-13T14:00,30.0,67,16.1,979.9,418.7,0.0
2023-09-13T15:00,29.5,69,15.9,979.3,328.6,0.1
2023-09-13T16:00,29.0,73,13.0,979.2,197.7,0.1
2023-09-13T17:00,25.3,90,7.6,980.8,30.1,0.0
2023-09-13T18:00,25.6,92,12.4,980.8,0.0,5.7
2023-09-13T19:00,25.8,92,13.1,981.5,0.0,5.0
2023-09-13T20:00,25.5,92,13.2,982.0,0.0,3.6
2023-09-13T21:00,25.3,92,10.4,982.7,0.0,3.5
2023-09-13T22:00,25.2,93,9.7,982.9,0.0,4.8
2023-09-13T23:00,25.1,93,15.1,982.1,0.0,4.8
2023-09-14T00:00,25.0,93,15.5,981.5,0.0,4.6
2023-09-14T01:00,24.8,92,16.4,981.0,0.0,3.4
2023-09-14T02:00,24.6,90,18.4,980.3,0.0,3.7
2023-09-14T03:00,24.4,91,18.4,980.3,0.0,5.3
2023-09-14T04:00,24.0,90,18.7,980.3,0.0,4.0
2023-09-14T05:00,24.8,91,16.7,981.2,0.0,2.0
2023-09-14T06:00,24.9,92,15.0,982.1,0.0,2.9
2023-09-14T07:00,25.0,91,14.8,983.0,0.0,3.3
2023-09-14T08:00,25.3,91,13.1,983.6,0.0,3.5
2023-09-14T09:00,25.9,89,13.1,983.9,19.8,0.7
2023-09-14T10:00,27.6,83,13.9,984.0,148.8,0.1
2023-09-14T11:00,27.0,85,12.3,983.3,8.7,0.3
2023-09-14T12:00,27.9,81,14.9,981.8,29.3,0.1
2023-09-14T13:00,29.1,78,14.4,980.8,204.8,0.1
2023-09-14T14:00,28.7,78,11.2,979.2,47.2,0.1
2023-09-14T15:00,25.6,91,16.9,979.5,32.6,2.7
2023-09-14T16:00,25.3,93,9.4,978.8,0.0,3.5
2023-09-14T17:00,26.9,89,12.0,979.3,0.0,1.7
2023-09-14T18:00,26.4,91,15.1,980.0,0.0,2.0
2023-09-14T19:00,25.7,92,12.9,980.7,0.0,4.2
2023-09-14T20:00,25.4,93,12.3,981.5,0.0,6.4
2023-09-14T21:00,25.0,94,18.0,981.6,0.0,6.7
2023-09-14T22:00,25.0,94,21.1,981.1,0.0,3.6
2023-09-14T23:00,24.8,94,20.2,981.0,0.0,5.9
2023-09-15T00:00,24.7,94,17.1,980.5,0.0,3.9
2023-09-15T01:00,24.5,95,18.7,979.5,0.0,2.3
2023-09-15T02:00,24.5,95,19.6,979.0,0.0,2.3
2023-09-15T03:00,24.4,95,18.1,978.8,0.0,2.4
2023-09-15T04:00,24.3,95,17.0,979.3,0.0,3.2
2023-09-15T05:00,24.7,95,13.8,980.0,0.0,3.9
2023-09-15T06:00,24.9,95,14.5,980.5,0.0,1.4
2023-09-15T07:00,25.1,94,15.5,981.1,0.0,1.1
2023-09-15T08:00,25.6,93,17.3,981.7,0.0,1.0
2023-09-15T09:00,26.5,88,22.0,982.3,62.5,0.4
2023-09-15T10:00,27.0,86,19.8,982.2,55.4,0.3
2023-09-15T11:00,27.5,82,21.1,981.9,82.1,0.2
2023-09-15T12:00,27.8,80,24.6,981.1,115.3,0.1
2023-09-15T13:00,28.3,75,22.9,980.3,93.5,0.0
2023-09-15T14:00,28.4,76,22.3,979.4,56.8,0.1
2023-09-15T15:00,28.4,76,19.6,978.6,74.0,0.0
2023-09-15T16:00,28.2,76,17.9,978.5,149.7,0.0
2023-09-15T17:00,27.3,82,17.9,979.5,41.1,0.0
2023-09-15T18:00,27.1,82,15.5,980.2,0.0,0.0
2023-09-15T19:00,26.9,82,15.0,981.1,0.0,0.0
2023-09-15T20:00,26.8,81,14.3,981.7,0.0,0.0
2023-09-15T21:00,26.3,82,11.8,982.5,0.0,0.0
2023-09-15T22:00,26.1,82,11.4,982.5,0.0,0.0
2023-09-15T23:00,25.7,82,11.1,982.0,0.0,0.0
2023-09-16T00:00,25.4,82,10.9,981.4,0.0,0.0
2023-09-16T01:00,25.2,83,10.2,981.2,0.0,0.0
2023-09-16T02:00,25.1,83,9.8,980.9,0.0,0.0
2023-09-16T03:00,25.0,82,10.6,980.7,0.0,0.0
2023-09-16T04:00,25.1,81,11.7,980.7,0.0,0.0
2023-09-16T05:00,25.9,81,11.6,981.1,0.0,0.0
2023-09-16T06:00,26.1,81,11.5,981.7,25.6,0.0
2023-09-16T07:00,27.1,79,11.1,983.0,281.1,0.0
2023-09-16T08:00,28.2,72,12.7,983.5,499.4,0.0
2023-09-16T09:00,29.2,67,13.1,983.7,564.5,0.0
2023-09-16T10:00,30.2,63,14.7,983.5,609.3,0.0
2023-09-16T11:00,31.1,59,17.1,982.9,624.0,0.1
2023-09-16T12:00,30.9,60,16.7,982.6,602.9,0.4
2023-09-16T13:00,30.5,64,14.5,981.8,336.1,0.1
2023-09-16T14:00,30.8,64,12.9,980.9,293.2,0.2
2023-09-16T15:00,31.2,63,11.9,980.2,571.3,0.0
2023-09-16T16:00,29.4,71,14.9,980.2,451.8,0.6
2023-09-16T17:00,28.5,82,7.5,980.6,156.0,0.1
2023-09-16T18:00,24.7,92,12.7,981.7,36.5,11.4
2023-09-16T19:00,24.0,95,9.5,982.8,0.0,0.8
2023-09-16T20:00,24.0,96,6.4,983.3,0.0,0.0
2023-09-16T21:00,24.1,95,4.9,983.9,0.0,0.0
2023-09-16T22:00,24.1,96,5.8,984.1,0.0,0.0
2023-09-16T23:00,23.9,96,5.5,983.8,0.0,0.0
2023-09-17T00:00,23.8,97,4.0,983.2,0.0,0.0
2023-09-17T01:00,23.8,96,4.7,982.5,0.0,0.0
2023-09-17T02:00,23.9,95,5.2,982.0,0.0,0.0
2023-09-17T03:00,24.0,93,6.9,981.7,0.0,0.0
2023-09-17T04:00,23.9,92,6.3,982.3,0.0,0.0
2023-09-17T05:00,24.6,91,5.6,982.7,0.0,0.0
2023-09-17T06:00,25.1,87,6.4,983.3,25.7,0.0
2023-09-17T07:00,26.5,82,6.3,983.6,326.3,0.0
2023-09-17T08:00,27.8,74,8.9,984.3,559.7,0.0
2023-09-17T09:00,28.9,68,11.7,984.4,649.5,0.0
2023-09-17T10:00,30.0,64,11.9,984.7,745.0,0.0
2023-09-17T11:00,30.9,61,10.8,984.1,754.7,0.0
2023-09-17T12:00,31.4,59,11.2,983.3,715.8,0.0
2023-09-17T13:00,32.1,55,11.2,982.3,727.9,0.0
2023-09-17T14:00,31.9,56,11.2,981.4,593.1,0.0
2023-09-17T15:00,31.5,58,11.5,980.5,619.7,0.0
2023-09-17T16:00,30.8,62,9.1,980.1,476.5,0.0
2023-09-17T17:00,30.5,69,6.4,980.4,414.1,0.0
2023-09-17T18:00,27.9,79,7.6,980.8,55.7,0.0
2023-09-17T19:00,28.0,75,7.0,981.6,0.0,0.0
2023-09-17T20:00,27.3,77,7.1,982.5,0.0,0.0
2023-09-17T21:00,26.2,83,5.4,983.5,0.0,0.0
2023-09-17T22:00,25.6,86,5.4,983.7,0.0,0.0
2023-09-17T23:00,25.3,87,5.3,983.2,0.0,0.0
2023-09-18T00:00,24.9,89,5.2,982.8,0.0,0.0
2023-09-18T01:00,24.5,90,5.2,982.5,0.0,0.0
2023-09-18T02:00,23.9,93,4.7,982.3,0.0,0.0
2023-09-18T03:00,23.7,94,4.3,981.9,0.0,0.0
2023-09-18T04:00,23.5,94,4.7,981.8,0.0,0.0
2023-09-18T05:00,24.7,93,5.2,982.1,0.0,0.0
2023-09-18T06:00,25.3,91,5.8,982.5,25.9,0.0
2023-09-18T07:00,26.6,87,5.6,983.2,274.4,0.0
2023-09-18T08:00,28.3,82,6.3,984.0,541.0,0.0
2023-09-18T09:00,29.7,74,8.2,984.5,685.8,0.0
2023-09-18T10:00,30.3,71,9.6,984.7,704.1,0.0
2023-09-18T11:00,30.9,68,8.1,984.4,697.7,0.0
2023-09-18T12:00,31.5,65,6.3,983.6,690.9,0.0
2023-09-18T13:00,32.0,62,5.9,982.1,729.8,0.0
2023-09-18T14:00,32.3,59,7.6,980.8,724.1,0.0
2023-09-18T15:00,32.0,58,9.7,980.0,665.7,0.0
2023-09-18T16:00,31.6,61,7.6,980.2,590.7,0.0
2023-09-18T17:00,30.6,69,3.8,981.6,398.0,0.0
2023-09-18T18:00,28.1,81,6.6,982.0,75.6,0.0
2023-09-18T19:00,27.1,85,6.4,982.7,0.0,0.0
2023-09-18T20:00,26.5,88,5.6,983.5,0.0,0.0
2023-09-18T21:00,26.6,85,3.7,984.1,0.0,0.0
2023-09-18T22:00,25.5,90,4.4,984.6,0.0,0.0
2023-09-18T23:00,24.9,94,5.9,984.2,0.0,0.0
2023-09-19T00:00,24.6,95,6.0,984.0,0.0,0.0
2023-09-19T01:00,24.4,96,5.9,983.8,0.0,0.0
2023-09-19T02:00,24.6,95,5.1,983.2,0.0,0.0
2023-09-19T03:00,24.6,94,6.5,982.9,0.0,0.0
2023-09-19T04:00,24.5,93,5.2,983.1,0.0,0.0
2023-09-19T05:00,25.4,88,5.8,983.4,0.0,0.0
2023-09-19T06:00,26.0,86,5.6,984.0,0.0,0.0
2023-09-19T07:00,27.3,82,6.8,984.8,173.2,0.0
2023-09-19T08:00,29.0,77,7.6,985.6,528.9,0.0
2023-09-19T09:00,30.1,73,9.4,985.7,673.1,0.0
2023-09-19T10:00,31.1,69,9.8,985.6,737.5,0.0
2023-09-19T11:00,31.8,66,10.6,985.3,721.1,0.0
2023-09-19T12:00,32.3,64,10.2,984.4,701.9,0.0
2023-09-19T13:00,32.5,63,10.9,983.6,708.9,0.0
2023-09-19T14:00,32.6,61,10.6,982.5,708.5,0.0
2023-09-19T15:00,32.0,63,8.4,981.8,621.0,0.1
2023-09-19T16:00,31.7,63,6.9,981.5,453.0,0.0
2023-09-19T17:00,30.0,72,5.0,982.8,392.5,0.0
2023-09-19T18:00,28.9,73,6.1,982.7,57.7,0.0
2023-09-19T19:00,28.0,77,5.4,983.7,0.0,0.0
2023-09-19T20:00,27.8,78,6.0,984.7,0.0,0.0
2023-09-19T21:00,27.2,80,7.0,985.3,0.0,0.0
2023-09-19T22:00,26.8,83,6.8,985.5,0.0,0.0
2023-09-19T23:00,26.5,84,7.6,985.3,0.0,0.0
2023-09-20T00:00,25.7,89,4.8,984.9,0.0,0.0
2023-09-20T01:00,25.3,90,4.5,984.6,0.0,0.0
2023-09-20T02:00,25.1,91,5.4,983.8,0.0,0.0
2023-09-20T03:00,25.0,91,6.9,983.8,0.0,0.0
2023-09-20T04:00,24.8,91,6.9,983.6,0.0,0.0
2023-09-20T05:00,26.1,86,9.6,983.8,0.0,0.0
2023-09-20T06:00,26.5,87,11.2,984.6,0.0,0.0
2023-09-20T07:00,27.1,84,9.1,985.5,214.0,0.0
2023-09-20T08:00,28.7,79,9.7,986.3,479.2,0.1
2023-09-20T09:00,28.6,76,18.0,986.5,553.0,0.5
2023-09-20T10:00,29.4,74,12.3,986.4,460.7,0.1
2023-09-20T11:00,27.8,81,9.6,986.2,232.0,1.6
2023-09-20T12:00,28.2,82,4.8,985.1,8.5,0.4
2023-09-20T13:00,29.2,81,5.8,983.2,99.1,0.1
2023-09-20T14:00,30.0,78,8.7,982.5,161.2,0.1
2023-09-20T15:00,29.3,78,11.3,981.7,64.0,0.4
2023-09-20T16:00,28.2,82,7.4,982.0,36.2,0.0
2023-09-20T17:00,28.5,81,8.9,982.2,0.0,0.1
2023-09-20T18:00,27.7,85,7.3,983.2,0.0,0.1
2023-09-20T19:00,27.1,89,5.8,984.2,0.0,0.4
2023-09-20T20:00,26.7,91,8.3,984.5,0.0,0.0
2023-09-20T21:00,26.3,91,6.5,985.1,0.0,0.0
2023-09-20T22:00,26.1,93,4.3,985.3,0.0,0.3
2023-09-20T23:00,26.1,94,2.3,985.3,0.0,1.0
2023-09-21T00:00,25.8,96,3.1,984.6,0.0,1.3
2023-09-21T01:00,25.3,97,3.7,984.3,0.0,3.0
2023-09-21T02:00,25.0,97,7.9,983.4,0.0,2.9
2023-09-21T03:00,24.8,96,4.2,983.1,0.0,1.5
2023-09-21T04:00,24.9,95,2.4,983.3,0.0,0.7
2023-09-21T05:00,24.4,96,2.8,985.3,0.0,0.8
2023-09-21T06:00,24.8,95,4.7,985.5,0.0,1.5
2023-09-21T07:00,24.4,95,12.3,986.1,0.0,1.5
2023-09-21T08:00,24.5,94,4.2,986.3,0.0,0.9
2023-09-21T09:00,25.6,91,5.1,986.9,47.7,0.4
2023-09-21T10:00,27.1,82,9.8,986.9,52.2,0.0
2023-09-21T11:00,28.8,78,10.6,986.1,137.3,0.0
2023-09-21T12:00,29.7,75,6.5,985.1,111.5,0.0
2023-09-21T13:00,30.1,75,8.2,983.3,65.5,0.0
2023-09-21T14:00,30.3,74,8.2,982.0,106.2,0.0
2023-09-21T15:00,29.9,75,8.0,981.4,5.8,0.0
2023-09-21T16:00,29.8,76,8.1,981.2,204.4,0.0
2023-09-21T17:00,27.6,89,6.5,983.3,177.6,0.0
2023-09-21T18:00,27.3,88,7.6,984.0,20.0,0.0
2023-09-21T19:00,27.0,87,10.7,985.1,0.0,0.0
2023-09-21T20:00,26.7,88,7.9,985.5,0.0,0.0
2023-09-21T21:00,26.3,90,8.7,985.4,0.0,0.0
2023-09-21T22:00,25.9,91,6.6,985.1,0.0,0.0
2023-09-21T23:00,25.3,93,4.6,985.0,0.0,0.0
2023-09-22T00:00,24.9,95,4.5,984.7,0.0,0.0
2023-09-22T01:00,24.7,96,3.6,984.4,0.0,0.0
2023-09-22T02:00,24.8,95,6.3,983.8,0.0,0.0
2023-09-22T03:00,24.8,94,6.5,983.6,0.0,0.0
2023-09-22T04:00,24.9,94,7.6,983.8,0.0,0.0
2023-09-22T05:00,25.2,92,5.4,984.1,0.0,0.0
2023-09-22T06:00,25.1,94,6.9,985.0,0.0,0.0
2023-09-22T07:00,25.9,91,6.2,985.7,13.5,0.0
2023-09-22T08:00,26.9,88,7.2,986.6,75.4,0.0
2023-09-22T09:00,27.7,83,8.0,986.8,27.7,0.0
2023-09-22T10:00,28.5,81,8.4,986.9,89.7,0.0
2023-09-22T11:00,29.1,78,7.9,986.3,72.1,0.1
2023-09-22T12:00,29.7,76,7.2,985.3,194.8,0.1
2023-09-22T13:00,28.5,79,7.9,984.3,55.8,1.1
2023-09-22T14:00,28.3,82,4.2,983.1,37.6,0.2
2023-09-22T15:00,28.5,82,2.4,982.1,35.2,0.1
2023-09-22T16:00,28.9,79,3.4,982.2,55.0,0.0
2023-09-22T17:00,28.4,79,7.7,982.7,82.5,0.0
2023-09-22T18:00,27.4,82,5.4,983.0,0.0,0.0
2023-09-22T19:00,26.6,87,4.8,983.8,0.0,0.0
2023-09-22T20:00,26.4,87,5.8,984.4,0.0,0.0
2023-09-22T21:00,25.3,91,10.4,985.4,0.0,2.8
2023-09-22T22:00,24.0,99,3.9,985.3,0.0,2.9
2023-09-22T23:00,24.4,98,4.9,985.1,0.0,0.5
2023-09-23T00:00,24.1,98,5.4,984.6,0.0,1.4
2023-09-23T01:00,23.9,98,1.9,984.4,0.0,2.0
2023-09-23T02:00,23.7,98,3.2,984.1,0.0,1.7
2023-09-23T03:00,23.9,98,2.5,984.1,0.0,1.0
2023-09-23T04:00,23.8,98,8.0,984.7,0.0,1.5
2023-09-23T05:00,24.6,93,7.3,984.9,0.0,5.1
2023-09-23T06:00,24.5,94,7.3,985.9,0.0,0.0
2023-09-23T07:00,25.4,91,6.2,986.2,266.1,0.0
2023-09-23T08:00,26.7,87,6.6,987.2,415.7,0.0
2023-09-23T09:00,27.3,85,4.7,987.6,72.6,0.0
2023-09-23T10:00,27.3,84,7.3,987.4,7.5,0.0
2023-09-23T11:00,27.9,82,6.2,986.8,16.7,0.0
2023-09-23T12:00,28.9,76,8.3,986.0,87.5,0.0
2023-09-23T13:00,29.0,75,10.0,984.8,102.1,0.0
2023-09-23T14:00,29.7,72,8.7,983.6,358.8,0.0
2023-09-23T15:00,29.6,71,6.8,983.0,309.9,0.0
2023-09-23T16:00,29.6,70,2.3,983.2,149.9,0.0
2023-09-23T17:00,28.9,80,5.9,984.4,87.5,0.0
2023-09-23T18:00,27.6,87,4.0,984.7,0.0,0.0
2023-09-23T19:00,26.4,92,4.5,985.2,0.0,0.0
2023-09-23T20:00,25.7,95,6.1,985.6,0.0,0.0
2023-09-23T21:00,25.3,96,5.4,986.3,0.0,0.0
2023-09-23T22:00,25.4,96,4.9,986.2,0.0,0.0
2023-09-23T23:00,25.4,95,7.1,985.7,0.0,0.0
2023-09-24T00:00,25.1,95,7.3,985.2,0.0,0.0
2023-09-24T01:00,24.7,96,7.3,984.4,0.0,0.0
2023-09-24T02:00,24.6,97,7.8,984.2,0.0,0.0
2023-09-24T03:00,24.5,97,8.0,984.2,0.0,0.0
2023-09-24T04:00,24.5,97,8.3,984.0,0.0,0.0
2023-09-24T05:00,25.2,94,10.2,985.4,0.0,0.0
2023-09-24T06:00,25.2,93,8.1,985.0,0.0,0.1
2023-09-24T07:00,25.8,91,6.5,986.2,217.4,0.1
2023-09-24T08:00,26.8,88,7.9,987.4,249.5,0.0
2023-09-24T09:00,28.2,83,8.8,987.2,459.6,0.0
2023-09-24T10:00,29.6,77,8.7,986.8,566.8,0.1
2023-09-24T11:00,30.4,74,7.1,986.1,496.8,0.1
2023-09-24T12:00,31.0,71,5.6,984.4,599.0,0.1
2023-09-24T13:00,31.3,69,5.1,983.2,417.4,0.1
2023-09-24T14:00,31.1,68,4.7,982.1,212.4,0.0
2023-09-24T15:00,31.1,68,4.6,981.7,206.1,0.0
2023-09-24T16:00,30.7,70,3.8,981.7,138.6,0.0
2023-09-24T17:00,27.3,84,6.9,982.0,88.8,0.3
2023-09-24T18:00,24.8,95,7.7,983.9,0.0,11.3
2023-09-24T19:00,24.6,96,12.1,985.0,0.0,1.9
2023-09-24T20:00,24.8,96,4.8,984.9,0.0,1.4
2023-09-24T21:00,24.6,98,13.0,985.9,0.0,1.1
2023-09-24T22:00,24.3,96,9.2,985.5,0.0,0.7
2023-09-24T23:00,24.3,96,7.6,984.5,0.0,1.5
2023-09-25T00:00,24.3,96,8.3,984.5,0.0,1.0
2023-09-25T01:00,24.3,97,8.6,983.8,0.0,0.8
2023-09-25T02:00,24.3,96,7.1,983.2,0.0,0.2
2023-09-25T03:00,24.3,96,8.2,983.2,0.0,0.1
2023-09-25T04:00,24.2,97,7.6,983.2,0.0,0.0
2023-09-25T05:00,24.5,98,8.0,983.7,0.0,0.0
2023-09-25T06:00,24.6,97,5.7,984.3,0.0,0.0
2023-09-25T07:00,25.4,94,9.1,985.1,22.7,0.0
2023-09-25T08:00,27.0,88,10.1,985.5,136.2,0.1
2023-09-25T09:00,27.9,85,6.4,986.1,125.6,0.4
2023-09-25T10:00,28.0,84,4.5,985.8,40.1,0.6
2023-09-25T11:00,28.0,85,5.2,985.3,3.3,0.4
2023-09-25T12:00,28.5,84,4.7,983.9,45.0,0.2
2023-09-25T13:00,29.2,82,3.2,983.0,66.3,0.1
2023-09-25T14:00,28.0,83,8.6,982.4,49.0,2.8
2023-09-25T15:00,26.0,90,5.1,982.2,11.9,1.4
2023-09-25T16:00,25.7,90,3.6,981.8,16.7,0.6
2023-09-25T17:00,27.0,92,2.1,982.5,15.7,0.0
2023-09-25T18:00,25.7,95,2.3,982.8,0.0,0.2
2023-09-25T19:00,25.3,96,4.1,983.6,0.0,0.1
2023-09-25T20:00,25.7,94,2.3,983.9,0.0,0.0
2023-09-25T21:00,25.1,97,4.3,984.8,0.0,0.0
2023-09-25T22:00,24.9,98,3.9,984.7,0.0,0.0
2023-09-25T23:00,24.4,99,4.8,984.4,0.0,0.0
2023-09-26T00:00,24.4,98,3.8,984.1,0.0,0.0
2023-09-26T01:00,24.3,98,4.5,983.5,0.0,0.0
2023-09-26T02:00,24.1,98,4.6,983.0,0.0,0.0
2023-09-26T03:00,24.4,98,2.3,982.9,0.0,0.0
2023-09-26T04:00,23.7,100,2.8,983.1,0.0,0.0
2023-09-26T05:00,24.4,98,0.8,984.1,0.0,0.0
2023-09-26T06:00,24.4,99,4.3,984.4,0.0,0.4
2023-09-26T07:00,25.4,93,3.6,985.2,77.6,0.1
2023-09-26T08:00,26.9,85,6.1,986.0,288.8,0.0
2023-09-26T09:00,28.0,80,6.1,986.4,222.2,0.0
2023-09-26T10:00,29.0,75,5.1,986.0,169.6,0.1
2023-09-26T11:00,30.0,74,4.1,984.9,514.7,0.2
2023-09-26T12:00,30.7,72,3.5,983.8,670.9,0.0
2023-09-26T13:00,31.3,69,2.3,982.7,655.9,0.0
2023-09-26T14:00,31.3,67,2.6,981.7,412.1,0.0
2023-09-26T15:00,31.2,67,4.1,981.4,206.7,0.0
2023-09-26T16:00,31.0,68,5.2,981.8,432.8,0.0
2023-09-26T17:00,27.6,86,6.2,983.0,266.3,0.0
2023-09-26T18:00,25.7,98,12.8,984.0,0.0,1.8
2023-09-26T19:00,25.6,96,6.0,984.4,0.0,0.1
2023-09-26T20:00,25.6,95,5.1,985.0,0.0,0.1
2023-09-26T21:00,25.2,96,3.3,985.3,0.0,0.1
2023-09-26T22:00,24.8,98,4.3,985.2,0.0,0.0
2023-09-26T23:00,25.2,96,1.1,984.8,0.0,0.0
2023-09-27T00:00,25.1,96,2.3,984.3,0.0,0.0
2023-09-27T01:00,24.5,98,1.5,983.8,0.0,0.0
2023-09-27T02:00,24.0,100,4.2,983.3,0.0,0.0
2023-09-27T03:00,24.5,99,1.6,983.5,0.0,0.0
2023-09-27T04:00,23.8,100,2.9,983.9,0.0,0.0
2023-09-27T05:00,25.1,100,2.8,984.4,0.0,0.0
2023-09-27T06:00,25.8,100,4.3,985.1,13.6,0.0
2023-09-27T07:00,26.9,92,5.6,986.0,192.7,0.0
2023-09-27T08:00,28.0,87,2.9,986.3,179.6,0.2
2023-09-27T09:00,29.0,83,1.8,986.4,230.5,0.2
2023-09-27T10:00,29.8,82,4.4,986.2,331.1,0.4
2023-09-27T11:00,30.0,79,6.6,985.4,336.5,2.6
2023-09-27T12:00,28.5,81,7.0,984.4,36.7,6.8
2023-09-27T13:00,29.0,81,5.5,983.4,152.3,0.1
2023-09-27T14:00,29.6,78,2.6,982.3,181.5,0.1
2023-09-27T15:00,29.3,78,2.5,981.9,183.7,0.1
2023-09-27T16:00,29.5,77,2.2,981.8,251.9,0.1
2023-09-27T17:00,28.7,83,7.1,981.9,189.7,0.0
2023-09-27T18:00,27.2,91,5.1,982.3,33.8,0.2
2023-09-27T19:00,26.3,91,9.7,983.8,0.0,3.5
2023-09-27T20:00,26.0,95,3.2,984.4,0.0,0.0
2023-09-27T21:00,25.6,97,2.7,984.7,0.0,0.0
2023-09-27T22:00,25.5,97,3.6,984.6,0.0,0.0
2023-09-27T23:00,25.2,98,4.0,984.3,0.0,0.0
2023-09-28T00:00,25.0,99,4.4,984.0,0.0,0.0
2023-09-28T01:00,24.8,99,4.2,983.6,0.0,0.0
2023-09-28T02:00,24.6,100,3.6,982.9,0.0,0.0
2023-09-28T03:00,24.3,100,5.6,983.2,0.0,0.0
2023-09-28T04:00,24.8,100,3.4,983.2,0.0,0.0
2023-09-28T05:00,25.0,94,3.5,984.4,0.0,0.0
2023-09-28T06:00,25.6,94,1.3,984.9,0.0,0.0
2023-09-28T07:00,26.5,93,3.8,985.2,115.2,0.0
2023-09-28T08:00,28.1,86,2.6,986.2,468.1,0.0
2023-09-28T09:00,29.7,80,2.3,985.8,624.4,0.0
2023-09-28T10:00,31.0,73,1.3,985.6,730.6,0.0
2023-09-28T11:00,32.1,69,0.5,984.8,720.6,0.0
2023-09-28T12:00,32.6,66,2.4,983.7,714.5,0.0
2023-09-28T13:00,32.6,66,4.9,982.5,667.9,0.1
2023-09-28T14:00,32.4,66,4.2,981.4,519.5,0.0
2023-09-28T15:00,32.4,65,4.7,980.4,599.5,0.0
2023-09-28T16:00,31.8,67,6.4,979.6,465.1,0.0
2023-09-28T17:00,30.7,78,5.4,981.7,323.7,0.0
2023-09-28T18:00,28.7,88,1.4,982.0,23.0,2.0
2023-09-28T19:00,27.5,91,7.6,982.7,0.0,2.0
2023-09-28T20:00,26.2,93,1.8,984.5,0.0,8.8
2023-09-28T21:00,26.0,95,2.7,984.6,0.0,0.1
2023-09-28T22:00,25.8,97,6.8,984.8,0.0,0.0
2023-09-28T23:00,24.9,95,12.3,985.4,0.0,2.9
2023-09-29T00:00,24.3,95,2.6,984.3,0.0,2.6
2023-09-29T01:00,24.3,96,0.8,983.0,0.0,0.1
2023-09-29T02:00,24.1,98,1.6,982.7,0.0,0.1
2023-09-29T03:00,24.0,99,1.5,982.6,0.0,0.0
2023-09-29T04:00,23.9,99,2.3,982.4,0.0,0.0
2023-09-29T05:00,25.4,100,5.4,983.7,0.0,0.0
2023-09-29T06:00,25.3,96,6.8,983.8,0.0,3.3
2023-09-29T07:00,25.9,95,5.8,984.7,78.7,0.0
2023-09-29T08:00,26.9,89,7.9,985.4,51.9,0.0
2023-09-29T09:00,28.0,84,4.7,985.6,128.3,0.0
2023-09-29T10:00,29.3,80,5.2,985.6,187.2,0.1
2023-09-29T11:00,30.0,78,3.7,985.0,236.7,0.1
2023-09-29T12:00,30.1,76,3.5,983.9,121.4,0.2
2023-09-29T13:00,29.5,79,1.3,982.5,83.9,0.2
2023-09-29T14:00,29.0,82,1.3,981.3,31.1,0.4
2023-09-29T15:00,27.9,85,10.7,981.2,161.3,0.8
2023-09-29T16:00,27.0,87,4.0,981.6,66.7,0.1
2023-09-29T17:00,28.3,86,6.4,982.2,0.0,0.0
2023-09-29T18:00,27.5,90,3.6,982.7,0.0,0.0
2023-09-29T19:00,27.4,89,4.0,983.5,0.0,0.0
2023-09-29T20:00,27.3,91,4.8,984.5,0.0,0.0
2023-09-29T21:00,26.5,94,6.1,985.1,0.0,0.1
2023-09-29T22:00,26.2,95,2.3,984.7,0.0,0.0
2023-09-29T23:00,25.5,99,1.8,984.7,0.0,0.0
2023-09-30T00:00,25.4,99,2.9,984.5,0.0,0.0
2023-09-30T01:00,25.2,100,1.4,983.7,0.0,0.0
2023-09-30T02:00,25.2,99,2.9,982.8,0.0,0.0
2023-09-30T03:00,25.1,99,6.9,982.6,0.0,0.3
2023-09-30T04:00,25.0,99,5.2,982.6,0.0,0.1
2023-09-30T05:00,25.6,99,8.0,983.2,0.0,0.3
2023-09-30T06:00,25.7,98,6.6,983.8,13.9,0.0
2023-09-30T07:00,26.7,93,6.2,985.0,255.9,0.0
2023-09-30T08:00,28.0,86,4.7,985.7,439.0,0.0
2023-09-30T09:00,29.2,81,4.3,985.9,421.9,0.1
2023-09-30T10:00,30.1,78,5.4,985.5,446.2,0.1
2023-09-30T11:00,30.8,75,6.9,985.0,519.7,0.2
2023-09-30T12:00,31.1,71,8.4,984.1,398.9,0.2
2023-09-30T13:00,30.8,72,7.4,982.3,267.1,0.1
2023-09-30T14:00,30.3,72,12.2,981.3,384.9,0.4
2023-09-30T15:00,29.0,81,2.7,981.4,237.1,0.1
2023-09-30T16:00,28.5,84,5.2,981.6,121.4,0.0
2023-09-30T17:00,29.9,77,3.4,981.9,156.4,0.0
2023-09-30T18:00,27.0,88,4.8,982.5,12.0,5.3
2023-09-30T19:00,26.6,93,2.4,983.4,0.0,0.0
2023-09-30T20:00,26.6,93,5.2,984.0,0.0,0.0
2023-09-30T21:00,26.4,93,7.4,984.4,0.0,0.0
2023-09-30T22:00,26.0,95,8.2,984.6,0.0,0.0
2023-09-30T23:00,25.7,95,6.4,983.9,0.0,0.0
2023-10-01T00:00,25.1,98,2.7,983.2,0.0,0.0
2023-10-01T01:00,24.9,98,6.2,982.4,0.0,0.0
2023-10-01T02:00,24.6,98,3.6,981.9,0.0,0.0
2023-10-01T03:00,24.5,98,5.7,981.7,0.0,0.0
2023-10-01T04:00,24.4,99,4.3,981.8,0.0,0.0
2023-10-01T05:00,25.2,96,7.1,982.9,0.0,0.0
2023-10-01T06:00,25.1,95,6.4,983.6,0.0,1.2
2023-10-01T07:00,25.3,94,7.8,984.1,79.5,0.5
2023-10-01T08:00,26.2,90,7.9,984.7,190.7,0.1
2023-10-01T09:00,28.6,81,5.8,984.8,503.1,0.0
2023-10-01T10:00,30.1,76,4.4,984.7,557.9,0.0
2023-10-01T11:00,31.0,74,4.7,984.0,666.0,0.1
2023-10-01T12:00,31.5,72,5.8,982.9,683.5,0.4
2023-10-01T13:00,31.4,72,6.4,981.5,558.5,0.4
2023-10-01T14:00,30.1,72,8.9,980.1,264.8,4.4
2023-10-01T15:00,29.7,79,4.4,979.9,296.8,0.2
2023-10-01T16:00,28.9,81,6.3,980.1,148.5,0.1
2023-10-01T17:00,28.2,86,2.3,980.9,158.8,0.0
2023-10-01T18:00,27.7,90,4.3,981.3,0.0,0.0
2023-10-01T19:00,27.4,90,7.2,982.2,0.0,0.0
2023-10-01T20:00,27.0,92,5.2,983.2,0.0,0.0
2023-10-01T21:00,26.5,94,5.2,983.3,0.0,0.0
2023-10-01T22:00,26.1,96,6.2,983.4,0.0,0.0
2023-10-01T23:00,25.8,96,3.8,983.0,0.0,0.0
2023-10-02T00:00,25.4,97,4.3,982.4,0.0,0.0
2023-10-02T01:00,25.5,96,4.7,982.2,0.0,0.0
2023-10-02T02:00,25.7,95,3.3,981.9,0.0,0.0
2023-10-02T03:00,24.5,98,5.2,981.6,0.0,0.0
2023-10-02T04:00,24.3,97,5.4,981.9,0.0,0.0
2023-10-02T05:00,25.7,97,3.4,982.5,0.0,0.0
2023-10-02T06:00,26.3,93,2.7,983.0,0.0,0.0
2023-10-02T07:00,26.8,92,2.7,983.8,14.1,0.0
2023-10-02T08:00,27.8,88,1.1,984.5,47.8,0.0
2023-10-02T09:00,29.3,81,4.0,984.5,349.9,0.0
2023-10-02T10:00,30.5,75,5.4,984.4,393.6,0.0
2023-10-02T11:00,31.5,67,8.2,983.7,512.2,0.1
2023-10-02T12:00,32.2,61,10.7,982.5,612.2,0.0
2023-10-02T13:00,32.3,62,11.7,981.5,623.7,0.0
2023-10-02T14:00,32.4,64,9.5,980.5,555.6,0.0
2023-10-02T15:00,30.6,71,12.5,980.3,405.1,1.2
2023-10-02T16:00,30.0,76,7.9,980.6,310.4,0.1
2023-10-02T17:00,30.3,74,9.5,981.3,109.0,0.0
2023-10-02T18:00,29.1,79,7.2,982.2,12.6,0.0
2023-10-02T19:00,28.8,80,8.1,982.6,0.0,0.0
2023-10-02T20:00,28.6,79,9.1,983.2,0.0,0.0
2023-10-02T21:00,28.0,79,8.2,984.0,0.0,0.0
2023-10-02T22:00,27.4,80,6.6,983.9,0.0,0.1
2023-10-02T23:00,26.4,88,4.5,983.7,0.0,0.0
2023-10-03T00:00,26.3,86,4.4,983.3,0.0,0.0
2023-10-03T01:00,26.1,85,6.2,982.9,0.0,0.0
2023-10-03T02:00,26.0,84,6.6,982.7,0.0,0.0
2023-10-03T03:00,25.8,84,8.8,982.8,0.0,0.0
2023-10-03T04:00,25.6,84,8.2,983.0,0.0,0.0
2023-10-03T05:00,26.1,88,8.4,983.6,0.0,0.0
2023-10-03T06:00,26.5,86,10.3,984.3,0.0,0.0
2023-10-03T07:00,27.3,85,9.4,985.2,80.4,0.0
2023-10-03T08:00,28.7,80,10.7,986.3,219.2,0.0
2023-10-03T09:00,30.0,75,13.7,986.2,341.3,0.0
2023-10-03T10:00,30.9,70,13.9,986.1,334.6,0.0
2023-10-03T11:00,31.7,67,15.5,985.3,326.8,0.0
2023-10-03T12:00,31.5,65,16.9,983.9,210.5,0.0
2023-10-03T13:00,32.0,61,16.3,982.6,240.3,0.0
2023-10-03T14:00,31.6,62,15.5,981.7,237.8,0.1
2023-10-03T15:00,31.8,61,13.4,981.8,354.4,0.0
2023-10-03T16:00,31.1,65,7.9,982.0,119.8,0.0
2023-10-03T17:00,31.3,53,17.2,982.3,79.7,0.0
2023-10-03T18:00,30.7,40,15.8,983.0,25.8,0.0
2023-10-03T19:00,29.6,40,13.7,983.9,0.0,0.0
2023-10-03T20:00,27.3,50,8.1,985.1,0.0,0.0
2023-10-03T21:00,25.7,59,6.5,985.9,0.0,0.0
2023-10-03T22:00,24.9,59,6.9,986.1,0.0,0.0
2023-10-03T23:00,24.2,61,6.8,985.6,0.0,0.0
2023-10-04T00:00,23.9,61,7.2,985.2,0.0,0.0
2023-10-04T01:00,23.5,62,7.9,984.8,0.0,0.0
2023-10-04T02:00,22.4,69,5.5,984.6,0.0,0.0
2023-10-04T03:00,21.9,72,6.0,984.6,0.0,0.0
2023-10-04T04:00,21.6,75,6.2,984.7,0.0,0.0
2023-10-04T05:00,22.1,79,6.0,985.1,0.0,0.0
2023-10-04T06:00,22.5,79,6.9,985.8,14.3,0.0
2023-10-04T07:00,24.3,77,8.2,986.8,294.7,0.0
2023-10-04T08:00,26.6,71,6.9,987.4,570.5,0.0
2023-10-04T09:00,28.6,67,8.7,987.8,697.2,0.0
2023-10-04T10:00,30.4,62,9.3,987.9,777.2,0.0
2023-10-04T11:00,32.1,53,10.2,987.2,803.8,0.0
2023-10-04T12:00,33.1,41,14.3,985.9,836.8,0.0
2023-10-04T13:00,33.2,36,15.0,984.9,814.5,0.0
2023-10-04T14:00,33.1,36,13.2,983.9,790.2,0.0
2023-10-04T15:00,32.7,38,11.3,983.6,733.0,0.0
2023-10-04T16:00,31.6,47,7.6,983.9,630.7,0.0
2023-10-04T17:00,29.3,66,7.4,983.8,360.1,0.0
2023-10-04T18:00,27.3,60,7.7,984.8,26.4,0.0
2023-10-04T19:00,26.4,56,9.2,985.9,0.0,0.0
2023-10-04T20:00,25.7,54,9.8,987.0,0.0,0.0
2023-10-04T21:00,24.8,54,8.7,987.2,0.0,0.0
2023-10-04T22:00,23.7,56,7.6,987.1,0.0,0.0
2023-10-04T23:00,23.2,58,8.3,986.6,0.0,0.0
2023-10-05T00:00,22.8,63,9.0,986.1,0.0,0.0
2023-10-05T01:00,22.6,72,10.4,986.0,0.0,0.0
2023-10-05T02:00,21.9,77,6.1,985.5,0.0,0.0
2023-10-05T03:00,21.3,79,5.7,985.3,0.0,0.0
2023-10-05T04:00,20.8,83,6.8,985.4,0.0,0.0
2023-10-05T05:00,21.6,82,6.9,986.1,0.0,0.0
2023-10-05T06:00,22.3,81,7.2,987.0,28.9,0.0
2023-10-05T07:00,24.0,80,7.6,987.3,387.3,0.0
2023-10-05T08:00,26.0,72,8.4,988.0,618.4,0.0
2023-10-05T09:00,28.0,67,9.1,987.9,746.8,0.0
2023-10-05T10:00,29.9,60,10.2,987.7,810.1,0.0
2023-10-05T11:00,31.5,51,9.3,986.5,842.6,0.0
2023-10-05T12:00,32.9,40,9.5,985.2,850.4,0.0
2023-10-05T13:00,33.2,37,12.9,984.4,842.4,0.0
2023-10-05T14:00,33.1,38,12.3,983.4,803.6,0.0
2023-10-05T15:00,32.7,42,10.2,983.2,722.8,0.0
2023-10-05T16:00,32.0,53,5.5,983.0,599.6,0.0
2023-10-05T17:00,29.6,56,7.8,983.2,347.5,0.0
2023-10-05T18:00,27.9,53,10.3,983.7,13.5,0.0
2023-10-05T19:00,26.8,56,9.8,984.5,0.0,0.0
2023-10-05T20:00,25.9,57,10.0,985.2,0.0,0.0
2023-10-05T21:00,25.1,56,8.2,985.5,0.0,0.0
2023-10-05T22:00,23.9,61,6.4,985.4,0.0,0.0
2023-10-05T23:00,23.4,65,6.0,985.4,0.0,0.0
2023-10-06T00:00,22.9,68,6.5,985.1,0.0,0.0
2023-10-06T01:00,21.9,76,5.8,984.8,0.0,0.0
2023-10-06T02:00,21.5,76,6.2,984.5,0.0,0.0
2023-10-06T03:00,21.5,75,8.4,984.4,0.0,0.0
2023-10-06T04:00,21.5,75,8.9,984.6,0.0,0.0
2023-10-06T05:00,22.1,77,8.7,985.2,0.0,0.0
2023-10-06T06:00,22.4,78,9.0,986.0,14.6,0.0
2023-10-06T07:00,23.9,78,8.8,986.8,317.5,0.0
2023-10-06T08:00,25.8,72,9.8,987.4,537.5,0.0
2023-10-06T09:00,27.8,67,10.5,987.3,729.8,0.0
2023-10-06T10:00,29.7,60,11.0,987.2,804.6,0.0
2023-10-06T11:00,31.4,52,10.2,986.3,823.2,0.0
2023-10-06T12:00,32.5,44,10.7,985.0,840.8,0.0
2023-10-06T13:00,32.9,40,10.6,984.0,839.6,0.0
2023-10-06T14:00,32.9,39,10.7,983.1,805.7,0.0
2023-10-06T15:00,32.4,41,11.1,983.0,745.7,0.0
2023-10-06T16:00,31.3,53,7.1,983.2,627.1,0.0
2023-10-06T17:00,31.5,56,5.0,983.2,399.6,0.0
2023-10-06T18:00,30.1,55,4.0,983.5,13.8,0.0
2023-10-06T19:00,28.0,62,8.6,984.3,0.0,0.0
2023-10-06T20:00,27.0,66,7.5,984.7,0.0,0.0
2023-10-06T21:00,26.8,67,10.0,985.1,0.0,0.0
2023-10-06T22:00,26.5,69,8.2,985.3,0.0,0.0
2023-10-06T23:00,25.9,73,6.6,985.0,0.0,0.0
2023-10-07T00:00,24.7,77,9.6,984.7,0.0,0.0
2023-10-07T01:00,24.3,76,9.4,984.4,0.0,0.0
2023-10-07T02:00,24.2,73,9.2,984.3,0.0,0.0
2023-10-07T03:00,23.8,73,10.1,984.4,0.0,0.0
2023-10-07T04:00,23.5,73,10.0,984.6,0.0,0.0
2023-10-07T05:00,23.1,76,8.7,985.8,0.0,0.0
2023-10-07T06:00,23.3,77,7.2,986.7,14.7,0.0
2023-10-07T07:00,24.9,77,7.8,987.7,353.4,0.0
2023-10-07T08:00,26.9,69,9.2,988.1,597.3,0.0
2023-10-07T09:00,28.7,64,9.1,988.2,727.2,0.0
2023-10-07T10:00,30.2,60,7.9,987.9,793.9,0.0
2023-10-07T11:00,31.6,56,7.8,986.8,824.4,0.0
2023-10-07T12:00,32.7,51,7.8,985.8,807.9,0.0
2023-10-07T13:00,33.4,45,10.1,984.9,829.9,0.0
2023-10-07T14:00,33.6,43,10.5,984.0,712.7,0.0
2023-10-07T15:00,33.5,42,9.2,983.9,673.5,0.0
2023-10-07T16:00,32.4,52,7.6,984.1,513.1,0.0
2023-10-07T17:00,30.2,54,10.7,985.2,245.6,0.0
2023-10-07T18:00,29.5,46,8.9,985.8,0.0,0.0
2023-10-07T19:00,27.5,54,7.0,986.1,0.0,0.0
2023-10-07T20:00,30.0,41,3.3,986.5,0.0,0.0
2023-10-07T21:00,25.8,63,4.8,986.3,0.0,0.0
2023-10-07T22:00,25.0,60,6.9,987.0,0.0,0.0
2023-10-07T23:00,25.4,63,7.4,987.2,0.0,0.0
2023-10-08T00:00,25.4,59,7.6,986.8,0.0,0.0
2023-10-08T01:00,25.1,62,8.7,986.4,0.0,0.0
2023-10-08T02:00,24.2,68,8.3,986.1,0.0,0.0
2023-10-08T03:00,24.2,71,7.6,986.3,0.0,0.0
2023-10-08T04:00,23.7,74,6.9,986.5,0.0,0.0
2023-10-08T05:00,24.6,76,7.2,986.8,0.0,0.0
2023-10-08T06:00,24.7,78,7.0,987.6,14.8,0.0
2023-10-08T07:00,25.9,78,6.8,988.6,331.3,0.0
2023-10-08T08:00,27.6,69,6.8,989.1,515.8,0.0
2023-10-08T09:00,28.9,65,6.7,989.2,325.4,0.0
2023-10-08T10:00,30.6,59,6.4,989.1,462.2,0.0
2023-10-08T11:00,32.5,53,6.9,988.3,806.0,0.0
2023-10-08T12:00,33.3,49,7.5,987.3,758.2,0.0
2023-10-08T13:00,33.7,45,8.0,986.5,659.9,0.0
2023-10-08T14:00,33.7,45,7.4,985.9,494.8,0.0
2023-10-08T15:00,33.4,46,6.4,985.8,487.2,0.0
2023-10-08T16:00,32.5,54,5.1,985.8,404.1,0.0
2023-10-08T17:00,30.2,64,5.5,986.4,249.8,0.0
2023-10-08T18:00,27.4,69,8.0,986.9,14.5,0.0
2023-10-08T19:00,26.4,68,6.2,987.6,0.0,0.0
2023-10-08T20:00,25.4,75,8.7,988.4,0.0,0.0
2023-10-08T21:00,25.7,73,6.5,988.7,0.0,0.0
2023-10-08T22:00,24.7,78,3.6,988.6,0.0,0.0
2023-10-08T23:00,23.3,83,6.5,988.1,0.0,0.0
2023-10-09T00:00,23.9,76,6.9,987.8,0.0,0.0
2023-10-09T01:00,24.1,68,9.4,987.5,0.0,0.0
2023-10-09T02:00,22.9,77,8.7,987.2,0.0,0.0
2023-10-09T03:00,23.3,72,8.2,987.1,0.0,0.0
2023-10-09T04:00,22.9,75,5.6,987.7,0.0,0.0
2023-10-09T05:00,23.3,83,5.8,988.4,0.0,0.0
2023-10-09T06:00,23.8,84,4.4,989.2,15.0,0.0
2023-10-09T07:00,25.8,80,5.0,990.0,362.9,0.0
2023-10-09T08:00,28.0,73,4.7,991.0,590.0,0.0
2023-10-09T09:00,30.1,68,3.8,991.2,713.9,0.0
2023-10-09T10:00,32.2,62,5.0,991.2,780.3,0.0
2023-10-09T11:00,33.9,44,8.8,990.1,784.1,0.0
2023-10-09T12:00,34.1,42,9.7,989.1,705.9,0.0
2023-10-09T13:00,34.6,42,8.7,988.0,778.1,0.0
2023-10-09T14:00,34.6,41,9.8,987.2,654.0,0.0
2023-10-09T15:00,33.4,47,10.6,987.0,303.6,0.0
2023-10-09T16:00,32.6,52,10.2,987.2,332.9,0.0
2023-10-09T17:00,30.8,50,9.9,987.3,322.5,0.0
2023-10-09T18:00,28.1,56,9.6,987.5,14.9,0.0
2023-10-09T19:00,27.5,55,7.9,988.1,0.0,0.0
2023-10-09T20:00,27.0,61,5.8,988.8,0.0,0.0
2023-10-09T21:00,27.4,54,1.5,989.1,0.0,0.0
2023-10-09T22:00,25.1,68,4.9,988.8,0.0,0.0
2023-10-09T23:00,25.0,63,7.9,988.7,0.0,0.0
2023-10-10T00:00,24.6,65,6.3,988.5,0.0,0.0
2023-10-10T01:00,24.1,67,6.8,987.9,0.0,0.0
2023-10-10T02:00,23.6,72,6.3,987.8,0.0,0.0
2023-10-10T03:00,23.0,77,5.9,987.7,0.0,0.0
2023-10-10T04:00,22.9,77,6.9,987.8,0.0,0.0
2023-10-10T05:00,23.8,84,6.2,988.9,0.0,0.0
2023-10-10T06:00,24.1,90,4.7,989.8,15.1,0.0
2023-10-10T07:00,25.9,80,1.3,990.5,365.3,0.0
2023-10-10T08:00,27.9,74,2.8,991.4,597.0,0.0
2023-10-10T09:00,30.0,68,3.8,991.6,721.0,0.0
2023-10-10T10:00,32.1,61,4.7,991.1,787.9,0.0
2023-10-10T11:00,34.1,44,5.9,990.0,817.9,0.0
2023-10-10T12:00,34.9,40,4.8,988.9,824.8,0.0
2023-10-10T13:00,35.2,38,4.6,987.8,757.7,0.0
2023-10-10T14:00,35.2,37,5.5,986.9,580.0,0.0
2023-10-10T15:00,34.6,40,6.6,986.3,478.2,0.0
2023-10-10T16:00,33.3,48,7.4,986.5,382.7,0.0
2023-10-10T17:00,31.4,53,9.1,987.1,169.0,0.0
2023-10-10T18:00,29.2,56,6.6,987.4,15.3,0.0
2023-10-10T19:00,27.8,63,8.4,987.8,0.0,0.0
2023-10-10T20:00,26.5,65,8.0,988.3,0.0,0.0
2023-10-10T21:00,25.6,65,7.2,988.6,0.0,0.0
2023-10-10T22:00,24.7,67,8.7,988.6,0.0,0.0
2023-10-10T23:00,24.4,67,7.5,988.4,0.0,0.0
2023-10-11T00:00,23.5,70,6.2,988.0,0.0,0.0
2023-10-11T01:00,23.3,70,6.9,988.0,0.0,0.0
2023-10-11T02:00,22.8,70,6.8,987.6,0.0,0.0
2023-10-11T03:00,22.1,75,7.7,987.3,0.0,0.0
2023-10-11T04:00,21.7,77,5.8,987.5,0.0,0.0
2023-10-11T05:00,22.4,82,5.6,988.3,0.0,0.0
2023-10-11T06:00,23.2,80,4.7,989.3,15.3,0.0
2023-10-11T07:00,25.2,76,5.2,990.0,382.7,0.0
2023-10-11T08:00,27.9,67,5.6,990.7,613.4,0.0
2023-10-11T09:00,30.3,59,5.5,991.0,734.6,0.0
2023-10-11T10:00,32.5,52,6.6,990.8,799.4,0.0
2023-10-11T11:00,34.1,42,7.2,989.9,800.6,0.0
2023-10-11T12:00,34.7,36,7.6,988.7,751.1,0.0
2023-10-11T13:00,35.1,36,7.6,987.7,781.6,0.0
2023-10-11T14:00,34.9,36,9.5,986.6,640.2,0.0
2023-10-11T15:00,34.1,37,11.8,986.3,445.2,0.0
2023-10-11T16:00,33.0,45,8.8,986.9,404.8,0.0
2023-10-11T17:00,31.7,48,11.2,987.5,177.0,0.0
2023-10-11T18:00,29.8,51,7.6,987.8,15.7,0.0
2023-10-11T19:00,29.2,54,5.9,988.2,0.0,0.0
2023-10-11T20:00,26.8,66,5.9,988.9,0.0,0.0
2023-10-11T21:00,25.9,72,7.8,989.2,0.0,0.0
2023-10-11T22:00,25.9,69,4.8,989.0,0.0,0.0
2023-10-11T23:00,24.3,76,3.1,988.7,0.0,0.0
2023-10-12T00:00,24.1,73,8.5,988.4,0.0,0.0
2023-10-12T01:00,24.6,74,4.1,988.2,0.0,0.0
2023-10-12T02:00,24.3,74,4.3,988.1,0.0,0.0
2023-10-12T03:00,23.1,80,6.0,988.2,0.0,0.0
2023-10-12T04:00,23.0,83,5.4,988.4,0.0,0.0
2023-10-12T05:00,23.1,83,5.7,989.0,0.0,0.0
2023-10-12T06:00,24.1,82,3.9,989.9,15.4,0.0
2023-10-12T07:00,26.6,76,2.6,990.9,370.4,0.0
2023-10-12T08:00,29.1,68,2.7,991.4,601.7,0.0
2023-10-12T09:00,30.9,62,4.8,991.9,719.2,0.0
2023-10-12T10:00,32.6,55,3.7,992.1,778.3,0.0
2023-10-12T11:00,33.5,43,4.0,991.3,692.1,0.0
2023-10-12T12:00,34.2,38,2.9,990.2,647.6,0.0
2023-10-12T13:00,34.4,37,5.0,989.4,720.2,0.1
2023-10-12T14:00,34.0,39,6.9,988.8,657.6,0.1
2023-10-12T15:00,33.5,41,7.2,988.6,558.9,0.1
2023-10-12T16:00,32.3,48,4.8,988.8,453.6,0.0
2023-10-12T17:00,30.4,54,10.5,989.0,314.0,0.0
2023-10-12T18:00,28.3,57,6.5,989.2,16.2,0.0
2023-10-12T19:00,27.0,65,6.8,989.9,0.0,0.0
2023-10-12T20:00,26.2,72,5.7,990.6,0.0,0.0
2023-10-12T21:00,26.7,68,5.2,990.7,0.0,0.0
2023-10-12T22:00,27.1,64,2.4,990.6,0.0,0.0
2023-10-12T23:00,26.3,67,2.3,990.3,0.0,0.0
2023-10-13T00:00,25.1,74,5.4,990.0,0.0,0.0
2023-10-13T01:00,24.5,78,6.0,989.4,0.0,0.0
2023-10-13T02:00,25.3,72,1.4,989.4,0.0,0.0
2023-10-13T03:00,24.0,81,2.9,989.5,0.0,0.0
2023-10-13T04:00,23.1,86,5.5,989.7,0.0,0.0
2023-10-13T05:00,23.6,89,6.8,990.6,0.0,0.0
2023-10-13T06:00,25.1,85,3.3,991.6,15.6,0.0
2023-10-13T07:00,27.0,79,0.0,992.3,262.2,0.0
2023-10-13T08:00,28.7,69,4.9,993.3,459.7,0.0
2023-10-13T09:00,30.4,60,3.1,993.5,513.1,0.0
2023-10-13T10:00,32.4,50,4.0,993.3,578.4,0.0
2023-10-13T11:00,33.7,40,6.4,992.3,641.5,0.0
2023-10-13T12:00,34.4,38,4.8,990.6,623.8,0.0
2023-10-13T13:00,35.1,36,3.3,989.6,694.7,0.0
2023-10-13T14:00,35.2,35,3.6,988.5,611.7,0.0
2023-10-13T15:00,35.0,37,4.5,988.3,568.7,0.0
2023-10-13T16:00,33.3,44,4.5,988.6,366.0,0.0
2023-10-13T17:00,30.9,56,5.1,988.7,267.3,0.0
2023-10-13T18:00,29.1,60,6.0,989.3,0.0,0.0
2023-10-13T19:00,28.8,57,5.4,990.2,0.0,0.0
2023-10-13T20:00,27.5,62,5.4,990.6,0.0,0.0
2023-10-13T21:00,26.6,66,5.2,990.9,0.0,0.0
2023-10-13T22:00,27.3,61,4.1,991.0,0.0,0.0
2023-10-13T23:00,25.3,74,2.1,990.6,0.0,0.0
2023-10-14T00:00,25.0,74,2.5,990.1,0.0,0.0
2023-10-14T01:00,24.0,78,3.2,989.4,0.0,0.0
2023-10-14T02:00,25.0,70,3.1,989.0,0.0,0.0
2023-10-14T03:00,22.6,84,5.8,989.0,0.0,0.0
2023-10-14T04:00,22.1,86,6.1,989.3,0.0,0.0
2023-10-14T05:00,24.0,79,1.6,990.2,0.0,0.0
2023-10-14T06:00,23.9,82,3.3,991.2,15.8,0.0
2023-10-14T07:00,26.0,76,1.5,992.0,325.1,0.0
2023-10-14T08:00,28.2,67,6.3,993.0,580.6,0.0
2023-10-14T09:00,30.2,59,2.9,993.1,716.0,0.0
2023-10-14T10:00,31.8,54,1.6,992.9,780.7,0.0
2023-10-14T11:00,33.3,45,2.3,991.9,803.6,0.0
2023-10-14T12:00,34.1,36,6.3,990.5,708.9,0.0
2023-10-14T13:00,34.5,34,5.5,989.3,658.5,0.0
2023-10-14T14:00,34.6,34,7.6,988.2,622.5,0.0
2023-10-14T15:00,34.0,36,8.2,987.9,451.3,0.0
2023-10-14T16:00,33.1,49,3.2,988.1,386.1,0.0
2023-10-14T17:00,31.4,58,4.6,988.6,320.1,0.0
2023-10-14T18:00,28.6,60,6.5,989.0,17.1,0.0
2023-10-14T19:00,28.3,56,8.3,989.7,0.0,0.0
2023-10-14T20:00,26.9,64,7.7,990.0,0.0,0.0
2023-10-14T21:00,25.8,72,7.6,990.0,0.0,0.0
2023-10-14T22:00,25.5,69,5.0,990.2,0.0,0.0
2023-10-14T23:00,24.5,76,8.3,989.6,0.0,0.0
2023-10-15T00:00,25.1,70,6.4,988.9,0.0,0.0
2023-10-15T01:00,25.8,64,2.9,988.5,0.0,0.0
2023-10-15T02:00,25.3,66,0.4,988.1,0.0,0.0
2023-10-15T03:00,22.9,80,5.1,988.0,0.0,0.0
2023-10-15T04:00,23.0,78,4.9,988.1,0.0,0.0
2023-10-15T05:00,23.3,85,5.8,989.2,0.0,0.0
2023-10-15T06:00,24.5,78,4.7,989.8,15.9,0.1
2023-10-15T07:00,26.4,74,6.2,990.6,266.2,0.0
2023-10-15T08:00,28.9,70,5.2,991.4,432.5,0.0
2023-10-15T09:00,31.3,60,4.0,991.4,562.6,0.0
2023-10-15T10:00,33.1,41,4.3,991.0,690.6,0.0
2023-10-15T11:00,33.7,37,4.2,989.9,655.2,0.0
2023-10-15T12:00,34.0,37,2.2,988.7,754.7,0.0
2023-10-15T13:00,34.0,36,1.1,987.6,708.5,0.0
2023-10-15T14:00,33.9,34,4.2,986.5,680.0,0.0
2023-10-15T15:00,33.5,36,8.2,986.1,621.9,0.0
2023-10-15T16:00,31.8,43,11.2,986.4,499.6,0.0
2023-10-15T17:00,30.0,55,9.1,987.5,298.8,0.0
2023-10-15T18:00,28.4,60,5.8,987.5,0.0,0.0
2023-10-15T19:00,26.8,75,7.1,988.2,0.0,0.0
2023-10-15T20:00,26.2,77,5.6,989.1,0.0,0.0
2023-10-15T21:00,25.7,79,4.5,989.1,0.0,0.0
2023-10-15T22:00,25.6,79,4.2,988.9,0.0,0.0
2023-10-15T23:00,25.3,79,3.5,988.5,0.0,0.0
2023-10-16T00:00,25.9,72,2.1,988.1,0.0,0.0
2023-10-16T01:00,25.5,74,1.4,987.5,0.0,0.0
2023-10-16T02:00,25.0,76,0.4,987.3,0.0,0.0
2023-10-16T03:00,24.7,77,0.0,987.5,0.0,0.0
2023-10-16T04:00,22.9,87,4.3,987.9,0.0,0.0
2023-10-16T05:00,22.9,90,4.2,988.7,0.0,0.0
2023-10-16T06:00,23.8,88,2.3,989.8,16.1,0.0
2023-10-16T07:00,25.5,83,1.6,990.1,314.7,0.0
2023-10-16T08:00,28.2,74,1.5,991.0,561.7,0.0
2023-10-16T09:00,30.7,63,3.1,991.4,651.9,0.0
2023-10-16T10:00,32.5,44,1.1,991.0,716.9,0.0
2023-10-16T11:00,33.3,37,3.6,990.2,738.0,0.0
2023-10-16T12:00,33.7,35,5.5,988.9,678.4,0.0
2023-10-16T13:00,34.1,34,5.9,987.8,697.0,0.0
2023-10-16T14:00,34.2,34,2.2,987.2,683.2,0.0
2023-10-16T15:00,34.0,36,4.3,987.0,638.9,0.0
2023-10-16T16:00,32.4,41,6.4,987.0,531.0,0.0
2023-10-16T17:00,29.7,68,6.9,987.6,326.4,0.0
2023-10-16T18:00,28.0,61,7.2,987.9,0.0,0.0
2023-10-16T19:00,27.1,60,7.4,988.6,0.0,0.0
2023-10-16T20:00,27.2,59,5.1,989.5,0.0,0.0
2023-10-16T21:00,27.9,51,1.8,990.0,0.0,0.0
2023-10-16T22:00,25.8,65,4.8,989.8,0.0,0.0
2023-10-16T23:00,26.5,59,3.5,989.8,0.0,0.0
2023-10-17T00:00,23.8,75,4.4,989.2,0.0,0.0
2023-10-17T01:00,23.3,78,5.2,988.8,0.0,0.0
2023-10-17T02:00,23.4,79,4.3,988.8,0.0,0.0
2023-10-17T03:00,23.9,74,1.9,989.0,0.0,0.0
2023-10-17T04:00,22.7,82,3.6,989.4,0.0,0.0
2023-10-17T05:00,23.3,85,1.5,990.2,0.0,0.0
2023-10-17T06:00,22.7,91,2.0,990.8,16.3,0.0
2023-10-17T07:00,25.0,81,1.3,991.6,364.1,0.0
2023-10-17T08:00,27.8,72,0.7,992.7,588.3,0.0
2023-10-17T09:00,30.2,63,0.7,993.1,702.2,0.0
2023-10-17T10:00,32.2,45,2.5,992.6,777.9,0.0
2023-10-17T11:00,33.1,39,4.3,991.5,774.9,0.0
2023-10-17T12:00,33.5,37,5.9,990.2,765.9,0.0
2023-10-17T13:00,33.8,36,7.6,989.1,767.8,0.1
2023-10-17T14:00,33.6,37,7.8,988.5,695.7,0.1
2023-10-17T15:00,33.2,39,7.1,988.2,620.8,0.0
2023-10-17T16:00,32.3,42,7.1,988.4,503.1,0.0
2023-10-17T17:00,30.0,58,5.0,988.6,304.2,0.0
2023-10-17T18:00,27.9,66,7.1,989.0,0.0,0.0
2023-10-17T19:00,27.2,67,6.4,989.7,0.0,0.0
2023-10-17T20:00,26.6,67,5.4,990.4,0.0,0.0
2023-10-17T21:00,26.3,69,6.0,990.7,0.0,0.0
2023-10-17T22:00,25.9,70,6.5,990.8,0.0,0.0
2023-10-17T23:00,25.3,73,5.8,990.7,0.0,0.0
2023-10-18T00:00,24.2,80,8.4,990.4,0.0,0.0
2023-10-18T01:00,24.0,80,7.3,989.9,0.0,0.0
2023-10-18T02:00,23.3,81,7.8,989.7,0.0,0.0
2023-10-18T03:00,23.0,80,6.8,989.7,0.0,0.0
2023-10-18T04:00,22.7,81,4.8,990.2,0.0,0.0
2023-10-18T05:00,23.3,81,7.9,991.7,0.0,0.0
2023-10-18T06:00,24.2,82,7.6,991.7,0.0,0.1
2023-10-18T07:00,25.3,82,3.0,992.5,283.2,0.0
2023-10-18T08:00,27.2,75,3.2,993.2,518.4,0.0
2023-10-18T09:00,29.1,69,1.5,993.5,660.1,0.0
2023-10-18T10:00,30.8,61,2.8,993.2,752.5,0.0
2023-10-18T11:00,31.8,54,2.9,992.1,687.0,0.0
2023-10-18T12:00,32.6,51,4.1,991.1,774.4,0.0
2023-10-18T13:00,32.8,49,4.4,990.2,640.2,0.0
2023-10-18T14:00,32.7,47,6.3,989.2,601.6,0.0
2023-10-18T15:00,32.4,46,7.0,988.9,533.0,0.0
2023-10-18T16:00,31.9,48,5.5,988.9,497.3,0.0
2023-10-18T17:00,29.9,69,5.4,989.7,286.9,0.0
2023-10-18T18:00,28.6,68,4.1,990.1,0.0,0.0
2023-10-18T19:00,28.9,59,1.8,990.6,0.0,0.0
2023-10-18T20:00,27.1,73,3.8,991.1,0.0,0.0
2023-10-18T21:00,25.9,79,5.8,991.3,0.0,0.0
2023-10-18T22:00,25.3,83,6.4,991.3,0.0,0.0
2023-10-18T23:00,25.1,82,6.0,991.1,0.0,0.0
2023-10-19T00:00,25.9,74,3.8,990.7,0.0,0.0
2023-10-19T01:00,25.4,76,1.8,990.1,0.0,0.0
2023-10-19T02:00,23.5,87,4.2,989.9,0.0,0.0
2023-10-19T03:00,23.4,86,5.1,989.6,0.0,0.0
2023-10-19T04:00,23.3,86,5.6,990.0,0.0,0.0
2023-10-19T05:00,25.0,81,6.1,990.4,0.0,0.0
2023-10-19T06:00,24.7,84,4.5,991.6,16.7,0.0
2023-10-19T07:00,26.0,78,4.0,992.4,317.4,0.0
2023-10-19T08:00,28.1,70,5.2,993.2,567.1,0.0
2023-10-19T09:00,30.3,59,8.1,993.6,679.3,0.0
2023-10-19T10:00,31.7,50,8.3,993.3,712.3,0.0
2023-10-19T11:00,32.4,47,8.3,992.4,649.9,0.1
2023-10-19T12:00,32.7,45,7.8,991.2,672.0,0.1
2023-10-19T13:00,32.8,44,6.5,990.5,609.1,0.0
2023-10-19T14:00,32.6,44,7.4,989.5,609.8,0.0
2023-10-19T15:00,32.1,44,8.0,988.9,522.5,0.0
2023-10-19T16:00,31.7,47,5.1,988.9,486.3,0.0
2023-10-19T17:00,29.1,60,5.9,989.7,303.9,0.0
2023-10-19T18:00,27.7,55,6.0,989.8,0.0,0.0
2023-10-19T19:00,26.3,62,6.6,990.3,0.0,0.0
2023-10-19T20:00,25.7,62,5.9,991.5,0.0,0.0
2023-10-19T21:00,25.3,64,5.8,991.8,0.0,0.0
2023-10-19T22:00,24.4,68,5.4,991.9,0.0,0.0
2023-10-19T23:00,23.8,71,5.5,991.5,0.0,0.0
2023-10-20T00:00,23.4,74,5.6,990.9,0.0,0.0
2023-10-20T01:00,23.4,74,6.3,990.5,0.0,0.0
2023-10-20T02:00,23.1,74,6.3,990.1,0.0,0.0
2023-10-20T03:00,22.3,80,7.8,990.1,0.0,0.0
2023-10-20T04:00,22.1,81,6.5,990.5,0.0,0.0
2023-10-20T05:00,24.0,79,2.2,991.6,0.0,0.0
2023-10-20T06:00,23.7,84,1.4,992.5,17.0,0.0
2023-10-20T07:00,25.4,77,1.5,993.2,336.2,0.0
2023-10-20T08:00,27.6,70,3.3,993.8,565.0,0.0
2023-10-20T09:00,29.9,61,4.7,993.8,693.6,0.0
2023-10-20T10:00,31.7,50,6.5,993.2,752.5,0.0
2023-10-20T11:00,32.4,47,6.3,992.3,724.2,0.0
2023-10-20T12:00,32.7,44,5.4,991.1,705.8,0.0
2023-10-20T13:00,33.0,42,5.7,990.0,645.4,0.0
2023-10-20T14:00,33.0,41,6.9,989.1,693.2,0.0
2023-10-20T15:00,32.4,43,8.7,988.8,513.5,0.0
2023-10-20T16:00,31.7,45,7.4,988.9,464.8,0.0
2023-10-20T17:00,30.2,50,7.4,989.8,303.5,0.0
2023-10-20T18:00,28.5,54,6.5,990.4,0.0,0.0
2023-10-20T19:00,27.7,57,6.6,991.2,0.0,0.0
2023-10-20T20:00,27.1,60,7.8,992.1,0.0,0.0
2023-10-20T21:00,26.6,60,8.2,992.1,0.0,0.0
2023-10-20T22:00,25.8,63,6.0,992.1,0.0,0.0
2023-10-20T23:00,25.5,64,6.3,991.9,0.0,0.0
2023-10-21T00:00,24.3,73,7.9,991.7,0.0,0.0
2023-10-21T01:00,24.0,70,5.6,991.2,0.0,0.0
2023-10-21T02:00,24.2,69,7.7,990.5,0.0,0.0
2023-10-21T03:00,23.6,71,7.1,990.2,0.0,0.0
2023-10-21T04:00,22.7,76,5.4,990.6,0.0,0.0
2023-10-21T05:00,22.6,84,5.2,991.4,0.0,0.0
2023-10-21T06:00,23.3,82,5.4,992.7,17.2,0.0
2023-10-21T07:00,25.0,77,4.9,993.3,350.1,0.0
2023-10-21T08:00,27.4,70,4.1,994.2,580.1,0.0
2023-10-21T09:00,29.7,59,6.9,994.2,711.4,0.0
2023-10-21T10:00,31.4,46,10.3,993.9,780.9,0.0
2023-10-21T11:00,32.6,36,10.8,992.8,761.7,0.0
2023-10-21T12:00,33.2,32,9.7,991.5,695.6,0.0
2023-10-21T13:00,33.8,28,10.4,990.4,740.2,0.0
2023-10-21T14:00,33.8,26,10.5,989.6,718.3,0.0
2023-10-21T15:00,33.3,28,9.7,989.2,676.6,0.0
2023-10-21T16:00,32.0,33,7.6,989.4,563.9,0.0
2023-10-21T17:00,29.5,32,12.6,991.1,344.1,0.0
2023-10-21T18:00,27.8,33,9.4,991.1,0.0,0.0
2023-10-21T19:00,26.4,36,7.6,991.7,0.0,0.0
2023-10-21T20:00,24.2,48,9.0,992.1,0.0,0.0
2023-10-21T21:00,23.5,50,6.8,992.4,0.0,0.0
2023-10-21T22:00,22.3,61,9.5,992.3,0.0,0.0
2023-10-21T23:00,21.8,62,8.9,991.7,0.0,0.0
2023-10-22T00:00,21.4,65,8.7,991.2,0.0,0.0
2023-10-22T01:00,21.0,63,6.5,990.8,0.0,0.0
2023-10-22T02:00,20.7,63,5.7,990.4,0.0,0.0
2023-10-22T03:00,20.2,64,5.9,990.7,0.0,0.0
2023-10-22T04:00,19.8,67,5.8,991.1,0.0,0.0
2023-10-22T05:00,20.4,75,3.7,992.1,0.0,0.0
2023-10-22T06:00,20.9,76,2.2,993.2,17.4,0.0
2023-10-22T07:00,23.0,70,2.2,993.9,358.8,0.0
2023-10-22T08:00,25.6,61,1.1,994.4,592.9,0.0
2023-10-22T09:00,28.0,54,1.6,994.5,717.7,0.0
2023-10-22T10:00,30.0,47,2.2,994.0,781.0,0.0
2023-10-22T11:00,31.5,39,3.3,993.1,808.0,0.0
2023-10-22T12:00,32.3,36,9.1,991.8,728.5,0.0
2023-10-22T13:00,32.6,35,12.9,990.6,769.9,0.0
2023-10-22T14:00,32.5,32,12.1,989.7,681.6,0.0
2023-10-22T15:00,32.3,32,13.0,989.2,574.8,0.0
2023-10-22T16:00,31.2,36,9.5,989.3,332.3,0.0
2023-10-22T17:00,28.7,38,10.7,990.5,262.1,0.0
2023-10-22T18:00,26.7,39,9.9,990.7,0.0,0.0
2023-10-22T19:00,26.2,38,9.3,990.8,0.0,0.0
2023-10-22T20:00,24.0,51,10.9,991.2,0.0,0.0
2023-10-22T21:00,24.3,49,7.2,991.3,0.0,0.0
2023-10-22T22:00,22.6,56,6.3,991.1,0.0,0.0
2023-10-22T23:00,21.9,62,6.8,991.0,0.0,0.0
2023-10-23T00:00,21.4,64,6.9,990.6,0.0,0.0
2023-10-23T01:00,20.9,67,5.0,989.9,0.0,0.0
2023-10-23T02:00,20.4,69,4.9,989.6,0.0,0.0
2023-10-23T03:00,19.8,73,5.1,989.5,0.0,0.0
2023-10-23T04:00,19.0,78,6.9,989.5,0.0,0.0
2023-10-23T05:00,19.5,76,4.9,990.8,0.0,0.0
2023-10-23T06:00,19.9,77,3.6,991.6,17.7,0.0
2023-10-23T07:00,22.0,69,3.4,992.5,362.3,0.0
2023-10-23T08:00,24.6,61,1.4,993.0,596.0,0.0
2023-10-23T09:00,27.3,54,1.9,993.2,713.9,0.0
2023-10-23T10:00,29.5,46,4.0,992.5,786.6,0.0
2023-10-23T11:00,31.0,37,9.0,991.0,814.6,0.0
2023-10-23T12:00,31.5,34,13.3,989.7,819.3,0.0
2023-10-23T13:00,31.7,33,13.4,988.7,829.3,0.0
2023-10-23T14:00,31.9,31,13.9,987.8,806.5,0.0
2023-10-23T15:00,31.6,29,13.1,987.4,739.9,0.0
2023-10-23T16:00,30.5,33,10.1,987.8,609.8,0.0
2023-10-23T17:00,27.7,40,8.7,988.6,356.9,0.0
2023-10-23T18:00,24.9,49,6.2,988.6,0.0,0.0
2023-10-23T19:00,23.4,56,6.2,989.2,0.0,0.0
2023-10-23T20:00,22.3,64,7.4,989.7,0.0,0.0
2023-10-23T21:00,21.9,66,7.7,990.0,0.0,0.0
2023-10-23T22:00,21.1,68,8.1,989.8,0.0,0.0
2023-10-23T23:00,20.5,71,7.8,989.4,0.0,0.0
2023-10-24T00:00,21.0,66,7.8,989.1,0.0,0.0
2023-10-24T01:00,21.0,61,7.2,988.8,0.0,0.0
2023-10-24T02:00,19.6,71,9.1,988.6,0.0,0.0
2023-10-24T03:00,18.9,74,7.6,988.7,0.0,0.0
2023-10-24T04:00,18.2,78,7.0,989.1,0.0,0.0
2023-10-24T05:00,18.1,83,5.9,989.9,0.0,0.0
2023-10-24T06:00,19.2,77,4.0,991.2,18.0,0.0
2023-10-24T07:00,21.1,72,0.8,991.9,371.5,0.0
2023-10-24T08:00,24.0,62,0.7,992.7,606.7,0.0
2023-10-24T09:00,26.8,54,1.0,992.8,737.2,0.0
2023-10-24T10:00,29.1,45,1.8,992.2,807.3,0.0
2023-10-24T11:00,30.6,38,6.1,991.1,843.1,0.0
2023-10-24T12:00,31.6,31,10.5,989.9,852.9,0.0
2023-10-24T13:00,31.6,31,13.0,988.8,844.8,0.0
2023-10-24T14:00,31.6,32,12.1,988.1,811.5,0.0
2023-10-24T15:00,31.4,31,11.6,988.1,740.5,0.0
2023-10-24T16:00,30.4,35,9.1,988.5,601.4,0.0
2023-10-24T17:00,27.0,47,7.0,988.8,341.6,0.0
2023-10-24T18:00,25.2,54,7.4,989.3,0.0,0.0
2023-10-24T19:00,23.9,62,7.2,989.8,0.0,0.0
2023-10-24T20:00,23.1,63,8.3,990.2,0.0,0.0
2023-10-24T21:00,23.6,58,7.2,990.3,0.0,0.0
2023-10-24T22:00,22.1,63,6.0,990.6,0.0,0.0
2023-10-24T23:00,21.7,67,7.2,990.6,0.0,0.0
2023-10-25T00:00,20.4,77,8.0,990.3,0.0,0.0
2023-10-25T01:00,21.3,70,6.8,990.1,0.0,0.0
2023-10-25T02:00,22.0,62,3.1,989.9,0.0,0.0
2023-10-25T03:00,19.0,78,4.5,989.9,0.0,0.0
2023-10-25T04:00,19.2,75,5.0,990.2,0.0,0.0
2023-10-25T05:00,18.7,77,6.0,990.9,0.0,0.0
2023-10-25T06:00,19.0,84,4.7,992.0,0.0,0.0
2023-10-25T07:00,21.4,75,6.2,993.2,347.3,0.0
2023-10-25T08:00,24.5,63,5.6,994.1,594.9,0.0
2023-10-25T09:00,27.2,55,5.6,994.5,728.4,0.0
2023-10-25T10:00,29.6,47,5.1,994.2,796.7,0.0
2023-10-25T11:00,31.2,36,8.0,993.0,829.1,0.0
2023-10-25T12:00,31.8,33,11.7,991.7,843.1,0.0
2023-10-25T13:00,32.1,31,11.9,990.8,833.4,0.0
2023-10-25T14:00,32.2,31,10.7,989.9,798.3,0.0
2023-10-25T15:00,31.9,31,10.7,989.6,728.7,0.0
2023-10-25T16:00,30.8,33,10.5,989.7,592.8,0.0
2023-10-25T17:00,28.2,39,9.7,990.1,338.5,0.0
2023-10-25T18:00,26.6,38,8.0,990.9,0.0,0.0
2023-10-25T19:00,24.9,47,8.0,991.3,0.0,0.0
2023-10-25T20:00,23.4,52,3.8,991.5,0.0,0.0
2023-10-25T21:00,24.0,48,2.2,991.7,0.0,0.0
2023-10-25T22:00,21.1,60,6.1,991.8,0.0,0.0
2023-10-25T23:00,20.1,66,7.0,991.7,0.0,0.0
2023-10-26T00:00,20.3,63,7.4,991.5,0.0,0.0
2023-10-26T01:00,19.6,65,5.9,991.0,0.0,0.0
2023-10-26T02:00,18.6,71,7.6,990.6,0.0,0.0
2023-10-26T03:00,18.7,67,5.2,990.7,0.0,0.0
2023-10-26T04:00,18.2,68,5.0,990.7,0.0,0.0
2023-10-26T05:00,17.4,73,5.7,991.2,0.0,0.0
2023-10-26T06:00,18.5,74,4.5,992.8,0.0,0.0
2023-10-26T07:00,21.1,66,5.1,993.6,368.0,0.0
2023-10-26T08:00,24.2,56,5.0,994.5,608.4,0.0
2023-10-26T09:00,27.1,48,5.2,994.8,740.1,0.0
2023-10-26T10:00,29.4,42,4.7,994.5,809.4,0.0
2023-10-26T11:00,31.2,33,6.2,993.5,843.2,0.0
2023-10-26T12:00,32.1,27,10.9,991.9,854.5,0.0
2023-10-26T13:00,32.3,25,12.0,990.8,846.6,0.0
2023-10-26T14:00,32.3,24,10.5,989.7,811.7,0.0
2023-10-26T15:00,31.9,24,10.8,989.4,739.7,0.0
2023-10-26T16:00,30.6,30,7.7,989.6,602.7,0.0
2023-10-26T17:00,26.4,44,8.8,989.8,341.6,0.0
2023-10-26T18:00,25.9,42,6.6,990.7,0.0,0.0
2023-10-26T19:00,23.7,54,6.8,990.9,0.0,0.0
2023-10-26T20:00,22.8,52,6.1,991.2,0.0,0.0
2023-10-26T21:00,21.6,59,7.6,991.3,0.0,0.0
2023-10-26T22:00,20.8,65,5.4,991.5,0.0,0.0
2023-10-26T23:00,20.7,61,6.2,991.5,0.0,0.0
2023-10-27T00:00,19.8,67,7.5,990.9,0.0,0.0
2023-10-27T01:00,18.9,75,7.6,990.1,0.0,0.0
2023-10-27T02:00,18.3,76,5.8,989.5,0.0,0.0
2023-10-27T03:00,17.5,80,5.9,989.5,0.0,0.0
2023-10-27T04:00,17.1,81,5.9,989.7,0.0,0.0
2023-10-27T05:00,16.9,80,5.9,990.4,0.0,0.0
2023-10-27T06:00,17.9,84,4.2,991.7,0.0,0.0
2023-10-27T07:00,20.7,73,3.7,992.7,372.1,0.0
2023-10-27T08:00,24.4,59,1.8,993.4,611.8,0.0
2023-10-27T09:00,27.6,50,1.6,993.7,741.6,0.0
2023-10-27T10:00,30.3,38,0.8,993.1,809.8,0.0
2023-10-27T11:00,31.8,30,5.6,991.8,842.6,0.0
2023-10-27T12:00,32.5,27,9.2,990.4,851.8,0.0
2023-10-27T13:00,32.6,26,12.2,989.4,840.0,0.0
2023-10-27T14:00,32.3,27,12.8,988.4,804.1,0.0
2023-10-27T15:00,31.7,28,12.6,988.3,727.7,0.0
2023-10-27T16:00,30.6,31,10.1,988.4,593.8,0.0
2023-10-27T17:00,28.1,36,9.4,988.7,325.5,0.0
2023-10-27T18:00,27.4,35,11.5,989.6,0.0,0.0
2023-10-27T19:00,26.7,36,9.0,990.1,0.0,0.0
2023-10-27T20:00,24.4,45,9.5,990.5,0.0,0.0
2023-10-27T21:00,23.1,52,7.2,990.5,0.0,0.0
2023-10-27T22:00,22.3,51,8.9,990.6,0.0,0.0
2023-10-27T23:00,22.2,53,10.6,990.3,0.0,0.0
2023-10-28T00:00,21.8,55,10.3,990.0,0.0,0.0
2023-10-28T01:00,20.7,61,1.8,989.8,0.0,0.0
2023-10-28T02:00,19.0,70,8.6,989.7,0.0,0.0
2023-10-28T03:00,18.9,69,4.9,989.5,0.0,0.0
2023-10-28T04:00,17.9,75,6.1,989.5,0.0,0.0
2023-10-28T05:00,17.6,77,4.5,990.1,0.0,0.0
2023-10-28T06:00,18.6,84,4.5,991.4,0.0,0.0
2023-10-28T07:00,21.2,73,1.8,992.3,364.7,0.0
2023-10-28T08:00,24.5,59,0.4,993.3,605.2,0.0
2023-10-28T09:00,27.3,50,1.1,993.7,738.0,0.0
2023-10-28T10:00,29.5,43,2.2,993.3,807.4,0.0
2023-10-28T11:00,31.0,35,5.1,992.4,839.6,0.0
2023-10-28T12:00,31.8,31,5.8,990.9,850.2,0.0
2023-10-28T13:00,32.2,30,5.9,989.7,840.9,0.0
2023-10-28T14:00,32.2,30,5.7,988.6,804.8,0.0
2023-10-28T15:00,32.0,30,5.0,988.4,729.9,0.0
2023-10-28T16:00,30.9,41,3.2,988.3,587.5,0.0
2023-10-28T17:00,27.8,48,6.0,988.9,322.0,0.0
2023-10-28T18:00,26.4,47,5.8,989.8,0.0,0.0
2023-10-28T19:00,24.3,54,8.0,990.8,0.0,0.0
2023-10-28T20:00,24.8,48,6.6,991.3,0.0,0.0
2023-10-28T21:00,22.7,56,5.0,991.4,0.0,0.0
2023-10-28T22:00,21.8,59,5.8,991.3,0.0,0.0
2023-10-28T23:00,21.2,60,6.5,990.7,0.0,0.0
2023-10-29T00:00,19.7,66,7.6,990.1,0.0,0.0
2023-10-29T01:00,19.9,64,8.2,989.8,0.0,0.0
2023-10-29T02:00,19.1,68,7.4,989.4,0.0,0.0
2023-10-29T03:00,19.6,66,5.8,989.5,0.0,0.0
2023-10-29T04:00,18.4,71,7.7,989.6,0.0,0.0
2023-10-29T05:00,17.6,76,7.7,989.7,0.0,0.0
2023-10-29T06:00,18.8,77,4.6,991.3,0.0,0.0
2023-10-29T07:00,21.2,70,5.0,992.1,369.0,0.0
2023-10-29T08:00,24.4,59,2.7,993.0,608.8,0.0
2023-10-29T09:00,27.1,50,2.1,993.3,739.7,0.0
2023-10-29T10:00,29.3,43,2.3,993.0,807.9,0.0
2023-10-29T11:00,30.9,36,4.6,991.8,840.3,0.0
2023-10-29T12:00,31.9,33,6.1,990.6,848.7,0.0
2023-10-29T13:00,32.3,32,6.9,989.3,835.5,0.0
2023-10-29T14:00,32.3,32,7.6,988.3,798.5,0.0
2023-10-29T15:00,31.9,33,7.9,988.2,723.0,0.0
2023-10-29T16:00,30.8,40,4.8,988.4,581.0,0.0
2023-10-29T17:00,27.6,54,7.1,989.0,311.9,0.0
2023-10-29T18:00,26.3,54,6.3,989.6,0.0,0.0
2023-10-29T19:00,25.4,56,5.1,990.5,0.0,0.0
2023-10-29T20:00,23.5,64,5.9,990.8,0.0,0.0
2023-10-29T21:00,22.4,67,7.1,991.1,0.0,0.0
2023-10-29T22:00,21.7,67,5.9,991.0,0.0,0.0
2023-10-29T23:00,20.9,69,6.8,990.6,0.0,0.0
2023-10-30T00:00,20.1,72,8.3,990.2,0.0,0.0
2023-10-30T01:00,19.5,75,8.7,989.5,0.0,0.0
2023-10-30T02:00,19.0,75,7.0,988.9,0.0,0.0
2023-10-30T03:00,18.4,77,7.4,988.7,0.0,0.0
2023-10-30T04:00,17.8,80,8.4,989.1,0.0,0.0
2023-10-30T05:00,17.7,79,4.3,990.1,0.0,0.0
2023-10-30T06:00,18.7,76,2.8,991.7,0.0,0.0
2023-10-30T07:00,21.2,68,5.4,992.7,361.6,0.0
2023-10-30T08:00,23.9,59,2.9,993.0,602.2,0.0
2023-10-30T09:00,26.3,52,2.4,993.1,737.9,0.0
2023-10-30T10:00,28.4,46,4.0,992.8,809.7,0.0
2023-10-30T11:00,30.0,39,5.6,992.0,846.0,0.0
2023-10-30T12:00,30.9,34,5.4,990.7,855.5,0.0
2023-10-30T13:00,31.4,32,4.7,989.4,843.9,0.0
2023-10-30T14:00,31.6,31,5.9,988.2,807.7,0.0
2023-10-30T15:00,31.3,31,7.5,987.9,734.1,0.0
2023-10-30T16:00,30.0,35,7.8,988.3,593.7,0.0
2023-10-30T17:00,27.1,41,7.6,988.8,321.2,0.0
2023-10-30T18:00,26.3,47,6.8,989.7,0.0,0.0
2023-10-30T19:00,24.3,57,7.8,990.7,0.0,0.0
2023-10-30T20:00,23.1,63,8.4,991.2,0.0,0.0
2023-10-30T21:00,23.5,58,8.7,991.4,0.0,0.0
2023-10-30T22:00,23.5,56,8.2,991.4,0.0,0.0
2023-10-30T23:00,23.3,56,9.2,991.2,0.0,0.0
2023-10-31T00:00,22.8,58,8.8,990.7,0.0,0.0
2023-10-31T01:00,22.4,59,8.7,990.2,0.0,0.0
2023-10-31T02:00,21.9,61,8.3,989.7,0.0,0.0
2023-10-31T03:00,21.1,65,6.9,989.5,0.0,0.0
2023-10-31T04:00,19.8,73,8.1,989.9,0.0,0.0
2023-10-31T05:00,19.1,77,8.1,990.4,0.0,0.0
2023-10-31T06:00,19.2,81,4.3,992.3,0.0,0.0
2023-10-31T07:00,21.8,71,4.8,993.0,354.0,0.0
2023-10-31T08:00,24.6,61,3.6,993.7,595.5,0.0
2023-10-31T09:00,27.2,53,4.7,993.8,729.1,0.0
2023-10-31T10:00,29.3,46,7.7,993.2,799.0,0.0
2023-10-31T11:00,30.6,40,9.0,992.2,831.8,0.0
2023-10-31T12:00,31.2,36,8.0,990.8,840.7,0.0
2023-10-31T13:00,31.6,35,6.9,989.8,829.6,0.0
2023-10-31T14:00,31.6,34,6.6,989.0,795.6,0.0
2023-10-31T15:00,31.3,34,7.9,988.9,721.7,0.0
2023-10-31T16:00,30.3,37,8.7,989.1,581.4,0.0
2023-10-31T17:00,28.0,42,9.2,989.6,297.6,0.0
2023-10-31T18:00,26.0,54,6.6,990.6,0.0,0.0
2023-10-31T19:00,25.8,58,7.1,991.1,0.0,0.0
2023-10-31T20:00,25.5,58,5.5,991.5,0.0,0.0
2023-10-31T21:00,24.2,61,5.1,991.8,0.0,0.0
2023-10-31T22:00,24.4,59,9.9,991.9,0.0,0.0
2023-10-31T23:00,25.0,58,10.4,991.7,0.0,0.0
2023-11-01T00:00,24.3,61,10.3,991.4,0.0,0.0
2023-11-01T01:00,23.5,62,8.0,990.8,0.0,0.0
2023-11-01T02:00,22.3,67,6.1,990.3,0.0,0.0
2023-11-01T03:00,21.3,74,9.2,989.8,0.0,0.0
2023-11-01T04:00,21.2,74,7.5,990.0,0.0,0.0
2023-11-01T05:00,20.6,77,7.9,990.8,0.0,0.0
2023-11-01T06:00,21.1,84,6.8,992.5,0.0,0.0
2023-11-01T07:00,23.4,72,3.4,993.2,303.8,0.0
2023-11-01T08:00,25.6,64,4.2,993.9,528.6,0.0
2023-11-01T09:00,27.8,57,5.3,994.3,678.0,0.0
2023-11-01T10:00,29.7,49,6.6,993.7,736.1,0.0
2023-11-01T11:00,30.9,45,5.0,992.6,536.2,0.0
2023-11-01T12:00,31.5,42,3.1,991.1,568.3,0.0
2023-11-01T13:00,31.8,40,2.9,990.2,447.5,0.0
2023-11-01T14:00,32.0,39,5.2,989.2,398.8,0.0
2023-11-01T15:00,31.7,39,7.6,989.2,303.3,0.0
2023-11-01T16:00,31.0,40,8.2,989.3,285.8,0.0
2023-11-01T17:00,29.3,45,5.3,989.8,100.1,0.0
2023-11-01T18:00,27.9,58,3.7,990.7,0.0,0.0
2023-11-01T19:00,25.7,62,6.2,991.5,0.0,0.0
2023-11-01T20:00,25.5,59,6.2,992.0,0.0,0.0
2023-11-01T21:00,25.3,58,7.9,992.0,0.0,0.0
2023-11-01T22:00,25.0,58,8.7,991.7,0.0,0.0
2023-11-01T23:00,24.2,60,7.2,991.3,0.0,0.0
2023-11-02T00:00,23.4,63,6.0,990.6,0.0,0.0
2023-11-02T01:00,22.5,71,8.0,989.8,0.0,0.0
2023-11-02T02:00,22.6,70,4.7,989.4,0.0,0.0
2023-11-02T03:00,21.3,77,3.6,989.1,0.0,0.0
2023-11-02T04:00,21.0,77,3.1,989.2,0.0,0.0
2023-11-02T05:00,20.7,80,4.1,989.8,0.0,0.0
2023-11-02T06:00,21.5,80,4.1,991.5,0.0,0.0
2023-11-02T07:00,23.6,73,5.3,992.4,313.5,0.0
2023-11-02T08:00,25.8,66,3.7,993.2,553.1,0.0
2023-11-02T09:00,27.6,62,2.4,993.6,677.7,0.0
2023-11-02T10:00,29.4,56,3.7,993.0,750.5,0.0
2023-11-02T11:00,30.9,50,4.7,991.8,792.9,0.0
2023-11-02T12:00,31.9,45,6.8,990.6,749.7,0.0
2023-11-02T13:00,32.3,43,8.5,989.3,751.0,0.0
2023-11-02T14:00,32.3,42,6.8,988.2,701.3,0.0
2023-11-02T15:00,32.1,40,5.4,988.1,626.4,0.0
2023-11-02T16:00,31.5,48,2.2,988.3,485.5,0.0
2023-11-02T17:00,28.7,57,7.0,988.4,255.7,0.0
2023-11-02T18:00,27.8,51,13.4,989.6,0.0,0.0
2023-11-02T19:00,26.5,55,9.8,990.2,0.0,0.0
2023-11-02T20:00,25.4,60,6.5,990.5,0.0,0.0
2023-11-02T21:00,24.3,64,5.2,990.4,0.0,0.0
2023-11-02T22:00,23.1,72,6.6,990.3,0.0,0.0
2023-11-02T23:00,22.5,75,6.6,990.0,0.0,0.0
2023-11-03T00:00,21.9,77,5.8,989.5,0.0,0.0
2023-11-03T01:00,21.3,79,5.6,989.2,0.0,0.0
2023-11-03T02:00,20.9,82,6.2,989.0,0.0,0.0
2023-11-03T03:00,21.8,75,3.4,988.7,0.0,0.0
2023-11-03T04:00,20.1,85,3.3,988.7,0.0,0.0
2023-11-03T05:00,20.0,84,3.7,989.2,0.0,0.0
2023-11-03T06:00,21.8,80,5.4,989.6,0.0,0.0
2023-11-03T07:00,23.5,76,3.8,990.3,315.9,0.0
2023-11-03T08:00,26.6,66,1.0,991.4,559.4,0.0
2023-11-03T09:00,29.0,60,2.9,991.5,677.5,0.0
2023-11-03T10:00,30.8,52,1.1,990.9,765.0,0.0
2023-11-03T11:00,31.6,46,2.2,989.8,680.9,0.0
2023-11-03T12:00,32.5,43,5.8,988.6,785.6,0.0
2023-11-03T13:00,33.1,39,7.7,987.4,805.1,0.0
2023-11-03T14:00,33.1,38,7.6,986.5,746.5,0.0
2023-11-03T15:00,32.7,36,8.8,985.9,694.2,0.0
2023-11-03T16:00,31.7,38,7.1,986.2,551.5,0.0
2023-11-03T17:00,29.0,43,6.7,986.3,284.9,0.0
2023-11-03T18:00,28.9,43,12.4,986.7,0.0,0.0
2023-11-03T19:00,28.2,44,8.3,987.5,0.0,0.0
2023-11-03T20:00,25.6,59,9.4,988.0,0.0,0.0
2023-11-03T21:00,25.5,58,5.9,988.4,0.0,0.0
2023-11-03T22:00,23.9,64,7.6,988.8,0.0,0.0
2023-11-03T23:00,25.5,53,3.3,988.8,0.0,0.0
2023-11-04T00:00,24.9,55,3.8,988.3,0.0,0.0
2023-11-04T01:00,23.3,63,2.2,987.8,0.0,0.0
2023-11-04T02:00,21.9,68,8.0,987.7,0.0,0.0
2023-11-04T03:00,21.0,75,6.8,987.4,0.0,0.0
2023-11-04T04:00,20.6,76,5.2,987.6,0.0,0.0
2023-11-04T05:00,19.7,82,7.2,988.2,0.0,0.0
2023-11-04T06:00,20.4,83,5.6,989.4,0.0,0.0
2023-11-04T07:00,22.7,71,1.8,990.3,343.3,0.0
2023-11-04T08:00,25.1,63,0.8,991.2,581.8,0.0
2023-11-04T09:00,27.7,56,1.8,991.4,716.5,0.0
2023-11-04T10:00,30.1,50,3.8,991.0,788.3,0.0
2023-11-04T11:00,32.2,38,6.2,989.9,801.7,0.0
2023-11-04T12:00,33.1,31,6.5,989.0,799.7,0.0
2023-11-04T13:00,33.6,29,8.2,988.0,825.0,0.0
2023-11-04T14:00,33.5,29,9.2,987.0,781.8,0.0
2023-11-04T15:00,32.9,29,10.3,986.5,695.9,0.0
2023-11-04T16:00,31.8,32,7.7,986.8,578.3,0.0
2023-11-04T17:00,29.0,37,8.2,987.2,301.0,0.0
2023-11-04T18:00,27.8,33,10.8,988.1,0.0,0.0
2023-11-04T19:00,26.7,34,10.9,988.8,0.0,0.0
2023-11-04T20:00,25.3,37,8.4,989.1,0.0,0.0
2023-11-04T21:00,24.2,40,7.9,989.3,0.0,0.0
2023-11-04T22:00,23.5,39,7.2,989.6,0.0,0.0
2023-11-04T23:00,22.7,41,7.3,989.5,0.0,0.0
2023-11-05T00:00,21.7,51,9.7,989.4,0.0,0.0
2023-11-05T01:00,21.7,61,9.4,989.2,0.0,0.0
2023-11-05T02:00,21.1,69,5.8,989.3,0.0,0.0
2023-11-05T03:00,20.9,68,5.5,989.3,0.0,0.0
2023-11-05T04:00,20.6,74,5.8,989.2,0.0,0.0
2023-11-05T05:00,20.2,81,4.7,990.0,0.0,0.0
2023-11-05T06:00,21.2,84,4.7,991.1,0.0,0.0
2023-11-05T07:00,23.2,81,4.0,992.1,251.6,0.0
2023-11-05T08:00,25.9,76,4.4,992.8,472.8,0.0
2023-11-05T09:00,28.0,69,6.1,992.9,438.2,0.0
2023-11-05T10:00,29.9,59,10.5,992.4,609.5,0.2
2023-11-05T11:00,30.9,54,10.5,991.3,568.9,0.0
2023-11-05T12:00,31.8,46,9.0,990.4,609.2,0.0
2023-11-05T13:00,32.4,41,8.9,989.2,605.4,0.0
2023-11-05T14:00,32.8,39,9.4,988.3,673.8,0.0
2023-11-05T15:00,32.7,38,8.9,988.1,617.3,0.0
2023-11-05T16:00,31.9,40,5.9,988.1,530.4,0.0
2023-11-05T17:00,28.7,54,7.1,988.5,268.9,0.0
2023-11-05T18:00,27.0,49,6.5,989.6,0.0,0.0
2023-11-05T19:00,26.7,47,8.4,990.6,0.0,0.0
2023-11-05T20:00,26.0,47,8.7,991.3,0.0,0.0
2023-11-05T21:00,25.6,47,10.4,991.5,0.0,0.0
2023-11-05T22:00,25.3,46,11.2,991.7,0.0,0.0
2023-11-05T23:00,24.9,46,10.7,991.7,0.0,0.0
2023-11-06T00:00,24.5,47,9.5,991.4,0.0,0.0
2023-11-06T01:00,24.1,51,8.9,991.2,0.0,0.0
2023-11-06T02:00,23.3,55,7.4,991.0,0.0,0.0
2023-11-06T03:00,22.6,58,6.3,990.9,0.0,0.0
2023-11-06T04:00,22.1,63,5.4,991.2,0.0,0.0
2023-11-06T05:00,21.4,70,6.8,991.7,0.0,0.0
2023-11-06T06:00,22.9,73,6.1,992.3,0.0,0.0
2023-11-06T07:00,24.3,69,5.7,993.2,101.4,0.0
2023-11-06T08:00,26.1,63,5.7,994.1,194.8,0.0
2023-11-06T09:00,28.5,59,5.8,994.3,592.0,0.0
2023-11-06T10:00,30.7,50,9.8,993.7,746.1,0.0
2023-11-06T11:00,31.8,42,12.5,992.5,680.0,0.0
2023-11-06T12:00,32.7,39,11.6,991.1,723.0,0.0
2023-11-06T13:00,32.8,39,9.8,990.2,545.7,0.0
2023-11-06T14:00,33.0,38,8.0,989.5,685.5,0.1
2023-11-06T15:00,32.6,39,7.2,989.1,577.3,0.1
2023-11-06T16:00,31.7,41,6.9,989.4,354.0,0.0
2023-11-06T17:00,29.6,48,5.6,989.7,145.9,0.0
2023-11-06T18:00,29.0,41,9.5,990.8,0.0,0.0
2023-11-06T19:00,27.9,43,9.9,991.6,0.0,0.0
2023-11-06T20:00,27.5,43,11.2,992.2,0.0,0.0
2023-11-06T21:00,26.9,44,9.9,992.5,0.0,0.0
2023-11-06T22:00,26.0,46,8.7,992.3,0.0,0.0
2023-11-06T23:00,25.3,47,8.6,991.8,0.0,0.0
2023-11-07T00:00,24.7,48,8.6,991.5,0.0,0.0
2023-11-07T01:00,24.1,52,8.6,991.1,0.0,0.0
2023-11-07T02:00,23.5,57,6.8,991.0,0.0,0.0
2023-11-07T03:00,22.7,62,5.4,990.8,0.0,0.0
2023-11-07T04:00,22.5,63,5.4,991.1,0.0,0.0
2023-11-07T05:00,22.1,64,6.2,991.8,0.0,0.0
2023-11-07T06:00,22.4,67,4.9,992.5,0.0,0.0
2023-11-07T07:00,23.9,62,3.8,993.6,306.8,0.0
2023-11-07T08:00,26.3,56,2.9,994.3,550.2,0.0
2023-11-07T09:00,28.7,53,3.9,994.5,685.7,0.0
2023-11-07T10:00,30.6,47,5.7,994.2,765.2,0.0
2023-11-07T11:00,32.0,37,8.5,992.8,802.3,0.0
2023-11-07T12:00,32.9,32,9.7,991.5,815.2,0.0
2023-11-07T13:00,33.5,29,9.7,990.4,802.2,0.0
2023-11-07T14:00,33.6,27,9.7,989.3,775.5,0.0
2023-11-07T15:00,33.2,26,9.7,988.8,694.9,0.0
2023-11-07T16:00,32.1,29,7.0,988.4,555.0,0.0
2023-11-07T17:00,28.1,41,9.5,988.7,280.1,0.0
2023-11-07T18:00,27.8,33,7.8,989.7,0.0,0.0
2023-11-07T19:00,26.9,33,9.7,990.6,0.0,0.0
2023-11-07T20:00,26.3,33,10.4,991.3,0.0,0.0
2023-11-07T21:00,25.8,35,9.7,991.4,0.0,0.0
2023-11-07T22:00,24.7,39,6.5,991.3,0.0,0.0
2023-11-07T23:00,23.3,48,7.9,991.3,0.0,0.0
2023-11-08T00:00,22.2,52,8.7,990.9,0.0,0.0
2023-11-08T01:00,21.5,52,7.9,990.5,0.0,0.0
2023-11-08T02:00,21.4,50,5.5,990.2,0.0,0.0
2023-11-08T03:00,21.2,51,7.4,990.1,0.0,0.0
2023-11-08T04:00,20.5,54,6.7,990.2,0.0,0.0
2023-11-08T05:00,20.5,55,8.0,990.5,0.0,0.0
2023-11-08T06:00,21.7,65,6.6,991.4,0.0,0.0
2023-11-08T07:00,23.7,61,6.9,992.6,315.7,0.0
2023-11-08T08:00,26.7,56,5.5,993.4,559.5,0.0
2023-11-08T09:00,28.8,60,6.7,994.2,691.0,0.0
2023-11-08T10:00,30.5,56,5.9,993.9,758.4,0.0
2023-11-08T11:00,31.7,47,5.7,992.6,744.8,0.0
2023-11-08T12:00,32.5,41,5.4,991.3,712.3,0.0
2023-11-08T13:00,32.9,40,3.5,990.0,695.9,0.0
2023-11-08T14:00,33.3,37,1.5,988.8,704.5,0.0
2023-11-08T15:00,33.3,36,1.3,988.3,650.9,0.0
2023-11-08T16:00,32.5,50,1.3,988.5,482.1,0.0
2023-11-08T17:00,30.7,43,5.1,989.2,204.6,0.0
2023-11-08T18:00,28.8,29,9.6,989.7,0.0,0.0
2023-11-08T19:00,27.3,31,10.1,990.6,0.0,0.0
2023-11-08T20:00,26.6,32,9.8,991.5,0.0,0.0
2023-11-08T21:00,25.3,35,7.7,991.5,0.0,0.0
2023-11-08T22:00,24.1,38,7.2,991.3,0.0,0.0
2023-11-08T23:00,22.1,48,8.7,991.1,0.0,0.0
2023-11-09T00:00,21.3,52,8.5,990.6,0.0,0.0
2023-11-09T01:00,21.1,51,7.2,990.2,0.0,0.0
2023-11-09T02:00,20.9,53,6.5,989.9,0.0,0.0
2023-11-09T03:00,19.6,60,7.6,989.8,0.0,0.0
2023-11-09T04:00,19.6,58,5.8,990.0,0.0,0.0
2023-11-09T05:00,19.8,57,6.6,990.7,0.0,0.0
2023-11-09T06:00,20.0,73,6.3,991.5,0.0,0.0
2023-11-09T07:00,22.5,62,4.3,992.6,311.8,0.0
2023-11-09T08:00,25.8,52,2.4,993.5,582.9,0.0
2023-11-09T09:00,28.5,43,4.8,994.1,714.8,0.0
2023-11-09T10:00,30.6,39,6.1,993.7,786.4,0.0
2023-11-09T11:00,32.2,32,8.0,992.7,825.5,0.0
2023-11-09T12:00,33.1,28,7.9,991.7,835.2,0.0
2023-11-09T13:00,33.6,26,7.1,990.6,824.1,0.0
2023-11-09T14:00,33.7,25,6.6,989.6,784.8,0.0
2023-11-09T15:00,33.4,25,6.2,989.3,709.0,0.0
2023-11-09T16:00,31.8,35,4.7,989.2,550.1,0.0
2023-11-09T17:00,27.9,38,8.7,989.3,270.0,0.0
2023-11-09T18:00,26.0,39,9.8,990.3,0.0,0.0
2023-11-09T19:00,26.7,36,7.2,991.2,0.0,0.0
2023-11-09T20:00,24.5,39,6.5,991.9,0.0,0.0
2023-11-09T21:00,23.5,43,6.1,992.4,0.0,0.0
2023-11-09T22:00,22.0,51,8.2,992.4,0.0,0.0
2023-11-09T23:00,21.4,55,8.0,992.0,0.0,0.0
2023-11-10T00:00,21.0,55,7.1,991.6,0.0,0.0
2023-11-10T01:00,20.1,59,8.5,991.3,0.0,0.0
2023-11-10T02:00,19.7,61,8.8,990.9,0.0,0.0
2023-11-10T03:00,19.3,62,8.9,990.7,0.0,0.0
2023-11-10T04:00,19.2,62,8.1,991.0,0.0,0.0
2023-11-10T05:00,18.6,66,8.7,991.5,0.0,0.0
2023-11-10T06:00,19.5,69,6.5,992.7,0.0,0.0
2023-11-10T07:00,22.2,59,7.1,993.9,321.0,0.0
2023-11-10T08:00,25.4,50,5.2,995.0,575.9,0.0
2023-11-10T09:00,28.2,41,7.9,995.6,727.7,0.0
2023-11-10T10:00,29.9,40,8.7,995.2,590.6,0.0
2023-11-10T11:00,30.6,37,8.1,994.5,179.5,0.0
2023-11-10T12:00,30.3,37,6.4,993.4,0.0,0.0
2023-11-10T13:00,31.2,33,4.7,992.3,137.9,0.0
2023-11-10T14:00,31.7,31,4.3,991.3,125.6,0.0
2023-11-10T15:00,31.0,34,4.7,991.0,7.6,0.0
2023-11-10T16:00,30.0,36,7.4,991.1,68.4,0.0
2023-11-10T17:00,28.5,37,9.0,991.3,57.2,0.0
2023-11-10T18:00,26.6,44,8.8,992.2,0.0,0.0
2023-11-10T19:00,25.4,48,7.2,992.7,0.0,0.0
2023-11-10T20:00,24.3,53,6.9,993.4,0.0,0.0
2023-11-10T21:00,23.8,56,6.6,993.5,0.0,0.0
2023-11-10T22:00,22.2,68,8.1,993.2,0.0,0.0
2023-11-10T23:00,22.4,67,4.9,993.1,0.0,0.0
2023-11-11T00:00,21.4,72,4.5,992.7,0.0,0.0
2023-11-11T01:00,20.7,75,4.8,992.3,0.0,0.0
2023-11-11T02:00,20.3,77,4.1,991.9,0.0,0.0
2023-11-11T03:00,19.5,80,4.9,991.5,0.0,0.0
2023-11-11T04:00,19.7,78,4.7,991.9,0.0,0.0
2023-11-11T05:00,18.8,83,6.5,992.3,0.0,0.0
2023-11-11T06:00,19.9,83,5.6,993.8,0.0,0.0
2023-11-11T07:00,22.5,69,4.8,994.9,310.5,0.0
2023-11-11T08:00,26.0,58,3.0,995.6,554.9,0.0
2023-11-11T09:00,29.0,45,4.4,996.0,698.1,0.0
2023-11-11T10:00,31.1,38,5.4,995.6,771.2,0.0
2023-11-11T11:00,32.5,34,5.6,994.5,790.2,0.0
2023-11-11T12:00,33.4,30,5.1,993.1,816.1,0.0
2023-11-11T13:00,33.9,29,4.3,991.9,794.6,0.0
2023-11-11T14:00,34.1,28,4.2,990.8,772.8,0.0
2023-11-11T15:00,33.9,29,5.1,990.4,696.0,0.0
2023-11-11T16:00,32.6,35,4.6,990.5,547.5,0.0
2023-11-11T17:00,28.8,45,8.3,991.0,266.4,0.0
2023-11-11T18:00,27.3,49,7.4,991.9,0.0,0.0
2023-11-11T19:00,26.1,53,8.4,992.4,0.0,0.0
2023-11-11T20:00,26.8,47,6.1,993.0,0.0,0.0
2023-11-11T21:00,25.4,53,2.8,992.9,0.0,0.0
2023-11-11T22:00,23.5,61,6.1,992.9,0.0,0.0
2023-11-11T23:00,24.2,57,4.3,993.0,0.0,0.0
2023-11-12T00:00,24.3,55,2.3,992.4,0.0,0.0
2023-11-12T01:00,22.2,67,2.7,991.9,0.0,0.0
2023-11-12T02:00,21.3,70,4.9,991.7,0.0,0.0
2023-11-12T03:00,21.2,69,5.6,991.8,0.0,0.0
2023-11-12T04:00,21.3,69,5.1,991.8,0.0,0.0
2023-11-12T05:00,20.2,76,6.0,992.3,0.0,0.0
2023-11-12T06:00,21.1,79,3.1,994.0,0.0,0.0
2023-11-12T07:00,23.0,70,2.2,994.6,306.5,0.0
2023-11-12T08:00,26.1,60,1.9,995.1,570.2,0.0
2023-11-12T09:00,29.2,48,9.0,995.7,712.9,0.0
2023-11-12T10:00,31.1,40,7.9,995.1,789.3,0.0
2023-11-12T11:00,32.8,33,8.7,993.9,832.5,0.0
2023-11-12T12:00,33.8,25,9.2,992.8,843.2,0.0
2023-11-12T13:00,34.1,22,10.5,991.8,831.8,0.0
2023-11-12T14:00,33.9,23,10.7,990.8,789.2,0.0
2023-11-12T15:00,33.5,24,9.5,990.5,722.0,0.0
2023-11-12T16:00,32.2,29,7.1,990.5,577.6,0.0
2023-11-12T17:00,29.3,31,9.7,991.0,282.6,0.0
2023-11-12T18:00,27.6,32,11.5,992.1,0.0,0.0
2023-11-12T19:00,26.4,36,10.9,993.0,0.0,0.0
2023-11-12T20:00,25.1,39,9.5,993.8,0.0,0.0
2023-11-12T21:00,23.3,44,7.6,993.9,0.0,0.0
2023-11-12T22:00,21.2,54,9.8,993.8,0.0,0.0
2023-11-12T23:00,20.4,57,8.0,993.2,0.0,0.0
2023-11-13T00:00,19.6,63,8.3,992.6,0.0,0.0
2023-11-13T01:00,20.5,61,5.4,992.3,0.0,0.0
2023-11-13T02:00,18.4,73,6.5,991.8,0.0,0.0
2023-11-13T03:00,19.2,66,8.5,991.8,0.0,0.0
2023-11-13T04:00,18.7,60,7.6,991.8,0.0,0.0
2023-11-13T05:00,17.9,60,6.2,992.3,0.0,0.0
2023-11-13T06:00,18.4,75,6.1,993.0,0.0,0.0
2023-11-13T07:00,20.9,62,1.5,994.2,289.1,0.0
2023-11-13T08:00,23.7,54,1.8,995.0,509.0,0.0
2023-11-13T09:00,26.9,49,1.4,995.4,671.7,0.0
2023-11-13T10:00,29.6,43,2.7,995.0,755.6,0.0
2023-11-13T11:00,31.5,37,4.1,993.9,805.4,0.0
2023-11-13T12:00,32.4,33,4.6,992.6,803.0,0.0
2023-11-13T13:00,32.7,32,4.1,991.5,808.2,0.0
2023-11-13T14:00,32.8,31,3.5,990.3,793.6,0.0
2023-11-13T15:00,32.6,32,3.9,989.9,695.9,0.0
2023-11-13T16:00,31.6,44,2.3,990.1,529.1,0.0
2023-11-13T17:00,30.9,34,2.4,990.6,218.6,0.0
2023-11-13T18:00,27.0,46,5.8,991.2,0.0,0.0
2023-11-13T19:00,25.6,47,6.8,992.0,0.0,0.0
2023-11-13T20:00,24.5,48,6.5,992.7,0.0,0.0
2023-11-13T21:00,23.4,52,7.0,993.2,0.0,0.0
2023-11-13T22:00,23.4,51,7.2,993.2,0.0,0.0
2023-11-13T23:00,22.6,53,6.9,992.9,0.0,0.0
2023-11-14T00:00,21.3,61,9.7,992.4,0.0,0.0
2023-11-14T01:00,21.4,60,7.6,991.9,0.0,0.0
2023-11-14T02:00,21.6,58,6.6,991.4,0.0,0.0
2023-11-14T03:00,20.4,64,7.6,990.7,0.0,0.0
2023-11-14T04:00,19.5,67,7.3,990.8,0.0,0.0
2023-11-14T05:00,19.6,68,6.2,991.3,0.0,0.0
2023-11-14T06:00,19.3,79,7.2,992.4,0.0,0.0
2023-11-14T07:00,22.0,67,3.6,993.6,298.4,0.0
2023-11-14T08:00,25.0,57,4.5,994.6,564.3,0.0
2023-11-14T09:00,27.7,51,4.7,995.0,703.4,0.0
2023-11-14T10:00,29.9,45,5.0,994.4,770.7,0.0
2023-11-14T11:00,31.5,35,4.6,993.2,817.7,0.0
2023-11-14T12:00,32.1,33,5.2,991.8,840.2,0.0
2023-11-14T13:00,32.4,32,7.0,990.4,799.0,0.0
2023-11-14T14:00,32.4,31,9.8,989.4,743.3,0.0
2023-11-14T15:00,31.8,31,11.8,989.3,584.1,0.0
2023-11-14T16:00,31.0,31,11.4,989.4,489.2,0.0
2023-11-14T17:00,28.9,35,7.8,990.0,241.8,0.0
2023-11-14T18:00,28.1,41,10.9,991.1,0.0,0.0
2023-11-14T19:00,27.4,42,10.8,991.7,0.0,0.0
2023-11-14T20:00,26.2,42,11.1,992.3,0.0,0.0
2023-11-14T21:00,25.3,42,8.9,992.4,0.0,0.0
2023-11-14T22:00,24.6,44,8.3,992.5,0.0,0.0
2023-11-14T23:00,24.0,47,8.8,992.2,0.0,0.0
2023-11-15T00:00,23.1,54,7.3,991.9,0.0,0.0
2023-11-15T01:00,22.2,61,6.6,991.1,0.0,0.0
2023-11-15T02:00,20.7,71,9.3,990.7,0.0,0.0
2023-11-15T03:00,20.4,72,5.1,990.4,0.0,0.0
2023-11-15T04:00,20.0,71,5.5,990.8,0.0,0.0
2023-11-15T05:00,19.6,74,7.6,990.8,0.0,0.0
2023-11-15T06:00,19.1,82,5.8,992.3,0.0,0.0
2023-11-15T07:00,21.0,76,5.9,993.4,294.2,0.0
2023-11-15T08:00,23.8,67,3.2,994.4,562.8,0.0
2023-11-15T09:00,26.5,58,4.7,994.6,701.5,0.0
2023-11-15T10:00,28.9,50,7.1,994.2,774.0,0.0
2023-11-15T11:00,30.6,41,8.9,993.0,812.9,0.0
2023-11-15T12:00,31.2,36,10.3,991.8,748.5,0.0
2023-11-15T13:00,31.7,34,10.9,990.6,793.6,0.0
2023-11-15T14:00,31.7,33,11.4,989.8,770.2,0.0
2023-11-15T15:00,31.4,32,11.5,989.3,701.1,0.0
2023-11-15T16:00,30.5,34,10.6,989.5,555.6,0.0
2023-11-15T17:00,27.9,40,7.2,989.8,265.2,0.0
2023-11-15T18:00,26.3,48,6.4,990.3,0.0,0.0
2023-11-15T19:00,25.0,52,6.5,991.1,0.0,0.0
2023-11-15T20:00,24.7,53,7.9,991.8,0.0,0.0
2023-11-15T21:00,24.2,54,8.4,992.1,0.0,0.0
2023-11-15T22:00,23.5,57,8.2,992.2,0.0,0.0
2023-11-15T23:00,22.7,60,7.5,991.9,0.0,0.0
2023-11-16T00:00,21.9,64,6.4,991.4,0.0,0.0
2023-11-16T01:00,20.5,70,6.9,990.9,0.0,0.0
2023-11-16T02:00,19.7,74,7.7,990.3,0.0,0.0
2023-11-16T03:00,19.4,74,6.4,990.1,0.0,0.0
2023-11-16T04:00,19.1,74,6.2,990.3,0.0,0.0
2023-11-16T05:00,19.1,73,6.1,990.8,0.0,0.0
2023-11-16T06:00,19.5,74,5.6,992.0,0.0,0.0
2023-11-16T07:00,21.5,67,6.6,993.0,296.9,0.0
2023-11-16T08:00,24.3,57,6.6,993.9,567.2,0.0
2023-11-16T09:00,27.0,47,9.4,994.5,710.9,0.0
2023-11-16T10:00,29.1,39,13.4,994.3,786.4,0.0
2023-11-16T11:00,30.2,35,14.0,993.2,822.6,0.0
2023-11-16T12:00,31.0,34,12.3,991.8,837.1,0.0
2023-11-16T13:00,31.6,32,11.2,990.6,828.4,0.0
2023-11-16T14:00,31.7,32,10.8,989.7,789.5,0.0
2023-11-16T15:00,31.3,32,11.1,989.4,711.4,0.0
2023-11-16T16:00,30.4,33,10.9,989.5,561.1,0.0
2023-11-16T17:00,28.0,38,9.0,990.0,266.5,0.0
2023-11-16T18:00,27.0,43,10.9,991.0,0.0,0.0
2023-11-16T19:00,25.9,47,11.3,991.7,0.0,0.0
2023-11-16T20:00,24.8,51,10.1,992.5,0.0,0.0
2023-11-16T21:00,23.8,54,9.4,992.6,0.0,0.0
2023-11-16T22:00,23.1,56,9.3,992.8,0.0,0.0
2023-11-16T23:00,22.4,58,8.0,992.6,0.0,0.0
2023-11-17T00:00,21.8,60,7.2,992.6,0.0,0.0
2023-11-17T01:00,21.2,63,5.8,992.0,0.0,0.0
2023-11-17T02:00,20.8,64,5.8,991.4,0.0,0.0
2023-11-17T03:00,20.6,64,6.9,991.0,0.0,0.0
2023-11-17T04:00,20.3,66,6.6,990.9,0.0,0.0
2023-11-17T05:00,19.3,72,6.3,991.5,0.0,0.0
2023-11-17T06:00,19.9,71,5.9,992.2,0.0,0.0
2023-11-17T07:00,21.6,66,5.4,993.0,285.8,0.0
2023-11-17T08:00,24.1,57,4.7,993.9,551.1,0.0
2023-11-17T09:00,26.7,49,6.1,994.4,693.7,0.0
2023-11-17T10:00,29.0,44,7.8,993.9,770.2,0.0
2023-11-17T11:00,30.4,42,7.6,992.7,812.3,0.0
2023-11-17T12:00,31.3,40,6.6,991.6,823.2,0.0
2023-11-17T13:00,31.8,39,5.9,990.3,809.6,0.0
2023-11-17T14:00,32.0,38,6.0,989.3,772.1,0.0
2023-11-17T15:00,31.8,38,7.3,989.1,682.5,0.0
2023-11-17T16:00,30.9,40,7.9,989.5,498.8,0.0
2023-11-17T17:00,28.9,45,8.9,990.0,238.0,0.0
2023-11-17T18:00,28.1,48,9.8,990.4,0.0,0.0
2023-11-17T19:00,27.4,50,10.7,991.2,0.0,0.0
2023-11-17T20:00,26.4,51,11.2,991.6,0.0,0.0
2023-11-17T21:00,25.5,54,10.6,992.0,0.0,0.0
2023-11-17T22:00,24.8,57,10.1,992.0,0.0,0.0
2023-11-17T23:00,23.7,62,6.4,991.8,0.0,0.0
2023-11-18T00:00,22.3,71,8.0,991.3,0.0,0.0
2023-11-18T01:00,22.3,71,6.3,991.0,0.0,0.0
2023-11-18T02:00,22.3,70,5.5,990.7,0.0,0.0
2023-11-18T03:00,20.6,79,6.9,990.3,0.0,0.0
2023-11-18T04:00,20.5,77,4.6,990.4,0.0,0.0
2023-11-18T05:00,20.2,78,4.7,990.7,0.0,0.0
2023-11-18T06:00,20.0,84,5.6,991.9,0.0,0.0
2023-11-18T07:00,22.2,74,2.7,992.9,267.4,0.0
2023-11-18T08:00,24.8,65,2.4,993.6,534.8,0.0
2023-11-18T09:00,27.5,57,4.3,994.1,684.0,0.0
2023-11-18T10:00,29.5,51,6.3,993.6,765.9,0.0
2023-11-18T11:00,30.9,46,6.1,992.8,806.0,0.0
2023-11-18T12:00,31.8,42,4.5,991.4,809.2,0.0
2023-11-18T13:00,32.3,39,3.1,990.3,802.8,0.0
2023-11-18T14:00,32.4,38,1.8,989.2,751.5,0.0
2023-11-18T15:00,32.4,37,1.5,989.1,678.9,0.0
2023-11-18T16:00,31.7,40,3.8,989.2,525.5,0.0
2023-11-18T17:00,28.9,45,6.0,989.6,239.0,0.0
2023-11-18T18:00,28.0,38,6.4,990.1,0.0,0.0
2023-11-18T19:00,27.0,43,7.6,991.0,0.0,0.0
2023-11-18T20:00,25.8,48,7.9,991.5,0.0,0.0
2023-11-18T21:00,25.3,48,10.9,991.9,0.0,0.0
2023-11-18T22:00,24.8,50,10.5,992.2,0.0,0.0
2023-11-18T23:00,24.3,50,10.7,992.1,0.0,0.0
2023-11-19T00:00,23.9,50,9.1,991.7,0.0,0.0
2023-11-19T01:00,22.9,54,5.9,991.4,0.0,0.0
2023-11-19T02:00,21.9,61,6.6,990.9,0.0,0.0
2023-11-19T03:00,21.9,63,7.3,990.5,0.0,0.0
2023-11-19T04:00,21.5,67,7.8,990.7,0.0,0.0
2023-11-19T05:00,21.2,70,7.3,990.9,0.0,0.0
2023-11-19T06:00,20.7,78,5.5,992.1,0.0,0.0
2023-11-19T07:00,22.5,72,7.2,993.1,284.2,0.0
2023-11-19T08:00,25.4,61,6.5,993.8,556.9,0.0
2023-11-19T09:00,28.0,53,8.7,994.3,701.3,0.0
2023-11-19T10:00,29.9,48,9.1,993.9,775.4,0.0
2023-11-19T11:00,31.3,42,8.7,993.1,814.4,0.0
2023-11-19T12:00,32.2,38,6.5,991.9,823.6,0.0
2023-11-19T13:00,32.7,36,4.8,990.7,802.6,0.0
2023-11-19T14:00,32.8,35,3.8,989.8,758.5,0.0
2023-11-19T15:00,32.7,35,2.9,989.7,685.0,0.0
2023-11-19T16:00,32.0,38,3.3,989.7,533.7,0.0
2023-11-19T17:00,28.9,47,6.5,990.2,217.5,0.0
2023-11-19T18:00,28.3,47,4.7,990.7,0.0,0.0
2023-11-19T19:00,27.8,47,8.2,991.5,0.0,0.0
2023-11-19T20:00,26.9,47,8.5,992.1,0.0,0.0
2023-11-19T21:00,25.8,50,11.8,992.4,0.0,0.0
2023-11-19T22:00,25.3,54,11.8,992.3,0.0,0.0
2023-11-19T23:00,24.7,58,9.3,991.8,0.0,0.0
2023-11-20T00:00,24.1,62,7.9,991.4,0.0,0.0
2023-11-20T01:00,23.6,65,6.9,990.9,0.0,0.0
2023-11-20T02:00,23.5,65,7.4,990.3,0.0,0.0
2023-11-20T03:00,23.4,66,7.7,990.3,0.0,0.0
2023-11-20T04:00,22.7,69,6.1,990.5,0.0,0.0
2023-11-20T05:00,22.2,71,5.9,991.3,0.0,0.0
2023-11-20T06:00,22.4,75,4.5,992.3,0.0,0.0
2023-11-20T07:00,24.2,69,5.0,993.4,215.3,0.0
2023-11-20T08:00,26.4,61,4.2,994.2,402.4,0.0
2023-11-20T09:00,28.7,54,6.1,994.7,648.8,0.0
2023-11-20T10:00,30.5,45,8.4,994.3,740.5,0.0
2023-11-20T11:00,31.8,40,7.6,993.4,802.5,0.0
2023-11-20T12:00,32.5,37,6.5,992.1,747.0,0.0
2023-11-20T13:00,33.1,34,6.0,990.9,772.5,0.0
2023-11-20T14:00,33.3,32,6.5,989.9,688.0,0.0
2023-11-20T15:00,33.0,32,8.7,989.6,629.6,0.0
2023-11-20T16:00,31.8,34,8.4,989.5,429.7,0.0
2023-11-20T17:00,28.3,47,7.7,989.7,225.9,0.0
2023-11-20T18:00,26.9,52,7.1,990.5,0.0,0.0
2023-11-20T19:00,27.3,49,5.7,991.4,0.0,0.0
2023-11-20T20:00,27.2,49,8.9,992.0,0.0,0.0
2023-11-20T21:00,25.9,53,8.1,992.2,0.0,0.0
2023-11-20T22:00,25.0,56,7.9,992.5,0.0,0.0
2023-11-20T23:00,24.5,58,8.1,992.3,0.0,0.0
2023-11-21T00:00,24.4,59,9.5,991.7,0.0,0.0
2023-11-21T01:00,24.0,61,9.4,991.1,0.0,0.0
2023-11-21T02:00,23.7,62,8.9,990.5,0.0,0.0
2023-11-21T03:00,23.4,63,8.8,990.5,0.0,0.0
2023-11-21T04:00,22.9,65,7.6,990.8,0.0,0.0
2023-11-21T05:00,22.4,67,6.4,991.2,0.0,0.0
2023-11-21T06:00,22.2,73,7.1,992.2,0.0,0.0
2023-11-21T07:00,23.6,69,6.6,993.2,239.1,0.0
2023-11-21T08:00,25.8,61,7.7,993.9,354.2,0.0
2023-11-21T09:00,28.0,54,9.8,994.1,461.0,0.0
2023-11-21T10:00,30.2,45,11.1,993.4,754.5,0.0
2023-11-21T11:00,31.4,41,10.0,992.3,798.7,0.0
2023-11-21T12:00,32.5,38,7.7,990.7,804.2,0.0
2023-11-21T13:00,32.8,36,8.0,989.6,550.1,0.0
2023-11-21T14:00,33.0,36,9.0,988.6,615.6,0.0
2023-11-21T15:00,32.5,36,10.3,988.4,550.0,0.0
2023-11-21T16:00,31.6,37,12.0,988.3,446.7,0.0
2023-11-21T17:00,29.7,40,13.2,989.0,226.6,0.0
2023-11-21T18:00,29.3,45,13.1,989.6,0.0,0.0
2023-11-21T19:00,28.2,46,13.4,990.6,0.0,0.0
2023-11-21T20:00,27.1,47,11.4,991.2,0.0,0.0
2023-11-21T21:00,26.2,49,9.9,991.6,0.0,0.0
2023-11-21T22:00,25.2,52,7.1,991.7,0.0,0.0
2023-11-21T23:00,24.7,54,7.7,991.2,0.0,0.0
2023-11-22T00:00,23.8,58,5.9,990.4,0.0,0.0
2023-11-22T01:00,23.0,62,5.6,989.9,0.0,0.0
2023-11-22T02:00,22.2,68,6.6,989.5,0.0,0.0
2023-11-22T03:00,22.0,69,4.9,989.3,0.0,0.0
2023-11-22T04:00,22.4,69,4.8,989.7,0.0,0.0
2023-11-22T05:00,22.1,70,4.8,990.1,0.0,0.0
2023-11-22T06:00,22.5,77,3.6,991.1,0.0,0.0
2023-11-22T07:00,24.0,69,6.2,992.1,117.1,0.0
2023-11-22T08:00,26.0,63,6.7,992.9,451.8,0.0
2023-11-22T09:00,28.1,57,6.1,993.1,622.6,0.0
2023-11-22T10:00,29.9,52,3.7,992.8,748.5,0.0
2023-11-22T11:00,31.2,46,2.2,991.6,713.2,0.0
2023-11-22T12:00,31.9,43,2.2,989.9,652.3,0.0
2023-11-22T13:00,32.4,40,3.5,988.8,656.9,0.0
2023-11-22T14:00,32.5,40,5.6,988.0,572.2,0.0
2023-11-22T15:00,32.1,40,9.0,987.6,521.7,0.0
2023-11-22T16:00,31.1,40,11.7,987.8,419.8,0.0
2023-11-22T17:00,29.7,42,9.8,988.0,174.3,0.0
2023-11-22T18:00,28.1,47,7.0,989.0,0.0,0.0
2023-11-22T19:00,27.5,49,12.0,990.1,0.0,0.0
2023-11-22T20:00,26.8,45,10.1,990.7,0.0,0.0
2023-11-22T21:00,25.8,47,10.8,991.0,0.0,0.0
2023-11-22T22:00,25.1,52,9.6,990.8,0.0,0.0
2023-11-22T23:00,24.5,54,7.1,990.5,0.0,0.0
2023-11-23T00:00,23.4,57,5.0,989.9,0.0,0.0
2023-11-23T01:00,22.4,62,6.5,989.4,0.0,0.0
2023-11-23T02:00,22.4,60,5.4,989.0,0.0,0.0
2023-11-23T03:00,22.2,61,5.8,988.7,0.0,0.0
2023-11-23T04:00,22.3,61,7.5,988.9,0.0,0.0
2023-11-23T05:00,22.3,64,7.9,989.3,0.0,0.0
2023-11-23T06:00,22.4,72,8.5,989.8,0.0,0.0
2023-11-23T07:00,23.7,69,5.4,990.7,251.4,0.0
2023-11-23T08:00,26.0,62,4.0,991.6,526.4,0.0
2023-11-23T09:00,28.1,60,4.6,991.9,673.5,0.0
2023-11-23T10:00,29.8,53,5.5,991.5,751.7,0.0
2023-11-23T11:00,31.1,45,4.6,990.6,696.6,0.0
2023-11-23T12:00,31.9,42,2.6,989.3,716.1,0.0
2023-11-23T13:00,32.2,40,1.8,988.1,690.3,0.0
2023-11-23T14:00,32.1,40,2.4,987.1,519.2,0.0
2023-11-23T15:00,32.0,39,1.4,986.8,562.9,0.0
2023-11-23T16:00,31.5,39,3.6,986.8,439.8,0.0
2023-11-23T17:00,29.3,42,5.8,987.1,190.0,0.0
2023-11-23T18:00,27.2,55,4.5,987.9,0.0,0.0
2023-11-23T19:00,25.8,68,6.3,988.7,0.0,0.0
2023-11-23T20:00,25.7,68,4.7,989.5,0.0,0.0
2023-11-23T21:00,25.9,66,1.8,989.9,0.0,0.0
2023-11-23T22:00,23.7,77,4.7,989.8,0.0,0.0
2023-11-23T23:00,23.4,77,4.7,989.6,0.0,0.0
2023-11-24T00:00,23.2,80,6.7,989.4,0.0,0.0
2023-11-24T01:00,22.8,83,7.4,988.9,0.0,0.0
2023-11-24T02:00,22.5,86,6.6,988.6,0.0,0.0
2023-11-24T03:00,22.2,88,5.5,988.4,0.0,0.0
2023-11-24T04:00,22.1,89,7.2,988.6,0.0,0.0
2023-11-24T05:00,22.3,89,6.8,989.1,0.0,0.0
2023-11-24T06:00,22.8,93,4.0,990.0,0.0,0.0
2023-11-24T07:00,24.3,84,3.3,991.3,179.3,0.0
2023-11-24T08:00,25.7,76,4.4,992.3,142.8,0.0
2023-11-24T09:00,27.5,68,4.5,992.8,319.7,0.0
2023-11-24T10:00,28.6,64,5.9,992.4,400.0,0.1
2023-11-24T11:00,29.9,57,6.3,991.3,337.2,0.1
2023-11-24T12:00,24.1,82,14.4,991.1,109.4,2.5
2023-11-24T13:00,24.8,83,2.3,989.6,185.4,5.3
2023-11-24T14:00,26.9,71,0.4,988.9,440.8,3.3
2023-11-24T15:00,25.9,73,5.4,989.0,248.1,0.6
2023-11-24T16:00,26.2,74,2.5,989.0,189.0,0.1
2023-11-24T17:00,24.8,86,3.9,989.5,175.2,0.0
2023-11-24T18:00,23.5,88,6.2,990.2,0.0,0.0
2023-11-24T19:00,23.4,85,6.0,991.1,0.0,0.0
2023-11-24T20:00,22.8,88,4.6,991.5,0.0,0.0
2023-11-24T21:00,22.2,91,5.9,991.5,0.0,0.0
2023-11-24T22:00,21.7,93,4.7,991.6,0.0,0.0
2023-11-24T23:00,21.4,95,6.6,991.4,0.0,0.0
2023-11-25T00:00,21.4,93,5.9,990.9,0.0,0.0
2023-11-25T01:00,20.8,95,5.8,990.4,0.0,0.0
2023-11-25T02:00,20.7,94,6.5,990.3,0.0,0.0
2023-11-25T03:00,20.5,95,6.0,990.1,0.0,0.0
2023-11-25T04:00,20.6,95,5.6,990.6,0.0,0.0
2023-11-25T05:00,21.1,94,3.6,991.4,0.0,0.0
2023-11-25T06:00,21.5,97,7.1,992.7,0.0,0.0
2023-11-25T07:00,22.7,91,7.1,993.8,151.0,0.0
2023-11-25T08:00,24.3,82,5.4,994.6,375.7,0.0
2023-11-25T09:00,26.3,72,6.0,995.1,609.1,0.0
2023-11-25T10:00,27.8,67,4.6,994.6,647.1,0.0
2023-11-25T11:00,28.8,63,4.2,993.3,660.3,0.0
2023-11-25T12:00,29.5,59,5.2,991.8,634.6,0.1
2023-11-25T13:00,30.2,55,5.4,990.6,695.5,0.0
2023-11-25T14:00,30.3,53,5.5,990.0,665.9,0.0
2023-11-25T15:00,30.2,52,5.5,990.0,575.6,0.0
2023-11-25T16:00,29.4,54,4.6,990.1,350.4,0.0
2023-11-25T17:00,27.8,58,7.5,990.7,152.7,0.0
2023-11-25T18:00,25.8,66,6.0,991.2,0.0,0.0
2023-11-25T19:00,24.3,75,8.5,992.0,0.0,0.0
2023-11-25T20:00,23.9,77,8.3,992.5,0.0,0.0
2023-11-25T21:00,23.5,78,6.8,992.9,0.0,0.0
2023-11-25T22:00,23.0,80,3.8,993.1,0.0,0.0
2023-11-25T23:00,22.5,82,2.5,992.7,0.0,0.0
2023-11-26T00:00,21.6,85,4.2,992.3,0.0,0.0
2023-11-26T01:00,21.2,85,5.4,991.7,0.0,0.0
2023-11-26T02:00,21.3,79,6.9,991.3,0.0,0.0
2023-11-26T03:00,21.4,74,7.9,991.2,0.0,0.0
2023-11-26T04:00,21.0,75,6.8,991.5,0.0,0.0
2023-11-26T05:00,20.6,76,7.0,992.0,0.0,0.0
2023-11-26T06:00,21.2,75,6.2,993.0,0.0,0.0
2023-11-26T07:00,22.4,73,6.3,994.3,236.5,0.0
2023-11-26T08:00,24.6,65,7.2,995.3,517.8,0.0
2023-11-26T09:00,26.7,63,9.2,995.4,666.6,0.0
2023-11-26T10:00,28.4,61,9.0,994.6,706.4,0.0
2023-11-26T11:00,29.7,52,8.3,993.6,730.2,0.0
2023-11-26T12:00,30.2,48,4.7,992.5,633.8,0.0
2023-11-26T13:00,30.5,46,3.3,991.2,611.7,0.0
2023-11-26T14:00,30.7,44,2.3,990.0,592.1,0.0
2023-11-26T15:00,30.7,43,1.8,989.6,560.8,0.0
2023-11-26T16:00,30.2,49,2.3,989.1,316.3,0.0
2023-11-26T17:00,26.7,61,7.6,989.0,114.7,0.0
2023-11-26T18:00,25.1,69,5.7,990.3,0.0,0.0
2023-11-26T19:00,24.1,73,6.3,991.3,0.0,0.0
2023-11-26T20:00,24.0,70,5.4,991.8,0.0,0.0
2023-11-26T21:00,23.9,67,11.3,991.8,0.0,0.0
2023-11-26T22:00,24.2,55,10.5,991.8,0.0,0.0
2023-11-26T23:00,23.5,54,8.7,991.4,0.0,0.0
2023-11-27T00:00,22.4,56,7.3,991.1,0.0,0.0
2023-11-27T01:00,21.8,56,7.6,990.7,0.0,0.0
2023-11-27T02:00,21.7,56,9.1,990.2,0.0,0.0
2023-11-27T03:00,21.6,56,8.1,989.9,0.0,0.0
2023-11-27T04:00,21.1,60,5.4,990.1,0.0,0.0
2023-11-27T05:00,21.1,60,5.0,990.6,0.0,0.0
2023-11-27T06:00,21.2,64,5.9,991.6,0.0,0.3
2023-11-27T07:00,20.9,72,0.8,992.8,0.0,0.2
2023-11-27T08:00,20.1,84,3.6,994.1,6.4,3.7
2023-11-27T09:00,20.0,91,6.0,993.9,0.0,3.9
2023-11-27T10:00,21.4,88,5.9,993.9,80.4,0.9
2023-11-27T11:00,22.4,85,7.5,993.4,77.6,0.2
2023-11-27T12:00,23.8,78,6.7,992.0,361.7,0.0
2023-11-27T13:00,24.9,74,3.9,990.7,329.4,0.0
2023-11-27T14:00,25.1,74,4.5,989.9,149.5,0.1
2023-11-27T15:00,25.6,71,3.4,989.6,122.8,0.0
2023-11-27T16:00,25.5,72,5.2,989.5,272.5,0.0
2023-11-27T17:00,24.3,77,5.8,989.8,122.6,0.0
2023-11-27T18:00,22.3,85,4.2,990.8,0.0,0.0
2023-11-27T19:00,21.8,88,4.4,991.6,0.0,0.0
2023-11-27T20:00,21.5,89,4.0,992.0,0.0,0.0
2023-11-27T21:00,21.4,89,6.5,991.8,0.0,0.0
2023-11-27T22:00,21.2,89,8.2,991.6,0.0,0.0
2023-11-27T23:00,21.2,88,8.4,991.2,0.0,0.0
2023-11-28T00:00,21.0,86,7.0,990.7,0.0,0.0
2023-11-28T01:00,20.5,84,5.8,990.2,0.0,0.0
2023-11-28T02:00,20.1,83,6.6,989.5,0.0,0.0
2023-11-28T03:00,19.8,82,6.6,989.0,0.0,0.0
2023-11-28T04:00,19.1,86,5.8,989.2,0.0,0.0
2023-11-28T05:00,18.8,89,6.9,989.5,0.0,0.0
2023-11-28T06:00,19.9,86,4.6,990.1,0.0,0.0
2023-11-28T07:00,21.5,79,3.3,991.1,116.9,0.0
2023-11-28T08:00,22.6,76,4.3,992.1,16.1,0.0
2023-11-28T09:00,24.4,71,0.5,992.3,119.8,0.0
2023-11-28T10:00,26.1,67,6.9,992.3,362.4,0.0
2023-11-28T11:00,26.4,65,7.1,991.5,80.6,0.0
2023-11-28T12:00,27.4,61,7.8,990.4,101.3,0.0
2023-11-28T13:00,27.6,60,3.6,989.3,191.5,0.0
2023-11-28T14:00,27.8,60,3.4,988.5,241.3,0.0
2023-11-28T15:00,25.9,72,11.6,988.1,252.2,0.5
2023-11-28T16:00,24.9,77,10.8,988.3,133.3,0.2
2023-11-28T17:00,24.4,78,5.0,988.7,130.4,0.0
2023-11-28T18:00,20.6,97,4.6,989.3,0.0,0.0
2023-11-28T19:00,20.8,96,6.0,990.1,0.0,0.0
2023-11-28T20:00,20.0,97,5.6,990.6,0.0,0.0
2023-11-28T21:00,19.5,98,7.0,991.0,0.0,0.0
2023-11-28T22:00,19.9,97,4.5,991.0,0.0,0.0
2023-11-28T23:00,19.6,98,5.1,990.9,0.0,0.0
2023-11-29T00:00,19.6,97,4.5,990.5,0.0,1.8
2023-11-29T01:00,19.9,95,7.5,989.8,0.0,0.1
2023-11-29T02:00,19.4,97,10.9,990.3,0.0,17.3
2023-11-29T03:00,19.5,96,6.6,989.3,0.0,0.7
2023-11-29T04:00,19.2,98,7.1,989.9,0.0,0.0
2023-11-29T05:00,19.3,96,6.3,989.9,0.0,0.0
2023-11-29T06:00,19.3,98,4.0,990.7,0.0,0.0
2023-11-29T07:00,20.5,95,2.3,991.7,181.1,0.0
2023-11-29T08:00,22.2,87,1.6,992.8,388.6,0.0
2023-11-29T09:00,23.8,82,1.3,993.4,453.0,0.0
2023-11-29T10:00,25.2,77,2.5,993.2,355.9,0.0
2023-11-29T11:00,25.9,74,2.2,992.4,372.2,0.0
2023-11-29T12:00,26.6,71,1.8,991.3,334.3,0.0
2023-11-29T13:00,27.5,66,0.8,990.1,481.2,0.0
2023-11-29T14:00,27.8,63,0.5,989.5,463.1,0.0
2023-11-29T15:00,27.7,63,2.6,989.2,347.6,0.0
2023-11-29T16:00,27.3,67,3.0,989.4,336.7,0.0
2023-11-29T17:00,25.4,75,5.1,989.6,153.5,0.0
2023-11-29T18:00,23.7,81,4.8,989.9,0.0,0.0
2023-11-29T19:00,23.0,83,4.7,990.7,0.0,0.0
2023-11-29T20:00,22.8,83,5.6,991.3,0.0,0.0
2023-11-29T21:00,22.4,86,5.2,991.1,0.0,0.0
2023-11-29T22:00,22.4,86,4.6,991.5,0.0,0.0
2023-11-29T23:00,22.1,88,9.0,991.6,0.0,0.0
2023-11-30T00:00,22.1,90,8.0,990.9,0.0,0.4
2023-11-30T01:00,21.6,94,5.6,990.5,0.0,0.0
2023-11-30T02:00,21.2,96,5.5,989.8,0.0,0.0
2023-11-30T03:00,20.1,98,5.0,989.7,0.0,0.0
2023-11-30T04:00,19.9,99,4.3,990.0,0.0,0.0
2023-11-30T05:00,19.5,100,4.4,990.6,0.0,0.0
2023-11-30T06:00,20.4,92,5.4,991.3,0.0,0.0
2023-11-30T07:00,21.6,89,4.1,992.3,190.9,0.0
2023-11-30T08:00,24.0,81,2.6,993.0,434.3,0.0
2023-11-30T09:00,25.1,76,3.4,993.2,129.2,0.0
2023-11-30T10:00,26.1,70,2.5,993.0,90.9,0.0
2023-11-30T11:00,27.3,63,1.8,992.3,240.6,0.0
2023-11-30T12:00,28.1,59,1.1,991.2,264.1,0.0
2023-11-30T13:00,29.1,55,1.5,989.9,395.8,0.0
2023-11-30T14:00,30.2,50,1.6,989.2,712.5,0.0
2023-11-30T15:00,30.2,49,0.5,988.8,649.6,0.0
2023-11-30T16:00,29.9,50,3.6,988.8,511.9,0.0
2023-11-30T17:00,26.7,65,7.6,989.3,215.1,0.0
2023-11-30T18:00,26.3,62,9.3,990.3,0.0,0.0
2023-11-30T19:00,25.2,66,7.4,990.9,0.0,0.0
2023-11-30T20:00,24.7,68,6.8,991.5,0.0,0.0
2023-11-30T21:00,23.9,72,6.0,991.6,0.0,0.0
2023-11-30T22:00,23.6,75,6.2,991.7,0.0,0.0
2023-11-30T23:00,24.2,69,0.4,991.4,0.0,0.0
2023-12-01T00:00,22.7,81,1.1,990.8,0.0,0.0
2023-12-01T01:00,22.2,82,4.0,990.2,0.0,0.0
2023-12-01T02:00,21.6,80,5.4,989.8,0.0,0.0
2023-12-01T03:00,21.0,85,7.2,989.6,0.0,0.0
2023-12-01T04:00,20.5,87,6.2,989.7,0.0,0.0
2023-12-01T05:00,20.2,89,6.2,990.2,0.0,0.0
2023-12-01T06:00,21.8,84,6.4,990.7,0.0,0.0
2023-12-01T07:00,22.7,83,5.1,991.7,192.9,0.0
2023-12-01T08:00,24.5,77,1.5,992.7,480.7,0.0
2023-12-01T09:00,26.4,69,1.9,993.0,639.3,0.0
2023-12-01T10:00,27.9,62,2.9,992.6,531.7,0.0
2023-12-01T11:00,28.1,59,4.5,991.8,77.2,0.0
2023-12-01T12:00,28.4,58,5.2,990.3,102.1,0.0
2023-12-01T13:00,28.8,57,5.5,989.5,178.8,0.0
2023-12-01T14:00,28.9,56,6.4,988.6,258.5,0.0
2023-12-01T15:00,28.8,57,6.5,988.2,378.9,0.0
2023-12-01T16:00,28.0,63,6.2,988.2,397.7,0.0
2023-12-01T17:00,26.0,71,6.1,988.7,176.7,0.0
2023-12-01T18:00,26.5,65,7.2,989.3,0.0,0.0
2023-12-01T19:00,25.1,71,6.8,990.2,0.0,0.0
2023-12-01T20:00,24.6,75,8.1,990.5,0.0,0.0
2023-12-01T21:00,24.7,75,9.6,990.9,0.0,0.0
2023-12-01T22:00,24.7,75,8.5,991.1,0.0,0.0
2023-12-01T23:00,24.2,76,8.0,990.9,0.0,0.0
2023-12-02T00:00,24.0,75,7.8,990.4,0.0,0.0
2023-12-02T01:00,24.0,73,9.4,989.5,0.0,0.0
2023-12-02T02:00,22.5,83,8.2,989.0,0.0,0.0
2023-12-02T03:00,23.1,77,5.2,988.7,0.0,0.0
2023-12-02T04:00,21.2,87,5.1,988.6,0.0,0.0
2023-12-02T05:00,20.7,89,4.7,989.0,0.0,0.0
2023-12-02T06:00,21.9,84,5.8,990.2,0.0,0.0
2023-12-02T07:00,23.1,79,6.5,991.3,178.7,0.0
2023-12-02T08:00,25.0,71,3.9,992.0,461.4,0.0
2023-12-02T09:00,27.0,64,5.1,992.0,630.1,0.0
2023-12-02T10:00,28.8,58,6.0,991.6,729.8,0.0
2023-12-02T11:00,30.3,52,6.0,990.7,786.5,0.0
2023-12-02T12:00,31.5,46,6.6,989.5,801.6,0.0
2023-12-02T13:00,32.2,41,7.2,988.3,790.7,0.0
2023-12-02T14:00,32.3,40,7.7,987.5,705.2,0.0
2023-12-02T15:00,31.5,43,6.2,987.2,507.1,0.0
2023-12-02T16:00,30.4,57,3.9,986.9,464.7,0.0
2023-12-02T17:00,27.4,58,6.9,987.3,222.8,0.0
2023-12-02T18:00,26.6,56,9.1,988.6,0.0,0.0
2023-12-02T19:00,26.1,55,10.1,989.4,0.0,0.0
2023-12-02T20:00,26.0,54,12.0,989.9,0.0,0.0
2023-12-02T21:00,25.5,58,12.5,990.3,0.0,0.0
2023-12-02T22:00,25.2,61,13.5,990.5,0.0,0.0
2023-12-02T23:00,24.6,64,11.3,990.3,0.0,0.0
2023-12-03T00:00,23.9,67,11.8,990.1,0.0,0.0
2023-12-03T01:00,23.6,68,13.3,989.8,0.0,0.0
2023-12-03T02:00,23.1,68,12.0,989.6,0.0,0.0
2023-12-03T03:00,22.5,68,9.7,989.2,0.0,0.0
2023-12-03T04:00,21.9,71,7.8,989.3,0.0,0.0
2023-12-03T05:00,21.2,76,6.6,989.7,0.0,0.0
2023-12-03T06:00,21.3,76,6.2,990.9,0.0,0.0
2023-12-03T07:00,22.4,75,7.9,991.9,180.5,0.0
2023-12-03T08:00,24.6,68,7.1,992.7,492.0,0.0
2023-12-03T09:00,26.7,61,7.8,993.0,656.2,0.0
2023-12-03T10:00,28.6,54,8.7,992.7,748.6,0.0
2023-12-03T11:00,30.1,47,9.0,991.7,797.2,0.0
2023-12-03T12:00,31.2,43,8.4,990.3,795.3,0.0
2023-12-03T13:00,31.9,41,8.6,988.9,768.3,0.0
2023-12-03T14:00,32.2,41,8.5,988.0,744.4,0.0
2023-12-03T15:00,32.0,42,8.3,987.6,651.7,0.0
2023-12-03T16:00,30.5,49,6.1,987.5,452.0,0.0
2023-12-03T17:00,28.1,51,6.6,987.6,168.9,0.0
2023-12-03T18:00,25.8,64,6.4,988.5,0.0,0.0
2023-12-03T19:00,25.4,62,9.0,989.1,0.0,0.0
2023-12-03T20:00,25.4,62,10.0,989.8,0.0,0.0
2023-12-03T21:00,25.2,64,11.0,990.4,0.0,0.0
2023-12-03T22:00,24.7,65,11.1,990.5,0.0,0.0
2023-12-03T23:00,24.3,66,10.8,990.1,0.0,0.0
2023-12-04T00:00,23.7,68,8.7,989.7,0.0,0.0
2023-12-04T01:00,23.1,70,7.0,989.2,0.0,0.0
2023-12-04T02:00,21.9,77,7.0,988.5,0.0,0.0
2023-12-04T03:00,21.3,81,9.0,988.2,0.0,0.0
2023-12-04T04:00,21.1,82,7.9,987.9,0.0,0.0
2023-12-04T05:00,20.8,82,7.4,988.4,0.0,0.0
2023-12-04T06:00,21.1,83,7.3,989.2,0.0,0.0
2023-12-04T07:00,22.8,76,6.0,990.2,74.6,0.0
2023-12-04T08:00,24.9,68,4.6,991.1,293.5,0.0
2023-12-04T09:00,26.9,59,6.6,991.7,435.4,0.0
2023-12-04T10:00,28.5,51,7.8,991.3,458.2,0.0
2023-12-04T11:00,29.6,46,7.6,990.3,411.7,0.0
2023-12-04T12:00,30.1,45,8.1,988.8,320.7,0.0
2023-12-04T13:00,30.9,45,7.5,987.4,473.2,0.0
2023-12-04T14:00,31.5,43,7.8,986.4,488.9,0.0
2023-12-04T15:00,31.4,43,8.0,986.0,323.0,0.0
2023-12-04T16:00,30.0,51,6.2,986.3,120.9,0.1
2023-12-04T17:00,27.6,62,8.3,986.5,61.4,0.0
2023-12-04T18:00,26.9,60,10.3,987.7,0.0,0.0
2023-12-04T19:00,26.6,62,12.0,988.5,0.0,0.0
2023-12-04T20:00,26.1,65,12.6,989.0,0.0,0.0
2023-12-04T21:00,25.5,67,12.6,989.1,0.0,0.0
2023-12-04T22:00,24.9,69,12.0,988.8,0.0,0.0
2023-12-04T23:00,24.6,71,12.0,988.7,0.0,0.0
2023-12-05T00:00,24.3,73,12.0,988.6,0.0,0.4
2023-12-05T01:00,22.9,83,12.0,988.1,0.0,0.7
2023-12-05T02:00,22.5,86,12.5,986.9,0.0,0.1
2023-12-05T03:00,22.0,88,11.9,986.6,0.0,0.0
2023-12-05T04:00,21.7,90,7.6,987.1,0.0,0.0
2023-12-05T05:00,21.4,91,7.8,987.3,0.0,0.0
2023-12-05T06:00,22.7,85,11.9,988.4,0.0,0.0
2023-12-05T07:00,22.9,84,11.4,989.1,0.0,0.0
2023-12-05T08:00,24.0,79,11.5,989.9,193.9,0.0
2023-12-05T09:00,25.6,71,14.0,989.9,479.6,0.0
2023-12-05T10:00,27.4,63,14.1,989.4,658.0,0.0
2023-12-05T11:00,28.7,59,13.8,988.2,658.2,0.0
2023-12-05T12:00,29.8,54,14.2,986.8,630.5,0.0
2023-12-05T13:00,30.1,52,14.5,985.8,227.9,0.0
2023-12-05T14:00,29.7,53,14.0,985.2,51.0,0.0
2023-12-05T15:00,29.9,51,14.0,985.0,260.2,0.0
2023-12-05T16:00,29.0,55,11.3,985.4,35.0,0.0
2023-12-05T17:00,27.5,60,14.8,986.2,38.3,0.0
2023-12-05T18:00,23.1,73,12.6,987.9,0.0,0.0
2023-12-05T19:00,22.5,75,10.5,988.9,0.0,0.1
2023-12-05T20:00,22.1,76,11.6,989.2,0.0,0.0
2023-12-05T21:00,21.5,79,10.8,989.4,0.0,0.0
2023-12-05T22:00,21.2,80,11.6,989.3,0.0,0.0
2023-12-05T23:00,20.9,81,11.0,988.9,0.0,0.0
2023-12-06T00:00,20.6,82,9.8,988.9,0.0,0.0
2023-12-06T01:00,20.4,83,9.8,988.5,0.0,0.1
2023-12-06T02:00,20.5,83,10.2,987.8,0.0,0.1
2023-12-06T03:00,20.3,83,10.0,987.6,0.0,0.3
2023-12-06T04:00,19.8,90,8.9,987.4,0.0,3.3
2023-12-06T05:00,19.9,90,11.3,987.4,0.0,0.8
2023-12-06T06:00,19.9,90,12.8,988.3,0.0,0.0
2023-12-06T07:00,20.3,88,13.0,989.2,25.4,0.0
2023-12-06T08:00,21.6,83,12.4,990.0,171.4,0.0
2023-12-06T09:00,23.3,74,16.8,990.3,293.8,0.0
2023-12-06T10:00,24.8,69,14.4,989.9,402.7,0.0
2023-12-06T11:00,26.4,63,16.0,988.9,546.1,0.0
2023-12-06T12:00,25.5,66,15.3,987.9,66.6,0.0
2023-12-06T13:00,25.3,67,15.1,986.7,5.6,0.0
2023-12-06T14:00,24.7,69,15.6,986.3,14.4,0.1
2023-12-06T15:00,23.3,76,14.6,986.5,0.0,0.3
2023-12-06T16:00,22.5,81,15.6,986.7,0.0,0.3
2023-12-06T17:00,21.9,82,16.8,987.4,0.0,0.0
2023-12-06T18:00,21.6,84,13.4,988.4,0.0,0.1
2023-12-06T19:00,21.4,85,12.0,989.4,0.0,0.0
2023-12-06T20:00,21.3,86,11.0,989.8,0.0,0.1
2023-12-06T21:00,21.1,87,10.2,990.0,0.0,0.0
2023-12-06T22:00,21.1,87,9.7,990.2,0.0,0.0
2023-12-06T23:00,20.9,88,9.2,989.7,0.0,0.1
2023-12-07T00:00,20.7,88,8.0,989.2,0.0,0.1
2023-12-07T01:00,20.6,88,7.0,988.8,0.0,0.0
2023-12-07T02:00,20.5,89,5.8,988.3,0.0,0.0
2023-12-07T03:00,20.4,90,6.5,988.0,0.0,0.0
2023-12-07T04:00,20.3,90,4.7,988.0,0.0,0.0
2023-12-07T05:00,20.1,92,3.8,988.5,0.0,0.0
2023-12-07T06:00,20.7,91,5.6,989.7,0.0,0.0
2023-12-07T07:00,21.1,88,7.8,990.5,0.0,0.0
2023-12-07T08:00,22.0,84,9.2,991.2,58.8,0.0
2023-12-07T09:00,23.1,79,9.3,991.4,70.1,0.0
2023-12-07T10:00,24.3,74,9.9,991.2,260.1,0.0
2023-12-07T11:00,24.8,72,11.1,990.3,84.1,0.0
2023-12-07T12:00,25.3,69,9.9,989.4,54.4,0.0
2023-12-07T13:00,25.7,68,8.8,988.4,86.0,0.0
2023-12-07T14:00,25.9,67,8.2,987.8,127.8,0.0
2023-12-07T15:00,26.2,66,9.3,987.6,402.6,0.0
2023-12-07T16:00,25.6,68,7.9,988.0,346.0,0.0
2023-12-07T17:00,23.7,78,5.1,988.5,175.6,0.0
2023-12-07T18:00,22.4,83,3.8,989.7,0.0,0.0
2023-12-07T19:00,21.8,87,4.6,990.4,0.0,0.0
2023-12-07T20:00,21.3,89,4.6,991.0,0.0,0.0
2023-12-07T21:00,20.4,92,5.2,991.2,0.0,0.0
2023-12-07T22:00,20.6,92,4.2,991.2,0.0,0.0
2023-12-07T23:00,20.2,95,5.5,990.8,0.0,0.0
2023-12-08T00:00,19.6,96,4.5,990.3,0.0,0.0
2023-12-08T01:00,18.6,98,6.4,990.1,0.0,0.0
2023-12-08T02:00,18.7,98,4.3,989.6,0.0,0.0
2023-12-08T03:00,18.6,98,6.2,989.5,0.0,0.0
2023-12-08T04:00,18.5,98,6.8,989.5,0.0,0.0
2023-12-08T05:00,18.5,98,6.5,990.0,0.0,0.0
2023-12-08T06:00,18.6,100,6.2,990.7,0.0,0.0
2023-12-08T07:00,19.3,98,7.1,991.8,34.6,0.0
2023-12-08T08:00,21.0,90,6.5,992.7,191.7,0.0
2023-12-08T09:00,22.9,81,5.6,993.2,279.6,0.0
2023-12-08T10:00,24.3,73,4.6,992.8,315.1,0.1
2023-12-08T11:00,24.9,70,4.0,992.1,145.8,0.1
2023-12-08T12:00,25.8,66,2.5,991.0,490.9,0.2
2023-12-08T13:00,26.5,62,2.5,990.1,566.3,0.1
2023-12-08T14:00,26.7,61,3.8,989.3,544.9,0.1
2023-12-08T15:00,26.5,61,4.2,989.2,420.9,0.1
2023-12-08T16:00,25.9,64,3.4,989.4,345.5,0.0
2023-12-08T17:00,23.6,79,6.2,989.9,190.4,0.0
2023-12-08T18:00,22.0,84,5.9,990.2,0.0,0.0
2023-12-08T19:00,21.3,87,5.1,991.0,0.0,0.0
2023-12-08T20:00,20.6,90,5.2,991.3,0.0,0.0
2023-12-08T21:00,19.9,93,5.4,991.5,0.0,0.0
2023-12-08T22:00,19.2,94,6.5,992.0,0.0,0.0
2023-12-08T23:00,18.9,95,6.6,991.8,0.0,0.0
2023-12-09T00:00,18.2,96,6.1,991.8,0.0,0.0
2023-12-09T01:00,18.0,97,5.5,991.7,0.0,0.0
2023-12-09T02:00,17.5,98,5.4,991.3,0.0,0.0
2023-12-09T03:00,17.2,98,7.3,991.1,0.0,0.0
2023-12-09T04:00,17.7,97,5.7,991.4,0.0,0.0
2023-12-09T05:00,17.3,98,5.2,991.8,0.0,0.0
2023-12-09T06:00,17.9,99,4.0,993.1,0.0,0.0
2023-12-09T07:00,19.1,97,2.4,994.2,87.4,0.0
2023-12-09T08:00,20.6,91,2.8,995.0,196.8,0.0
2023-12-09T09:00,23.2,81,3.0,995.4,454.6,0.0
2023-12-09T10:00,25.4,70,5.8,994.9,693.2,0.0
2023-12-09T11:00,26.8,59,7.2,993.9,740.7,0.1
2023-12-09T12:00,27.6,54,7.0,992.6,689.8,0.0
2023-12-09T13:00,28.2,51,7.4,991.5,699.8,0.0
2023-12-09T14:00,28.2,50,7.9,990.7,596.3,0.0
2023-12-09T15:00,27.9,51,8.2,990.4,520.3,0.0
2023-12-09T16:00,26.9,55,6.9,990.0,414.5,0.0
2023-12-09T17:00,25.1,61,7.7,990.1,197.5,0.0
2023-12-09T18:00,23.7,67,6.0,990.5,0.0,0.0
2023-12-09T19:00,22.8,70,7.5,991.3,0.0,0.0
2023-12-09T20:00,22.4,68,8.8,991.8,0.0,0.0
2023-12-09T21:00,21.7,67,6.9,991.9,0.0,0.0
2023-12-09T22:00,20.5,71,5.6,992.1,0.0,0.0
2023-12-09T23:00,19.4,79,7.6,991.6,0.0,0.0
2023-12-10T00:00,19.5,77,5.2,991.3,0.0,0.0
2023-12-10T01:00,19.0,82,6.0,990.8,0.0,0.0
2023-12-10T02:00,19.0,81,6.0,990.2,0.0,0.0
2023-12-10T03:00,18.8,79,6.8,990.2,0.0,0.0
2023-12-10T04:00,17.9,84,5.0,990.3,0.0,0.0
2023-12-10T05:00,16.7,89,6.7,990.5,0.0,0.0
2023-12-10T06:00,16.9,81,6.4,991.7,0.0,0.0
2023-12-10T07:00,18.0,76,2.1,992.7,167.8,0.0
2023-12-10T08:00,20.0,66,1.3,993.7,503.1,0.0
2023-12-10T09:00,22.2,60,0.0,994.2,672.2,0.0
2023-12-10T10:00,24.5,55,1.3,994.1,761.5,0.0
2023-12-10T11:00,26.3,47,3.5,993.0,807.0,0.0
2023-12-10T12:00,27.2,44,5.2,991.9,823.6,0.0
2023-12-10T13:00,27.4,44,7.8,990.6,813.6,0.0
2023-12-10T14:00,27.3,43,8.3,989.9,775.6,0.0
2023-12-10T15:00,27.0,44,7.5,989.4,696.8,0.0
2023-12-10T16:00,26.0,52,4.9,989.4,546.3,0.0
2023-12-10T17:00,23.4,59,6.0,989.7,249.8,0.0
2023-12-10T18:00,21.5,70,7.4,989.9,0.0,0.0
2023-12-10T19:00,20.9,72,6.0,990.7,0.0,0.0
2023-12-10T20:00,20.4,68,7.4,991.5,0.0,0.0
2023-12-10T21:00,19.9,64,7.9,991.7,0.0,0.0
2023-12-10T22:00,19.4,65,7.9,992.1,0.0,0.0
2023-12-10T23:00,18.0,74,7.6,991.8,0.0,0.0
2023-12-11T00:00,18.2,72,7.2,991.4,0.0,0.0
2023-12-11T01:00,18.7,67,5.4,991.1,0.0,0.0
2023-12-11T02:00,18.2,70,3.3,990.7,0.0,0.0
2023-12-11T03:00,17.8,73,3.3,990.3,0.0,0.0
2023-12-11T04:00,17.5,74,4.4,990.3,0.0,0.0
2023-12-11T05:00,14.9,89,7.6,990.6,0.0,0.0
2023-12-11T06:00,15.2,91,7.0,991.7,0.0,0.0
2023-12-11T07:00,16.8,85,6.2,993.0,169.6,0.0
2023-12-11T08:00,19.8,75,3.1,994.0,503.6,0.0
2023-12-11T09:00,22.6,65,3.1,994.5,675.3,0.0
2023-12-11T10:00,25.1,55,3.4,994.1,765.5,0.0
2023-12-11T11:00,26.6,45,3.8,993.2,811.6,0.0
2023-12-11T12:00,27.3,42,4.7,992.2,826.2,0.0
2023-12-11T13:00,27.6,41,7.4,991.1,817.2,0.0
2023-12-11T14:00,27.5,40,8.2,990.1,779.0,0.0
2023-12-11T15:00,27.2,42,7.7,989.9,702.4,0.0
2023-12-11T16:00,26.1,48,6.4,989.8,551.3,0.0
2023-12-11T17:00,23.5,56,6.8,989.8,271.6,0.0
2023-12-11T18:00,21.6,69,7.6,990.3,0.0,0.0
2023-12-11T19:00,21.2,67,8.4,991.3,0.0,0.0
2023-12-11T20:00,20.8,62,9.5,992.0,0.0,0.0
2023-12-11T21:00,20.5,61,10.2,992.2,0.0,0.0
2023-12-11T22:00,19.7,63,7.7,992.1,0.0,0.0
2023-12-11T23:00,17.7,75,9.1,991.5,0.0,0.0
2023-12-12T00:00,19.2,65,5.1,991.2,0.0,0.0
2023-12-12T01:00,18.6,68,3.5,990.5,0.0,0.0
2023-12-12T02:00,15.7,84,7.6,989.6,0.0,0.0
2023-12-12T03:00,15.2,86,6.2,989.4,0.0,0.0
2023-12-12T04:00,14.6,90,7.2,989.3,0.0,0.0
2023-12-12T05:00,14.4,91,6.3,989.6,0.0,0.0
2023-12-12T06:00,15.3,91,5.2,990.6,0.0,0.0
2023-12-12T07:00,17.0,84,6.5,991.4,162.4,0.0
2023-12-12T08:00,20.2,74,2.5,992.5,497.0,0.0
2023-12-12T09:00,23.1,65,2.3,993.0,663.2,0.0
2023-12-12T10:00,25.5,55,4.0,992.7,752.8,0.0
2023-12-12T11:00,27.0,46,2.9,991.6,788.8,0.0
2023-12-12T12:00,27.9,43,4.2,990.4,804.0,0.0
2023-12-12T13:00,28.3,42,9.2,989.4,746.9,0.0
2023-12-12T14:00,27.9,41,9.7,988.6,687.9,0.0
2023-12-12T15:00,27.5,41,8.4,988.4,574.0,0.0
2023-12-12T16:00,26.4,47,4.2,988.5,320.5,0.0
2023-12-12T17:00,24.2,59,6.9,988.9,157.8,0.0
2023-12-12T18:00,21.9,66,8.4,989.2,0.0,0.0
2023-12-12T19:00,21.8,64,8.5,989.7,0.0,0.0
2023-12-12T20:00,20.9,66,8.2,990.3,0.0,0.0
2023-12-12T21:00,20.3,67,5.4,990.5,0.0,0.0
2023-12-12T22:00,19.3,72,6.3,990.7,0.0,0.0
2023-12-12T23:00,18.2,78,6.2,990.5,0.0,0.0
2023-12-13T00:00,17.4,81,7.4,990.2,0.0,0.0
2023-12-13T01:00,17.4,80,7.6,989.9,0.0,0.0
2023-12-13T02:00,18.1,76,6.1,989.8,0.0,0.0
2023-12-13T03:00,16.4,84,7.3,989.5,0.0,0.0
2023-12-13T04:00,16.5,82,5.4,989.7,0.0,0.0
2023-12-13T05:00,15.9,84,6.2,990.1,0.0,0.0
2023-12-13T06:00,16.6,83,4.5,991.3,0.0,0.0
2023-12-13T07:00,18.0,78,7.2,992.4,109.4,0.0
2023-12-13T08:00,21.0,69,4.7,993.6,326.7,0.0
2023-12-13T09:00,23.9,58,2.5,994.4,615.9,0.0
2023-12-13T10:00,26.1,50,3.6,994.0,743.4,0.0
2023-12-13T11:00,27.6,44,3.6,992.9,783.2,0.0
2023-12-13T12:00,28.3,41,3.6,991.6,809.1,0.0
2023-12-13T13:00,28.8,38,6.1,990.6,685.0,0.0
2023-12-13T14:00,28.9,37,7.1,989.8,543.8,0.0
2023-12-13T15:00,28.7,37,7.2,989.5,427.5,0.0
2023-12-13T16:00,27.7,43,6.2,989.5,391.6,0.0
2023-12-13T17:00,25.2,48,7.5,990.0,202.1,0.0
2023-12-13T18:00,23.8,51,7.0,990.6,0.0,0.0
2023-12-13T19:00,23.0,53,7.9,991.4,0.0,0.0
2023-12-13T20:00,22.9,57,9.7,992.3,0.0,0.0
2023-12-13T21:00,22.2,61,10.4,992.8,0.0,0.0
2023-12-13T22:00,21.9,62,10.2,993.0,0.0,0.0
2023-12-13T23:00,21.1,65,8.9,992.8,0.0,0.0
2023-12-14T00:00,20.3,67,8.1,992.4,0.0,0.0
2023-12-14T01:00,19.6,70,8.3,992.2,0.0,0.0
2023-12-14T02:00,19.0,74,7.0,991.9,0.0,0.0
2023-12-14T03:00,18.3,77,2.5,991.7,0.0,0.0
2023-12-14T04:00,16.6,86,5.3,991.7,0.0,0.0
2023-12-14T05:00,16.8,85,4.8,992.2,0.0,0.0
2023-12-14T06:00,17.2,82,4.7,993.4,0.0,0.0
2023-12-14T07:00,17.6,82,5.4,994.1,147.4,0.0
2023-12-14T08:00,20.3,70,3.6,995.2,479.4,0.0
2023-12-14T09:00,22.9,61,3.4,995.6,666.9,0.0
2023-12-14T10:00,25.3,53,3.5,995.5,758.9,0.0
2023-12-14T11:00,27.0,45,3.9,994.4,804.9,0.0
2023-12-14T12:00,27.9,41,3.4,993.4,821.1,0.0
2023-12-14T13:00,28.3,40,3.6,992.2,807.3,0.0
2023-12-14T14:00,28.5,40,5.0,991.3,777.2,0.0
2023-12-14T15:00,28.3,40,5.9,991.0,696.1,0.0
2023-12-14T16:00,27.4,44,5.4,991.0,537.2,0.0
2023-12-14T17:00,25.1,49,5.9,991.3,201.2,0.0
2023-12-14T18:00,22.6,64,7.2,991.7,0.0,0.0
2023-12-14T19:00,21.3,67,7.8,992.8,0.0,0.0
2023-12-14T20:00,21.6,61,7.4,993.6,0.0,0.0
2023-12-14T21:00,21.6,59,10.3,994.0,0.0,0.0
2023-12-14T22:00,21.1,61,10.5,994.5,0.0,0.0
2023-12-14T23:00,20.5,64,9.9,994.4,0.0,0.0
2023-12-15T00:00,19.8,66,7.9,994.1,0.0,0.0
2023-12-15T01:00,18.1,75,8.7,993.4,0.0,0.0
2023-12-15T02:00,17.6,77,8.2,993.1,0.0,0.0
2023-12-15T03:00,16.7,81,8.4,992.8,0.0,0.0
2023-12-15T04:00,16.9,79,5.5,992.9,0.0,0.0
2023-12-15T05:00,15.8,84,8.9,993.2,0.0,0.0
2023-12-15T06:00,16.0,85,7.6,994.3,0.0,0.0
2023-12-15T07:00,17.7,78,5.8,995.5,149.0,0.0
2023-12-15T08:00,20.2,69,3.4,996.4,483.2,0.0
2023-12-15T09:00,22.7,60,3.5,996.6,658.7,0.0
2023-12-15T10:00,25.0,51,5.1,996.3,752.6,0.0
2023-12-15T11:00,26.7,44,5.8,995.4,802.0,0.0
2023-12-15T12:00,27.8,40,5.4,994.0,821.9,0.0
2023-12-15T13:00,28.4,38,4.7,992.9,814.7,0.0
2023-12-15T14:00,28.6,37,4.0,991.8,778.5,0.0
2023-12-15T15:00,28.5,37,4.0,991.2,703.3,0.0
2023-12-15T16:00,27.6,48,2.5,991.2,554.1,0.0
2023-12-15T17:00,26.0,44,5.5,991.6,274.4,0.0
2023-12-15T18:00,25.2,44,3.2,992.2,0.0,0.0
2023-12-15T19:00,22.3,57,3.1,992.9,0.0,0.0
2023-12-15T20:00,20.9,63,6.2,993.4,0.0,0.0
2023-12-15T21:00,20.3,66,7.2,993.6,0.0,0.0
2023-12-15T22:00,19.6,68,6.8,994.1,0.0,0.0
2023-12-15T23:00,18.9,70,6.4,993.8,0.0,0.0
2023-12-16T00:00,18.0,74,5.9,993.5,0.0,0.0
2023-12-16T01:00,17.8,74,5.9,993.2,0.0,0.0
2023-12-16T02:00,16.9,79,6.0,992.7,0.0,0.0
2023-12-16T03:00,16.0,84,7.2,992.1,0.0,0.0
2023-12-16T04:00,15.8,84,5.8,992.0,0.0,0.0
2023-12-16T05:00,15.5,86,6.4,992.3,0.0,0.0
2023-12-16T06:00,15.4,90,7.6,993.0,0.0,0.0
2023-12-16T07:00,17.3,81,5.5,994.2,150.5,0.0
2023-12-16T08:00,20.0,70,2.9,995.2,486.9,0.0
2023-12-16T09:00,23.0,60,4.0,995.7,663.7,0.0
2023-12-16T10:00,25.7,46,8.9,995.2,756.2,0.0
2023-12-16T11:00,27.1,39,9.5,994.5,804.8,0.0
2023-12-16T12:00,27.8,36,7.9,993.4,819.9,0.0
2023-12-16T13:00,28.1,35,7.5,992.2,810.7,0.0
2023-12-16T14:00,28.0,35,7.7,991.5,771.7,0.0
2023-12-16T15:00,27.6,36,6.4,991.0,684.0,0.0
2023-12-16T16:00,26.8,41,3.3,991.3,536.6,0.0
2023-12-16T17:00,25.3,43,5.4,991.2,265.7,0.0
2023-12-16T18:00,22.7,50,7.4,991.9,0.0,0.0
2023-12-16T19:00,22.1,51,9.6,992.6,0.0,0.0
2023-12-16T20:00,21.5,52,10.3,993.1,0.0,0.0
2023-12-16T21:00,20.5,54,7.7,993.5,0.0,0.0
2023-12-16T22:00,19.5,58,7.1,993.6,0.0,0.0
2023-12-16T23:00,18.6,61,6.1,993.2,0.0,0.0
2023-12-17T00:00,17.3,69,8.8,992.7,0.0,0.0
2023-12-17T01:00,17.0,70,8.8,992.1,0.0,0.0
2023-12-17T02:00,16.7,70,8.4,991.6,0.0,0.0
2023-12-17T03:00,17.5,64,6.9,991.2,0.0,0.0
2023-12-17T04:00,17.8,61,4.5,991.5,0.0,0.0
2023-12-17T05:00,16.1,69,5.4,992.1,0.0,0.0
2023-12-17T06:00,16.3,73,7.2,993.1,0.0,0.0
2023-12-17T07:00,17.3,70,8.0,994.2,123.5,0.0
2023-12-17T08:00,20.1,61,4.5,995.2,468.2,0.0
2023-12-17T09:00,23.3,51,4.4,995.7,648.6,0.0
2023-12-17T10:00,25.8,38,7.8,995.2,742.9,0.0
2023-12-17T11:00,27.0,35,9.1,994.3,788.5,0.0
2023-12-17T12:00,27.6,34,9.6,993.1,810.9,0.0
2023-12-17T13:00,27.9,34,9.5,991.9,803.7,0.0
2023-12-17T14:00,27.9,33,9.1,991.1,766.5,0.0
2023-12-17T15:00,27.6,34,9.5,990.7,688.9,0.0
2023-12-17T16:00,26.8,36,9.1,990.8,540.8,0.0
2023-12-17T17:00,24.3,42,8.3,991.3,264.4,0.0
2023-12-17T18:00,23.1,46,10.3,992.2,0.0,0.0
2023-12-17T19:00,22.2,48,9.9,993.1,0.0,0.0
2023-12-17T20:00,21.3,52,8.5,993.6,0.0,0.0
2023-12-17T21:00,20.4,56,7.6,994.0,0.0,0.0
2023-12-17T22:00,19.6,59,6.5,994.0,0.0,0.0
2023-12-17T23:00,18.6,64,5.4,993.5,0.0,0.0
2023-12-18T00:00,18.0,69,5.8,992.9,0.0,0.0
2023-12-18T01:00,17.5,71,6.3,992.8,0.0,0.0
2023-12-18T02:00,17.9,66,8.5,992.5,0.0,0.0
2023-12-18T03:00,18.1,64,9.9,992.5,0.0,0.0
2023-12-18T04:00,17.6,67,9.3,992.8,0.0,0.0
2023-12-18T05:00,17.1,69,9.5,993.2,0.0,0.0
2023-12-18T06:00,17.3,70,10.9,994.7,0.0,0.0
2023-12-18T07:00,17.8,68,11.7,995.6,115.2,0.0
2023-12-18T08:00,19.8,62,11.0,996.4,449.0,0.0
2023-12-18T09:00,22.2,55,12.5,996.9,635.4,0.0
2023-12-18T10:00,24.4,48,13.8,996.6,734.5,0.0
2023-12-18T11:00,25.7,42,13.5,995.7,740.1,0.0
2023-12-18T12:00,26.5,40,12.6,994.4,710.7,0.0
2023-12-18T13:00,27.0,38,11.9,993.0,758.3,0.0
2023-12-18T14:00,27.0,38,11.4,992.1,698.9,0.0
2023-12-18T15:00,26.7,38,11.8,991.9,621.3,0.0
2023-12-18T16:00,25.8,38,11.3,992.2,397.1,0.0
2023-12-18T17:00,23.7,41,9.7,992.7,182.6,0.0
2023-12-18T18:00,22.5,45,10.6,993.6,0.0,0.0
2023-12-18T19:00,21.6,45,10.2,994.6,0.0,0.0
2023-12-18T20:00,20.6,44,10.2,995.4,0.0,0.0
2023-12-18T21:00,19.8,43,9.5,995.4,0.0,0.0
2023-12-18T22:00,18.9,46,9.2,995.5,0.0,0.0
2023-12-18T23:00,18.4,48,11.0,995.1,0.0,0.0
2023-12-19T00:00,17.7,49,10.6,995.0,0.0,0.0
2023-12-19T01:00,17.2,51,10.1,994.6,0.0,0.0
2023-12-19T02:00,16.5,54,8.7,993.9,0.0,0.0
2023-12-19T03:00,15.7,57,6.1,993.6,0.0,0.0
2023-12-19T04:00,14.7,62,5.9,993.6,0.0,0.0
2023-12-19T05:00,14.3,64,5.8,994.2,0.0,0.0
2023-12-19T06:00,14.4,67,5.8,995.4,0.0,0.0
2023-12-19T07:00,15.8,63,7.2,996.6,106.6,0.0
2023-12-19T08:00,17.9,57,6.4,997.6,463.6,0.0
2023-12-19T09:00,20.2,51,8.1,998.1,525.9,0.0
2023-12-19T10:00,22.4,43,9.9,998.0,428.2,0.0
2023-12-19T11:00,24.2,36,11.8,996.9,577.7,0.0
2023-12-19T12:00,25.4,33,11.3,995.5,809.2,0.0
2023-12-19T13:00,26.1,31,10.3,994.4,790.8,0.0
2023-12-19T14:00,26.2,31,10.0,993.3,752.4,0.0
2023-12-19T15:00,26.0,31,10.2,992.9,670.3,0.0
2023-12-19T16:00,25.1,32,9.1,992.9,551.8,0.0
2023-12-19T17:00,22.1,40,7.2,993.4,283.3,0.0
2023-12-19T18:00,20.9,43,8.7,994.0,0.0,0.0
2023-12-19T19:00,20.0,45,10.0,994.7,0.0,0.0
2023-12-19T20:00,19.3,46,10.0,995.3,0.0,0.0
2023-12-19T21:00,18.4,48,9.5,995.4,0.0,0.0
2023-12-19T22:00,17.7,51,9.0,995.7,0.0,0.0
2023-12-19T23:00,17.1,52,9.0,995.4,0.0,0.0
2023-12-20T00:00,16.7,53,8.5,995.0,0.0,0.0
2023-12-20T01:00,16.5,52,8.9,994.7,0.0,0.0
2023-12-20T02:00,15.7,53,8.1,994.3,0.0,0.0
2023-12-20T03:00,14.9,56,7.3,994.1,0.0,0.0
2023-12-20T04:00,14.3,59,6.6,994.0,0.0,0.0
2023-12-20T05:00,13.8,63,6.2,994.3,0.0,0.0
2023-12-20T06:00,13.5,67,5.6,995.3,0.0,0.0
2023-12-20T07:00,14.7,64,6.5,996.4,137.0,0.0
2023-12-20T08:00,17.1,57,4.8,997.4,478.3,0.0
2023-12-20T09:00,19.8,51,5.5,997.8,649.0,0.0
2023-12-20T10:00,22.4,44,6.9,997.5,720.7,0.0
2023-12-20T11:00,24.3,37,7.9,996.7,788.7,0.0
2023-12-20T12:00,25.6,34,7.1,994.9,816.5,0.0
2023-12-20T13:00,26.4,32,6.0,993.6,830.4,0.0
2023-12-20T14:00,26.8,31,5.9,992.6,783.5,0.0
2023-12-20T15:00,26.6,31,6.9,992.3,674.9,0.0
2023-12-20T16:00,25.7,33,7.0,992.2,519.0,0.0
2023-12-20T17:00,22.9,40,7.4,992.1,166.1,0.0
2023-12-20T18:00,21.7,44,7.5,992.7,0.0,0.0
2023-12-20T19:00,20.6,48,9.0,993.4,0.0,0.0
2023-12-20T20:00,19.8,50,8.8,994.2,0.0,0.0
2023-12-20T21:00,18.5,54,8.1,994.4,0.0,0.0
2023-12-20T22:00,17.6,58,7.6,994.6,0.0,0.0
2023-12-20T23:00,16.5,63,6.2,994.2,0.0,0.0
2023-12-21T00:00,15.0,73,8.5,993.6,0.0,0.0
2023-12-21T01:00,14.6,75,6.4,993.4,0.0,0.0
2023-12-21T02:00,14.1,77,6.1,993.0,0.0,0.0
2023-12-21T03:00,13.3,79,8.0,992.8,0.0,0.0
2023-12-21T04:00,13.0,75,7.6,992.7,0.0,0.0
2023-12-21T05:00,12.3,76,8.3,992.9,0.0,0.0
2023-12-21T06:00,12.4,79,7.6,994.1,0.0,0.0
2023-12-21T07:00,14.2,71,4.7,995.3,128.4,0.0
2023-12-21T08:00,17.0,60,4.1,996.3,496.9,0.0
2023-12-21T09:00,19.5,53,4.5,996.7,678.2,0.0
2023-12-21T10:00,22.2,47,4.7,996.0,759.5,0.0
2023-12-21T11:00,24.6,39,3.7,994.9,828.9,0.0
2023-12-21T12:00,26.2,34,2.1,993.2,848.5,0.0
2023-12-21T13:00,27.2,31,2.5,992.0,838.6,0.0
2023-12-21T14:00,27.7,30,4.8,991.2,797.0,0.0
2023-12-21T15:00,27.5,31,6.8,990.7,719.3,0.0
2023-12-21T16:00,26.5,33,6.3,990.7,559.3,0.0
2023-12-21T17:00,23.1,42,6.6,990.8,294.5,0.0
2023-12-21T18:00,22.1,46,7.4,991.6,0.0,0.0
2023-12-21T19:00,20.9,49,7.2,992.4,0.0,0.0
2023-12-21T20:00,19.7,53,7.2,993.1,0.0,0.0
2023-12-21T21:00,18.8,57,7.6,993.6,0.0,0.0
2023-12-21T22:00,18.1,59,7.3,993.7,0.0,0.0
2023-12-21T23:00,16.5,66,9.0,993.2,0.0,0.0
2023-12-22T00:00,16.8,64,6.0,993.0,0.0,0.0
2023-12-22T01:00,16.9,63,2.2,992.3,0.0,0.0
2023-12-22T02:00,16.2,67,0.7,992.0,0.0,0.0
2023-12-22T03:00,15.6,70,3.1,991.8,0.0,0.0
2023-12-22T04:00,13.6,79,5.1,991.6,0.0,0.0
2023-12-22T05:00,12.9,83,6.2,992.1,0.0,0.0
2023-12-22T06:00,13.0,91,6.6,993.5,0.0,0.0
2023-12-22T07:00,14.7,82,5.2,994.4,49.8,0.0
2023-12-22T08:00,17.9,65,2.2,995.0,410.9,0.0
2023-12-22T09:00,21.1,50,2.3,995.4,678.1,0.0
2023-12-22T10:00,24.0,42,4.0,995.0,776.1,0.0
2023-12-22T11:00,26.3,34,5.1,994.1,806.3,0.0
2023-12-22T12:00,27.7,28,4.5,992.8,811.3,0.0
2023-12-22T13:00,28.5,25,5.6,991.7,773.0,0.0
2023-12-22T14:00,28.8,23,7.3,990.9,676.8,0.0
2023-12-22T15:00,28.4,24,7.7,990.7,518.3,0.0
2023-12-22T16:00,27.0,30,6.0,990.8,266.3,0.0
2023-12-22T17:00,22.7,44,10.0,991.2,221.3,0.0
2023-12-22T18:00,21.6,49,8.2,991.8,0.0,0.0
2023-12-22T19:00,19.7,57,8.1,992.6,0.0,0.0
2023-12-22T20:00,18.8,59,7.5,992.8,0.0,0.0
2023-12-22T21:00,17.7,61,8.8,992.9,0.0,0.0
2023-12-22T22:00,16.8,64,8.6,993.0,0.0,0.0
2023-12-22T23:00,16.5,66,6.4,992.8,0.0,0.0
2023-12-23T00:00,15.8,74,7.6,992.3,0.0,0.0
2023-12-23T01:00,16.5,70,5.3,991.7,0.0,0.0
2023-12-23T02:00,16.8,69,1.5,991.4,0.0,0.0
2023-12-23T03:00,13.8,81,6.6,991.2,0.0,0.0
2023-12-23T04:00,14.1,78,3.2,992.0,0.0,0.0
2023-12-23T05:00,14.7,76,5.4,992.7,0.0,0.0
2023-12-23T06:00,16.7,66,7.9,993.9,0.0,0.0
2023-12-23T07:00,17.3,62,6.6,994.9,0.0,0.0
2023-12-23T08:00,19.5,54,2.4,996.0,253.5,0.0
2023-12-23T09:00,22.4,46,2.8,996.7,661.9,0.0
2023-12-23T10:00,25.3,38,4.0,996.4,724.5,0.0
2023-12-23T11:00,27.6,32,4.7,995.4,739.5,0.0
2023-12-23T12:00,29.0,27,4.8,993.9,815.5,0.0
2023-12-23T13:00,29.9,25,4.4,992.6,809.3,0.0
2023-12-23T14:00,30.2,23,3.9,991.6,767.9,0.0
2023-12-23T15:00,30.1,24,4.7,991.4,624.4,0.0
2023-12-23T16:00,28.7,34,4.2,991.4,478.9,0.0
2023-12-23T17:00,25.1,36,6.8,991.7,298.0,0.0
2023-12-23T18:00,26.5,31,1.8,992.7,0.0,0.0
2023-12-23T19:00,25.3,34,3.4,993.5,0.0,0.0
2023-12-23T20:00,23.3,40,1.4,994.1,0.0,0.0
2023-12-23T21:00,19.3,55,6.2,994.4,0.0,0.0
2023-12-23T22:00,18.1,62,7.9,994.7,0.0,0.0
2023-12-23T23:00,18.5,56,8.1,994.8,0.0,0.0
2023-12-24T00:00,18.7,55,8.4,994.7,0.0,0.0
2023-12-24T01:00,18.4,59,8.6,994.4,0.0,0.0
2023-12-24T02:00,17.3,65,7.1,994.0,0.0,0.0
2023-12-24T03:00,16.3,72,8.8,994.1,0.0,0.0
2023-12-24T04:00,16.1,72,7.6,994.4,0.0,0.0
2023-12-24T05:00,15.8,74,6.8,994.7,0.0,0.0
2023-12-24T06:00,14.8,82,7.4,995.2,0.0,0.0
2023-12-24T07:00,16.5,75,5.9,996.4,91.1,0.0
2023-12-24T08:00,19.7,65,3.8,997.6,451.1,0.0
2023-12-24T09:00,22.7,53,3.1,997.9,659.2,0.0
2023-12-24T10:00,25.3,46,1.5,997.8,763.1,0.0
2023-12-24T11:00,27.4,40,1.4,996.8,816.1,0.0
2023-12-24T12:00,28.9,36,2.5,995.4,834.8,0.0
2023-12-24T13:00,29.8,33,3.3,994.1,827.2,0.0
2023-12-24T14:00,30.1,33,4.2,993.2,785.8,0.0
2023-12-24T15:00,30.0,33,5.3,992.6,704.1,0.0
2023-12-24T16:00,29.1,36,5.1,992.6,578.5,0.0
2023-12-24T17:00,26.1,42,7.1,993.1,310.3,0.0
2023-12-24T18:00,23.6,43,6.9,993.9,0.0,0.0
2023-12-24T19:00,22.6,46,7.9,994.3,0.0,0.0
2023-12-24T20:00,21.5,49,8.6,994.7,0.0,0.0
2023-12-24T21:00,20.5,52,7.6,995.0,0.0,0.0
2023-12-24T22:00,18.4,61,9.2,995.1,0.0,0.0
2023-12-24T23:00,17.7,65,9.1,994.9,0.0,0.0
2023-12-25T00:00,17.4,66,7.2,994.5,0.0,0.0
2023-12-25T01:00,18.8,59,3.2,994.3,0.0,0.0
2023-12-25T02:00,15.9,74,4.8,993.6,0.0,0.0
2023-12-25T03:00,15.3,76,5.8,993.4,0.0,0.0
2023-12-25T04:00,14.9,80,6.0,993.6,0.0,0.0
2023-12-25T05:00,14.4,84,6.6,994.1,0.0,0.0
2023-12-25T06:00,13.9,88,6.5,995.2,0.0,0.0
2023-12-25T07:00,15.7,81,4.6,996.2,122.5,0.0
2023-12-25T08:00,19.2,69,1.5,997.1,481.2,0.0
2023-12-25T09:00,22.3,59,0.0,997.7,663.1,0.0
2023-12-25T10:00,25.2,51,0.8,997.3,760.6,0.0
2023-12-25T11:00,27.5,43,2.7,996.3,812.1,0.0
2023-12-25T12:00,29.1,37,2.9,995.0,831.9,0.0
2023-12-25T13:00,29.8,34,3.9,993.7,826.5,0.0
2023-12-25T14:00,30.1,32,5.6,992.7,794.0,0.0
2023-12-25T15:00,29.9,31,6.9,992.3,721.9,0.0
2023-12-25T16:00,28.9,34,6.2,992.3,584.6,0.0
2023-12-25T17:00,24.5,48,9.7,992.3,322.3,0.0
2023-12-25T18:00,22.8,51,8.9,992.7,0.0,0.0
2023-12-25T19:00,21.9,54,7.0,993.4,0.0,0.0
2023-12-25T20:00,21.0,57,6.5,994.0,0.0,0.0
2023-12-25T21:00,20.7,58,7.2,994.2,0.0,0.0
2023-12-25T22:00,19.4,67,7.0,994.2,0.0,0.0
2023-12-25T23:00,18.4,74,7.9,993.7,0.0,0.0
2023-12-26T00:00,18.4,74,5.2,993.1,0.0,0.0
2023-12-26T01:00,18.9,71,1.1,992.8,0.0,0.0
2023-12-26T02:00,18.3,74,1.3,992.6,0.0,0.0
2023-12-26T03:00,17.8,76,1.9,992.3,0.0,0.0
2023-12-26T04:00,15.6,88,4.5,992.4,0.0,0.0
2023-12-26T05:00,15.1,90,5.9,992.8,0.0,0.0
2023-12-26T06:00,14.8,90,6.2,994.2,0.0,0.0
2023-12-26T07:00,16.2,83,2.5,995.2,123.4,0.0
2023-12-26T08:00,19.2,71,1.8,996.4,475.9,0.0
2023-12-26T09:00,22.6,60,0.5,997.0,662.4,0.0
2023-12-26T10:00,25.5,51,0.4,996.7,759.8,0.0
2023-12-26T11:00,27.8,45,0.4,995.9,809.4,0.0
2023-12-26T12:00,29.3,40,0.8,994.7,827.4,0.0
2023-12-26T13:00,30.1,36,2.3,993.5,822.8,0.0
2023-12-26T14:00,30.4,35,4.1,992.7,789.4,0.0
2023-12-26T15:00,30.2,34,6.3,992.4,719.8,0.0
2023-12-26T16:00,29.2,35,6.6,992.5,578.5,0.0
2023-12-26T17:00,25.6,43,6.4,992.6,320.1,0.0
2023-12-26T18:00,24.1,44,6.5,992.9,0.0,0.0
2023-12-26T19:00,22.3,51,8.4,993.7,0.0,0.0
2023-12-26T20:00,21.0,58,8.9,994.2,0.0,0.0
2023-12-26T21:00,20.6,59,6.1,994.8,0.0,0.0
2023-12-26T22:00,19.7,65,7.4,994.9,0.0,0.0
2023-12-26T23:00,18.6,72,7.6,994.4,0.0,0.0
2023-12-27T00:00,18.2,75,7.2,994.1,0.0,0.0
2023-12-27T01:00,17.5,78,7.6,993.7,0.0,0.0
2023-12-27T02:00,17.2,78,7.7,993.4,0.0,0.0
2023-12-27T03:00,17.2,77,6.8,993.0,0.0,0.0
2023-12-27T04:00,15.9,83,6.4,993.3,0.0,0.0
2023-12-27T05:00,15.6,85,6.8,993.8,0.0,0.0
2023-12-27T06:00,15.0,82,7.8,995.4,0.0,0.0
2023-12-27T07:00,16.6,76,6.1,996.6,114.0,0.0
2023-12-27T08:00,20.0,64,3.7,997.8,478.3,0.0
2023-12-27T09:00,23.2,53,2.9,998.5,666.2,0.0
2023-12-27T10:00,25.8,44,4.0,998.2,764.0,0.0
2023-12-27T11:00,27.8,38,3.4,997.5,814.0,0.0
2023-12-27T12:00,29.2,35,2.3,995.8,833.9,0.0
2023-12-27T13:00,30.0,32,1.5,994.4,830.3,0.0
2023-12-27T14:00,30.2,31,2.9,993.3,797.3,0.0
2023-12-27T15:00,30.0,31,4.8,992.9,725.4,0.0
2023-12-27T16:00,29.1,34,5.5,992.7,587.2,0.0
2023-12-27T17:00,26.1,40,7.9,992.7,324.8,0.0
2023-12-27T18:00,25.0,43,7.3,992.7,0.0,0.0
2023-12-27T19:00,22.7,52,5.9,993.3,0.0,0.0
2023-12-27T20:00,21.5,59,5.9,993.8,0.0,0.0
2023-12-27T21:00,21.3,59,7.4,994.2,0.0,0.0
2023-12-27T22:00,20.6,61,6.6,994.2,0.0,0.0
2023-12-27T23:00,19.2,66,8.9,993.5,0.0,0.0
2023-12-28T00:00,19.0,68,8.1,993.1,0.0,0.0
2023-12-28T01:00,17.8,72,7.1,992.9,0.0,0.0
2023-12-28T02:00,17.4,75,7.4,992.4,0.0,0.0
2023-12-28T03:00,16.5,79,7.1,992.1,0.0,0.0
2023-12-28T04:00,15.7,83,7.1,992.2,0.0,0.0
2023-12-28T05:00,15.7,82,5.2,992.6,0.0,0.0
2023-12-28T06:00,15.9,83,5.4,993.6,0.0,0.0
2023-12-28T07:00,16.9,79,7.1,994.6,104.3,0.0
2023-12-28T08:00,20.6,66,4.0,995.9,408.6,0.0
2023-12-28T09:00,23.7,54,3.3,996.6,642.4,0.0
2023-12-28T10:00,26.0,47,4.1,996.2,735.5,0.0
2023-12-28T11:00,27.7,43,2.6,995.3,770.0,0.0
2023-12-28T12:00,29.0,38,1.6,993.7,789.3,0.0
2023-12-28T13:00,29.7,37,1.1,992.3,825.0,0.0
2023-12-28T14:00,30.1,36,0.8,991.5,790.9,0.0
2023-12-28T15:00,29.9,36,0.7,990.9,621.1,0.0
2023-12-28T16:00,29.1,56,1.0,990.9,472.3,0.0
2023-12-28T17:00,28.3,39,3.7,991.2,260.7,0.0
2023-12-28T18:00,23.7,56,8.6,991.6,0.0,0.0
2023-12-28T19:00,22.3,62,10.2,992.5,0.0,0.0
2023-12-28T20:00,21.5,64,9.2,993.0,0.0,0.0
2023-12-28T21:00,20.6,68,9.9,993.3,0.0,0.0
2023-12-28T22:00,20.3,69,8.6,993.6,0.0,0.0
2023-12-28T23:00,19.4,73,10.5,993.3,0.0,0.0
2023-12-29T00:00,19.7,70,4.6,993.3,0.0,0.0
2023-12-29T01:00,18.8,74,7.9,993.1,0.0,0.0
2023-12-29T02:00,17.8,78,6.9,992.5,0.0,0.0
2023-12-29T03:00,18.1,76,3.9,992.2,0.0,0.0
2023-12-29T04:00,17.0,82,5.8,992.4,0.0,0.0
2023-12-29T05:00,16.4,84,7.7,992.6,0.0,0.0
2023-12-29T06:00,16.6,90,7.4,993.8,0.0,0.0
2023-12-29T07:00,18.1,82,5.6,994.5,63.0,0.0
2023-12-29T08:00,21.4,71,2.7,995.8,390.5,0.0
2023-12-29T09:00,24.5,61,2.6,996.2,622.9,0.0
2023-12-29T10:00,26.7,55,2.0,995.9,717.2,0.0
2023-12-29T11:00,28.1,50,1.8,995.0,749.4,0.0
2023-12-29T12:00,29.1,47,2.4,993.6,761.1,0.0
2023-12-29T13:00,29.8,45,1.6,992.3,776.0,0.0
2023-12-29T14:00,30.1,44,1.5,991.0,729.5,0.0
2023-12-29T15:00,30.1,44,0.8,990.8,630.7,0.0
2023-12-29T16:00,29.6,45,3.4,991.1,481.2,0.0
2023-12-29T17:00,26.7,59,6.4,991.7,245.1,0.0
2023-12-29T18:00,25.9,56,7.0,991.9,0.0,0.0
2023-12-29T19:00,26.1,53,2.9,992.9,0.0,0.0
2023-12-29T20:00,25.1,56,2.3,993.5,0.0,0.0
2023-12-29T21:00,22.8,65,4.0,993.7,0.0,0.0
2023-12-29T22:00,20.8,72,5.4,993.7,0.0,0.0
2023-12-29T23:00,19.7,75,5.4,993.2,0.0,0.0
2023-12-30T00:00,18.4,79,5.0,992.8,0.0,0.0
2023-12-30T01:00,17.8,78,5.8,992.4,0.0,0.0
2023-12-30T02:00,19.0,69,1.1,992.1,0.0,0.0
2023-12-30T03:00,18.5,71,2.3,992.0,0.0,0.0
2023-12-30T04:00,18.1,73,3.8,992.0,0.0,0.0
2023-12-30T05:00,17.7,75,2.7,992.1,0.0,0.0
2023-12-30T06:00,16.9,90,3.9,993.2,0.0,0.0
2023-12-30T07:00,17.1,90,3.5,993.6,105.8,0.0
2023-12-30T08:00,20.8,75,1.8,994.6,457.0,0.0
2023-12-30T09:00,23.9,63,1.8,995.3,647.1,0.0
2023-12-30T10:00,26.3,55,1.1,995.2,743.3,0.0
2023-12-30T11:00,27.8,49,2.4,994.7,794.8,0.0
2023-12-30T12:00,28.7,45,3.5,993.4,812.8,0.0
2023-12-30T13:00,29.3,42,5.2,992.2,807.1,0.0
2023-12-30T14:00,29.5,39,7.1,991.2,768.5,0.0
2023-12-30T15:00,29.4,37,7.7,990.8,698.4,0.0
2023-12-30T16:00,28.7,39,7.0,990.8,559.5,0.0
2023-12-30T17:00,26.2,45,6.4,991.1,324.3,0.0
2023-12-30T18:00,24.2,54,5.4,991.5,0.0,0.0
2023-12-30T19:00,22.4,63,5.4,992.3,0.0,0.0
2023-12-30T20:00,21.9,64,5.8,992.7,0.0,0.0
2023-12-30T21:00,21.2,65,6.0,993.1,0.0,0.0
2023-12-30T22:00,19.8,71,6.9,993.1,0.0,0.0
2023-12-30T23:00,19.2,75,6.5,992.6,0.0,0.0
2023-12-31T00:00,19.1,75,5.5,992.3,0.0,0.0
2023-12-31T01:00,17.8,81,7.4,992.2,0.0,0.0
2023-12-31T02:00,17.7,81,5.0,991.8,0.0,0.0
2023-12-31T03:00,16.8,85,6.9,991.2,0.0,0.0
2023-12-31T04:00,16.7,85,5.6,991.4,0.0,0.0
2023-12-31T05:00,15.9,90,7.2,991.7,0.0,0.0
2023-12-31T06:00,16.0,91,5.2,992.7,0.0,0.0
2023-12-31T07:00,17.1,86,7.4,993.7,106.5,0.0
2023-12-31T08:00,20.8,72,4.8,994.6,463.0,0.0
2023-12-31T09:00,24.3,61,4.2,995.1,650.5,0.0
2023-12-31T10:00,26.7,53,3.6,994.8,754.0,0.0
2023-12-31T11:00,28.2,46,2.6,993.7,806.3,0.0
2023-12-31T12:00,29.2,43,4.7,992.3,825.8,0.0
2023-12-31T13:00,29.8,41,5.1,991.1,821.2,0.0
2023-12-31T14:00,30.1,40,5.8,990.0,785.3,0.0
2023-12-31T15:00,29.9,40,7.7,989.7,715.2,0.0
2023-12-31T16:00,29.1,40,8.4,989.7,576.1,0.0
2023-12-31T17:00,26.9,44,9.1,990.0,328.5,0.0
2023-12-31T18:00,24.1,54,7.3,990.5,0.0,0.0
2023-12-31T19:00,23.3,55,6.9,991.4,0.0,0.0
2023-12-31T20:00,22.1,60,6.7,991.8,0.0,0.0
2023-12-31T21:00,20.9,66,7.4,991.9,0.0,0.0
2023-12-31T22:00,19.7,72,8.8,992.0,0.0,0.0
2023-12-31T23:00,18.9,75,7.6,991.7,0.0,0.0
2024-01-01T00:00,18.6,74,6.9,991.6,0.0,0.0
2024-01-01T01:00,17.9,78,8.6,991.5,0.0,0.0
2024-01-01T02:00,18.0,77,6.1,991.3,0.0,0.0
2024-01-01T03:00,17.7,79,6.2,991.1,0.0,0.0
2024-01-01T04:00,16.8,85,8.2,991.3,0.0,0.0
2024-01-01T05:00,16.3,88,7.7,991.6,0.0,0.0
2024-01-01T06:00,16.2,88,6.5,992.7,0.0,0.0
2024-01-01T07:00,17.8,82,6.8,993.4,96.4,0.0
2024-01-01T08:00,21.0,70,5.3,994.6,452.7,0.0
2024-01-01T09:00,24.0,60,5.4,995.2,642.2,0.0
2024-01-01T10:00,26.6,54,5.0,995.0,745.7,0.0
2024-01-01T11:00,28.2,47,3.1,994.3,797.1,0.0
2024-01-01T12:00,29.2,41,1.1,992.8,819.4,0.0
2024-01-01T13:00,29.8,38,1.8,991.5,818.4,0.0
2024-01-01T14:00,30.0,36,3.4,990.4,787.9,0.0
2024-01-01T15:00,29.9,36,4.4,990.1,718.2,0.0
2024-01-01T16:00,29.1,38,4.6,990.1,586.8,0.0
2024-01-01T17:00,26.0,45,6.2,990.0,339.2,0.0
2024-01-01T18:00,26.0,48,6.0,990.7,0.0,0.0
2024-01-01T19:00,22.9,60,6.1,991.6,0.0,0.0
2024-01-01T20:00,22.1,67,7.9,992.1,0.0,0.0
2024-01-01T21:00,21.4,72,8.6,992.4,0.0,0.0
2024-01-01T22:00,21.8,67,7.2,992.6,0.0,0.0
2024-01-01T23:00,20.2,74,8.8,992.3,0.0,0.0
2024-01-02T00:00,20.0,75,6.9,991.9,0.0,0.0
2024-01-02T01:00,21.7,66,3.2,991.6,0.0,0.0
2024-01-02T02:00,20.5,71,5.4,990.8,0.0,0.0
2024-01-02T03:00,19.8,74,3.3,990.5,0.0,0.0
2024-01-02T04:00,18.0,83,5.8,990.6,0.0,0.0
2024-01-02T05:00,17.1,86,5.6,990.9,0.0,0.0
2024-01-02T06:00,16.9,92,5.9,992.1,0.0,0.0
2024-01-02T07:00,18.0,87,7.8,992.8,97.0,0.0
2024-01-02T08:00,20.8,74,7.5,993.9,454.5,0.0
2024-01-02T09:00,23.7,62,7.9,994.5,645.4,0.0
2024-01-02T10:00,26.1,54,7.1,994.1,745.8,0.0
2024-01-02T11:00,27.8,48,5.9,993.1,798.1,0.0
2024-01-02T12:00,29.0,42,5.9,991.6,819.8,0.0
2024-01-02T13:00,29.6,39,6.1,990.5,816.8,0.0
2024-01-02T14:00,30.0,37,5.4,989.6,787.3,0.0
2024-01-02T15:00,29.8,37,5.7,988.9,723.0,0.0
2024-01-02T16:00,29.1,38,5.5,989.1,591.5,0.0
2024-01-02T17:00,25.4,55,8.2,989.2,349.6,0.0
2024-01-02T18:00,24.5,55,7.1,990.4,0.0,0.0
2024-01-02T19:00,23.8,57,8.1,991.1,0.0,0.0
2024-01-02T20:00,23.0,61,9.5,991.7,0.0,0.0
2024-01-02T21:00,22.0,66,7.6,991.9,0.0,0.0
2024-01-02T22:00,20.3,73,7.9,991.9,0.0,0.0
2024-01-02T23:00,20.0,74,6.7,991.6,0.0,0.0
2024-01-03T00:00,18.9,80,9.5,991.4,0.0,0.0
2024-01-03T01:00,18.7,80,7.4,991.0,0.0,0.0
2024-01-03T02:00,18.3,81,7.1,990.4,0.0,0.0
2024-01-03T03:00,18.0,81,6.9,990.1,0.0,0.0
2024-01-03T04:00,18.0,81,5.1,990.1,0.0,0.0
2024-01-03T05:00,17.8,82,8.7,990.6,0.0,0.0
2024-01-03T06:00,17.5,91,10.6,991.7,0.0,0.0
2024-01-03T07:00,18.4,88,10.8,992.8,86.7,0.0
2024-01-03T08:00,20.9,80,10.2,993.7,443.8,0.0
2024-01-03T09:00,23.5,72,9.8,994.0,629.9,0.0
2024-01-03T10:00,25.9,61,10.5,993.6,739.0,0.0
2024-01-03T11:00,27.5,51,10.2,992.7,796.2,0.0
2024-01-03T12:00,28.6,45,8.8,991.2,818.7,0.0
2024-01-03T13:00,29.4,41,7.2,989.9,815.2,0.0
2024-01-03T14:00,29.7,38,6.6,989.0,774.3,0.0
2024-01-03T15:00,29.7,37,5.4,988.9,704.7,0.0
2024-01-03T16:00,29.0,39,3.2,988.7,548.0,0.0
2024-01-03T17:00,25.7,55,7.6,988.8,327.1,0.0
2024-01-03T18:00,24.7,56,6.6,989.2,0.0,0.0
2024-01-03T19:00,24.3,56,7.9,989.9,0.0,0.0
2024-01-03T20:00,22.6,64,7.8,990.2,0.0,0.0
2024-01-03T21:00,21.8,69,7.0,990.6,0.0,0.0
2024-01-03T22:00,21.0,72,9.2,991.0,0.0,0.0
2024-01-03T23:00,22.8,63,6.9,990.8,0.0,0.0
2024-01-04T00:00,20.1,74,4.5,989.9,0.0,0.0
2024-01-04T01:00,19.4,77,6.4,990.1,0.0,0.0
2024-01-04T02:00,18.4,81,6.5,989.6,0.0,0.0
2024-01-04T03:00,18.4,80,6.0,989.5,0.0,0.0
2024-01-04T04:00,18.8,76,10.0,990.1,0.0,0.0
2024-01-04T05:00,18.5,75,8.2,990.5,0.0,0.0
2024-01-04T06:00,18.8,80,11.3,991.7,0.0,0.0
2024-01-04T07:00,19.5,82,11.5,992.4,87.2,0.0
2024-01-04T08:00,21.8,76,8.0,993.2,445.3,0.0
2024-01-04T09:00,24.1,69,6.7,994.1,630.5,0.0
2024-01-04T10:00,26.1,62,6.1,994.0,730.3,0.0
2024-01-04T11:00,27.9,53,6.6,992.8,782.4,0.0
2024-01-04T12:00,29.3,46,6.3,991.4,795.7,0.0
2024-01-04T13:00,30.0,40,4.8,989.9,749.4,0.0
2024-01-04T14:00,30.1,37,4.2,989.0,645.4,0.0
2024-01-04T15:00,30.2,36,4.3,988.5,646.5,0.0
2024-01-04T16:00,29.6,37,4.7,988.5,516.3,0.0
2024-01-04T17:00,26.6,50,7.1,988.6,309.4,0.0
2024-01-04T18:00,25.0,51,6.6,989.1,0.0,0.0
2024-01-04T19:00,23.3,57,7.2,989.8,0.0,0.0
2024-01-04T20:00,22.4,60,6.8,990.5,0.0,0.0
2024-01-04T21:00,21.6,65,9.0,990.8,0.0,0.0
2024-01-04T22:00,21.6,63,6.2,990.5,0.0,0.0
2024-01-04T23:00,21.4,64,9.5,990.1,0.0,0.0
2024-01-05T00:00,20.2,70,8.3,990.2,0.0,0.0
2024-01-05T01:00,19.4,74,8.0,990.2,0.0,0.0
2024-01-05T02:00,19.1,73,6.2,989.8,0.0,0.0
2024-01-05T03:00,18.6,75,6.4,989.6,0.0,0.0
2024-01-05T04:00,18.9,71,9.8,989.7,0.0,0.0
2024-01-05T05:00,19.0,70,10.9,990.4,0.0,0.0
2024-01-05T06:00,18.4,81,9.7,991.5,0.0,0.0
2024-01-05T07:00,19.0,83,11.2,992.1,87.6,0.0
2024-01-05T08:00,21.4,76,11.5,993.2,421.8,0.0
2024-01-05T09:00,23.6,66,10.5,993.9,589.2,0.0
2024-01-05T10:00,25.7,57,8.7,993.5,685.5,0.0
2024-01-05T11:00,27.7,48,9.0,992.5,781.6,0.0
2024-01-05T12:00,29.0,42,9.0,991.3,797.2,0.0
2024-01-05T13:00,29.8,37,9.8,990.0,785.3,0.0
2024-01-05T14:00,29.8,35,8.7,989.2,595.7,0.0
2024-01-05T15:00,29.7,34,8.3,988.8,451.9,0.0
2024-01-05T16:00,29.1,36,6.2,989.2,457.1,0.0
2024-01-05T17:00,26.1,54,7.0,989.3,304.5,0.0
2024-01-05T18:00,25.0,46,8.3,989.8,0.0,0.0
2024-01-05T19:00,24.1,51,8.4,990.7,0.0,0.0
2024-01-05T20:00,23.5,53,7.2,991.3,0.0,0.0
2024-01-05T21:00,22.0,60,8.0,991.3,0.0,0.0
2024-01-05T22:00,20.8,67,10.2,991.0,0.0,0.0
2024-01-05T23:00,20.2,68,8.0,990.8,0.0,0.0
2024-01-06T00:00,19.4,73,8.9,990.8,0.0,0.0
2024-01-06T01:00,19.5,73,6.9,991.0,0.0,0.0
2024-01-06T02:00,19.3,72,3.9,991.1,0.0,0.0
2024-01-06T03:00,19.0,78,4.8,991.3,0.0,0.0
2024-01-06T04:00,19.1,77,10.0,990.8,0.0,0.1
2024-01-06T05:00,19.2,78,7.6,991.5,0.0,0.0
2024-01-06T06:00,20.0,83,8.2,991.9,0.0,0.0
2024-01-06T07:00,20.3,81,7.9,992.4,77.0,0.0
2024-01-06T08:00,22.2,73,4.8,993.9,431.3,0.0
2024-01-06T09:00,24.0,63,3.2,994.5,578.0,0.0
2024-01-06T10:00,25.8,55,2.1,994.0,731.6,0.0
2024-01-06T11:00,27.4,48,1.8,993.2,785.2,0.0
2024-01-06T12:00,28.7,42,0.5,992.0,808.2,0.0
2024-01-06T13:00,29.4,38,1.5,990.8,786.3,0.0
2024-01-06T14:00,29.9,35,1.6,989.9,747.4,0.0
2024-01-06T15:00,30.0,34,1.1,989.6,673.1,0.0
2024-01-06T16:00,29.7,35,1.4,989.7,559.1,0.0
2024-01-06T17:00,26.8,52,6.5,990.0,337.2,0.0
2024-01-06T18:00,23.9,53,6.5,991.2,0.0,0.0
2024-01-06T19:00,22.6,57,6.5,992.1,0.0,0.0
2024-01-06T20:00,21.6,60,6.3,992.3,0.0,0.0
2024-01-06T21:00,21.2,65,5.9,993.1,0.0,0.0
2024-01-06T22:00,20.3,75,5.9,993.2,0.0,0.0
2024-01-06T23:00,20.3,77,7.7,993.1,0.0,0.0
2024-01-07T00:00,19.9,78,7.8,992.8,0.0,0.0
2024-01-07T01:00,19.4,79,7.9,992.5,0.0,0.0
2024-01-07T02:00,18.9,81,6.4,991.6,0.0,0.0
2024-01-07T03:00,18.0,86,5.4,991.6,0.0,0.0
2024-01-07T04:00,17.4,89,6.6,991.5,0.0,0.0
2024-01-07T05:00,16.8,91,8.1,992.1,0.0,0.0
2024-01-07T06:00,17.5,87,7.7,993.2,0.0,0.0
2024-01-07T07:00,18.7,82,5.6,994.1,88.3,0.0
2024-01-07T08:00,20.9,72,5.0,995.2,444.8,0.0
2024-01-07T09:00,23.2,64,4.7,995.9,640.9,0.0
2024-01-07T10:00,25.4,53,3.6,995.7,745.0,0.0
2024-01-07T11:00,27.3,46,3.1,994.6,797.4,0.0
2024-01-07T12:00,28.7,41,2.6,993.2,819.0,0.0
2024-01-07T13:00,29.7,36,2.3,992.1,817.7,0.0
2024-01-07T14:00,30.3,33,3.4,990.9,786.3,0.0
2024-01-07T15:00,30.4,31,4.7,990.5,694.6,0.0
2024-01-07T16:00,29.8,32,5.1,990.4,560.8,0.0
2024-01-07T17:00,26.5,47,7.9,990.6,325.9,0.0
2024-01-07T18:00,24.4,59,8.5,990.9,0.0,0.0
2024-01-07T19:00,23.7,61,7.7,991.2,0.0,0.0
2024-01-07T20:00,23.9,59,3.3,991.8,0.0,0.0
2024-01-07T21:00,23.2,61,3.5,992.3,0.0,0.0
2024-01-07T22:00,22.2,64,7.4,993.0,0.0,0.0
2024-01-07T23:00,22.5,56,10.0,993.0,0.0,0.0
2024-01-08T00:00,21.9,58,10.3,992.7,0.0,0.0
2024-01-08T01:00,20.2,67,6.0,992.2,0.0,0.0
2024-01-08T02:00,19.8,70,6.4,991.7,0.0,0.0
2024-01-08T03:00,19.1,74,5.7,991.6,0.0,0.0
2024-01-08T04:00,18.4,79,5.9,992.4,0.0,0.0
2024-01-08T05:00,19.2,73,2.0,992.8,0.0,0.0
2024-01-08T06:00,17.7,78,4.3,993.6,0.0,0.0
2024-01-08T07:00,18.6,75,5.4,994.4,88.6,0.0
2024-01-08T08:00,21.2,68,4.2,995.3,445.7,0.0
2024-01-08T09:00,24.1,59,4.0,996.0,641.0,0.0
2024-01-08T10:00,26.6,45,3.4,995.8,747.9,0.0
2024-01-08T11:00,28.4,38,1.9,994.9,803.7,0.0
2024-01-08T12:00,29.6,35,2.1,993.4,825.7,0.0
2024-01-08T13:00,30.5,32,3.1,992.3,822.6,0.0
2024-01-08T14:00,31.0,30,3.6,991.1,792.9,0.0
2024-01-08T15:00,31.2,29,4.6,990.6,725.2,0.0
2024-01-08T16:00,30.5,31,5.1,990.6,600.6,0.0
2024-01-08T17:00,26.9,41,7.0,990.7,369.3,0.0
2024-01-08T18:00,25.5,40,7.6,991.3,0.0,0.0
2024-01-08T19:00,24.2,48,9.4,991.8,0.0,0.0
2024-01-08T20:00,25.4,42,3.6,992.4,0.0,0.0
2024-01-08T21:00,21.7,55,5.4,992.5,0.0,0.0
2024-01-08T22:00,21.4,53,7.3,992.8,0.0,0.0
2024-01-08T23:00,21.6,48,9.7,992.4,0.0,0.0
2024-01-09T00:00,21.5,48,8.0,992.5,0.0,0.0
2024-01-09T01:00,19.4,60,8.9,992.4,0.0,0.0
2024-01-09T02:00,18.7,62,8.9,991.6,0.0,0.0
2024-01-09T03:00,19.2,57,7.2,991.6,0.0,0.0
2024-01-09T04:00,18.5,58,6.5,991.6,0.0,0.0
2024-01-09T05:00,17.9,62,6.2,992.2,0.0,0.0
2024-01-09T06:00,17.7,65,6.1,993.0,0.0,0.0
2024-01-09T07:00,18.3,64,8.6,993.9,88.9,0.0
2024-01-09T08:00,21.4,55,7.1,994.7,454.7,0.0
2024-01-09T09:00,24.6,45,6.1,995.0,643.3,0.0
2024-01-09T10:00,27.1,41,6.4,994.9,745.6,0.0
2024-01-09T11:00,29.1,36,7.2,994.2,792.4,0.0
2024-01-09T12:00,30.6,30,6.5,992.6,735.9,0.0
2024-01-09T13:00,31.6,27,6.3,991.5,794.3,0.0
2024-01-09T14:00,31.8,26,6.3,990.8,703.6,0.0
2024-01-09T15:00,31.6,25,7.1,990.5,595.1,0.0
2024-01-09T16:00,30.9,28,4.9,990.6,528.7,0.0
2024-01-09T17:00,27.5,45,7.4,990.7,310.1,0.0
2024-01-09T18:00,27.1,41,5.4,992.4,0.0,0.0
2024-01-09T19:00,25.6,47,5.6,992.7,0.0,0.0
2024-01-09T20:00,25.0,47,6.8,993.1,0.0,0.0
2024-01-09T21:00,24.3,52,7.4,993.2,0.0,0.0
2024-01-09T22:00,23.2,58,4.4,993.4,0.0,0.0
2024-01-09T23:00,21.4,68,6.7,993.2,0.0,0.0
2024-01-10T00:00,21.4,68,4.3,992.8,0.0,0.0
2024-01-10T01:00,22.1,64,5.5,992.8,0.0,0.0
2024-01-10T02:00,20.7,74,5.2,992.0,0.0,0.0
2024-01-10T03:00,21.3,70,3.4,991.5,0.0,0.0
2024-01-10T04:00,21.3,69,2.9,991.3,0.0,0.0
2024-01-10T05:00,20.0,76,2.9,991.4,0.0,0.0
2024-01-10T06:00,19.3,83,4.0,992.1,0.0,0.0
2024-01-10T07:00,20.2,79,6.9,992.8,78.0,0.0
2024-01-10T08:00,23.1,68,1.0,993.8,371.8,0.0
2024-01-10T09:00,26.0,57,3.1,994.2,575.8,0.0
2024-01-10T10:00,28.3,49,4.3,994.1,674.6,0.0
2024-01-10T11:00,29.8,44,5.1,993.2,743.3,0.0
2024-01-10T12:00,30.7,40,4.8,991.7,684.2,0.0
2024-01-10T13:00,31.3,38,5.5,990.5,685.2,0.0
2024-01-10T14:00,31.5,37,5.5,989.8,680.1,0.0
2024-01-10T15:00,31.5,36,5.6,989.6,670.4,0.0
2024-01-10T16:00,30.7,37,7.1,989.8,452.4,0.0
2024-01-10T17:00,29.3,41,11.2,990.5,223.2,0.0
2024-01-10T18:00,27.7,43,7.6,991.2,0.0,0.0
2024-01-10T19:00,26.5,51,12.4,992.7,0.0,0.0
2024-01-10T20:00,25.5,58,8.8,993.1,0.0,0.0
2024-01-10T21:00,23.9,64,4.5,993.4,0.0,0.0
2024-01-10T22:00,22.7,71,4.1,993.7,0.0,0.0
2024-01-10T23:00,21.9,76,4.2,993.4,0.0,0.0
2024-01-11T00:00,20.9,83,4.9,993.1,0.0,0.0
2024-01-11T01:00,20.5,86,4.8,992.9,0.0,0.0
2024-01-11T02:00,20.4,86,4.3,992.6,0.0,0.0
2024-01-11T03:00,20.2,87,5.1,992.5,0.0,0.0
2024-01-11T04:00,19.9,88,5.5,992.4,0.0,0.0
2024-01-11T05:00,19.0,94,5.9,992.6,0.0,0.0
2024-01-11T06:00,19.9,91,5.0,993.7,0.0,0.0
2024-01-11T07:00,20.7,86,6.5,994.4,66.9,0.0
2024-01-11T08:00,22.9,76,3.0,995.4,405.5,0.0
2024-01-11T09:00,25.4,65,2.0,996.0,617.3,0.0
2024-01-11T10:00,27.8,54,3.4,995.7,716.6,0.0
2024-01-11T11:00,29.5,46,2.1,994.8,769.6,0.0
2024-01-11T12:00,30.6,40,3.1,993.3,799.1,0.0
2024-01-11T13:00,31.3,36,5.3,992.1,797.0,0.0
2024-01-11T14:00,31.5,34,6.6,991.2,769.8,0.0
2024-01-11T15:00,31.4,33,7.0,991.0,708.0,0.0
2024-01-11T16:00,30.8,33,6.5,991.0,575.0,0.0
2024-01-11T17:00,28.1,49,6.4,991.1,341.5,0.0
2024-01-11T18:00,27.1,45,6.9,990.6,18.3,0.0
2024-01-11T19:00,26.6,48,10.9,991.5,0.0,0.0
2024-01-11T20:00,25.9,51,10.2,992.3,0.0,0.0
2024-01-11T21:00,25.2,54,10.6,992.6,0.0,0.0
2024-01-11T22:00,24.5,56,10.5,992.8,0.0,0.0
2024-01-11T23:00,24.0,58,11.9,992.5,0.0,0.0
2024-01-12T00:00,23.5,61,10.0,992.0,0.0,0.0
2024-01-12T01:00,22.5,65,6.8,991.8,0.0,0.0
2024-01-12T02:00,21.7,68,5.8,991.5,0.0,0.0
2024-01-12T03:00,20.9,72,5.5,991.3,0.0,0.0
2024-01-12T04:00,20.4,75,5.1,991.5,0.0,0.0
2024-01-12T05:00,19.6,81,6.5,991.8,0.0,0.0
2024-01-12T06:00,20.0,84,5.1,992.9,0.0,0.0
2024-01-12T07:00,20.9,80,6.6,994.0,78.2,0.0
2024-01-12T08:00,23.3,70,4.4,994.8,338.8,0.0
2024-01-12T09:00,25.6,61,2.9,995.1,507.8,0.0
2024-01-12T10:00,28.2,52,4.7,994.7,710.6,0.0
2024-01-12T11:00,30.2,45,5.1,993.9,762.5,0.0
2024-01-12T12:00,31.3,40,3.6,992.6,705.6,0.0
2024-01-12T13:00,31.9,38,0.8,991.4,531.2,0.0
2024-01-12T14:00,32.1,36,3.1,990.8,473.8,0.0
2024-01-12T15:00,32.0,36,5.1,990.4,506.0,0.0
2024-01-12T16:00,31.4,37,6.0,990.4,297.5,0.0
2024-01-12T17:00,29.0,52,6.0,990.4,239.6,0.0
2024-01-12T18:00,28.1,47,7.9,990.6,0.0,0.0
2024-01-12T19:00,27.4,49,6.6,991.4,0.0,0.0
2024-01-12T20:00,26.5,52,8.9,991.8,0.0,0.0
2024-01-12T21:00,26.0,55,8.4,992.5,0.0,0.0
2024-01-12T22:00,25.4,58,8.9,992.7,0.0,0.0
2024-01-12T23:00,24.7,60,9.0,992.4,0.0,0.0
2024-01-13T00:00,23.4,65,5.8,992.1,0.0,0.0
2024-01-13T01:00,22.9,68,4.2,991.8,0.0,0.0
2024-01-13T02:00,21.1,78,3.4,991.2,0.0,0.0
2024-01-13T03:00,20.8,78,4.2,991.3,0.0,0.0
2024-01-13T04:00,20.2,81,5.4,991.5,0.0,0.0
2024-01-13T05:00,20.3,78,6.4,992.1,0.0,0.0
2024-01-13T06:00,20.2,79,7.1,993.0,0.0,0.0
2024-01-13T07:00,20.4,77,7.7,993.9,78.3,0.0
2024-01-13T08:00,23.0,65,6.0,995.0,439.1,0.0
2024-01-13T09:00,25.9,54,5.0,995.3,632.4,0.0
2024-01-13T10:00,28.3,46,5.1,994.8,740.2,0.0
2024-01-13T11:00,30.0,41,3.1,994.0,797.1,0.0
2024-01-13T12:00,31.1,37,0.7,992.7,822.4,0.0
2024-01-13T13:00,31.9,34,2.6,991.5,822.5,0.0
2024-01-13T14:00,32.2,33,5.6,990.7,794.5,0.0
2024-01-13T15:00,32.1,32,6.1,990.2,732.7,0.0
2024-01-13T16:00,31.5,33,6.4,990.2,609.4,0.0
2024-01-13T17:00,28.6,43,5.9,990.3,382.4,0.0
2024-01-13T18:00,26.9,46,6.8,990.7,17.5,0.0
2024-01-13T19:00,26.2,47,8.3,991.7,0.0,0.0
2024-01-13T20:00,25.7,50,8.1,992.2,0.0,0.0
2024-01-13T21:00,23.8,60,9.0,992.5,0.0,0.0
2024-01-13T22:00,25.1,53,3.7,992.7,0.0,0.0
2024-01-13T23:00,22.4,65,4.9,992.0,0.0,0.0
2024-01-14T00:00,23.7,57,4.2,991.4,0.0,0.0
2024-01-14T01:00,23.5,58,3.2,990.9,0.0,0.0
2024-01-14T02:00,21.0,69,4.6,990.5,0.0,0.0
2024-01-14T03:00,21.0,69,7.0,990.2,0.0,0.0
2024-01-14T04:00,20.3,74,5.6,990.5,0.0,0.0
2024-01-14T05:00,19.1,81,5.6,991.1,0.0,0.0
2024-01-14T06:00,20.0,80,1.6,992.4,0.0,0.0
2024-01-14T07:00,20.4,78,1.6,992.8,89.5,0.0
2024-01-14T08:00,23.3,67,1.5,993.7,447.3,0.0
2024-01-14T09:00,26.1,57,2.5,994.3,645.6,0.0
2024-01-14T10:00,28.5,50,3.3,993.9,749.3,0.0
2024-01-14T11:00,30.3,43,3.1,993.1,804.2,0.0
2024-01-14T12:00,31.5,35,5.4,991.9,827.1,0.0
2024-01-14T13:00,32.2,31,7.0,990.8,826.9,0.0
2024-01-14T14:00,32.4,31,7.0,989.6,799.1,0.0
2024-01-14T15:00,32.4,29,7.9,989.1,736.6,0.0
2024-01-14T16:00,31.6,30,11.6,989.2,615.7,0.0
2024-01-14T17:00,29.7,33,9.1,989.5,366.0,0.0
2024-01-14T18:00,28.9,38,9.4,989.9,0.0,0.0
2024-01-14T19:00,27.9,42,10.6,990.6,0.0,0.0
2024-01-14T20:00,26.3,47,8.0,991.3,0.0,0.0
2024-01-14T21:00,24.9,53,6.8,991.8,0.0,0.0
2024-01-14T22:00,23.4,63,7.9,991.8,0.0,0.0
2024-01-14T23:00,22.2,66,6.0,991.5,0.0,0.0
2024-01-15T00:00,21.4,70,7.9,991.1,0.0,0.0
2024-01-15T01:00,22.1,66,6.4,990.4,0.0,0.0
2024-01-15T02:00,21.5,70,8.5,990.2,0.0,0.0
2024-01-15T03:00,20.9,74,8.4,989.9,0.0,0.0
2024-01-15T04:00,20.3,77,7.7,990.2,0.0,0.0
2024-01-15T05:00,19.7,80,6.6,990.7,0.0,0.0
2024-01-15T06:00,19.9,83,6.4,991.6,0.0,0.0
2024-01-15T07:00,20.2,81,7.1,992.2,78.3,0.0
2024-01-15T08:00,22.4,70,6.1,993.0,438.6,0.0
2024-01-15T09:00,24.6,58,6.5,993.7,640.0,0.0
2024-01-15T10:00,27.0,50,5.5,993.4,746.2,0.0
2024-01-15T11:00,28.8,44,4.1,992.3,802.5,0.0
2024-01-15T12:00,30.0,39,4.5,991.0,826.4,0.0
2024-01-15T13:00,30.8,35,6.8,989.7,824.5,0.0
2024-01-15T14:00,31.0,34,8.3,988.7,797.6,0.0
2024-01-15T15:00,30.9,34,9.0,988.4,738.5,0.0
2024-01-15T16:00,30.4,36,7.2,988.6,614.1,0.0
2024-01-15T17:00,28.0,53,6.1,988.7,388.1,0.0
2024-01-15T18:00,27.3,49,5.0,988.8,16.8,0.0
2024-01-15T19:00,25.6,55,5.4,989.5,0.0,0.0
2024-01-15T20:00,24.6,55,6.9,990.2,0.0,0.0
2024-01-15T21:00,24.3,53,9.8,990.8,0.0,0.0
2024-01-15T22:00,23.3,54,8.5,990.7,0.0,0.0
2024-01-15T23:00,21.1,63,7.3,990.0,0.0,0.0
2024-01-16T00:00,21.7,60,3.8,989.7,0.0,0.0
2024-01-16T01:00,21.2,62,1.5,989.1,0.0,0.0
2024-01-16T02:00,19.1,73,4.0,988.3,0.0,0.0
2024-01-16T03:00,18.8,74,7.6,988.3,0.0,0.0
2024-01-16T04:00,18.4,77,7.7,988.6,0.0,0.0
2024-01-16T05:00,17.9,74,6.9,989.3,0.0,0.0
2024-01-16T06:00,18.2,77,6.9,990.3,0.0,0.0
2024-01-16T07:00,18.5,74,6.9,991.0,89.4,0.0
2024-01-16T08:00,20.8,64,3.7,992.0,450.6,0.0
2024-01-16T09:00,23.8,54,2.3,992.4,648.2,0.0
2024-01-16T10:00,26.3,49,3.1,992.2,751.6,0.0
2024-01-16T11:00,28.2,45,4.0,991.2,807.8,0.0
2024-01-16T12:00,29.6,42,5.6,989.9,829.5,0.0
2024-01-16T13:00,30.5,37,6.6,988.5,828.6,0.0
2024-01-16T14:00,30.9,35,6.4,987.5,805.0,0.0
2024-01-16T15:00,30.9,34,6.1,987.2,743.9,0.0
2024-01-16T16:00,30.3,35,6.2,986.8,620.1,0.0
2024-01-16T17:00,27.6,49,6.4,987.0,382.7,0.0
2024-01-16T18:00,26.6,50,5.4,987.3,16.4,0.0
2024-01-16T19:00,25.6,53,5.1,987.9,0.0,0.0
2024-01-16T20:00,24.0,61,6.9,988.6,0.0,0.0
2024-01-16T21:00,24.1,58,6.2,989.1,0.0,0.0
2024-01-16T22:00,22.7,64,8.7,989.0,0.0,0.0
2024-01-16T23:00,22.7,64,6.1,988.7,0.0,0.0
2024-01-17T00:00,21.4,71,6.0,988.0,0.0,0.0
2024-01-17T01:00,20.6,75,7.2,987.3,0.0,0.0
2024-01-17T02:00,20.5,75,9.0,986.6,0.0,0.0
2024-01-17T03:00,20.4,73,6.8,986.5,0.0,0.0
2024-01-17T04:00,20.6,73,7.7,986.8,0.0,0.0
2024-01-17T05:00,20.6,73,7.9,987.3,0.0,0.0
2024-01-17T06:00,21.2,78,10.2,988.6,0.0,0.0
2024-01-17T07:00,21.7,78,12.2,989.2,66.9,0.0
2024-01-17T08:00,24.0,72,12.5,990.3,424.9,0.0
2024-01-17T09:00,26.1,65,14.6,990.4,617.1,0.0
2024-01-17T10:00,28.2,56,13.8,990.5,719.5,0.0
2024-01-17T11:00,29.6,48,14.1,989.6,708.6,0.0
2024-01-17T12:00,30.5,43,10.9,988.5,646.1,0.0
2024-01-17T13:00,31.6,39,10.6,987.3,686.1,0.0
2024-01-17T14:00,31.5,38,10.0,986.5,629.1,0.0
2024-01-17T15:00,31.5,37,7.9,986.2,589.3,0.1
2024-01-17T16:00,31.4,36,7.9,986.1,505.4,0.0
2024-01-17T17:00,29.2,47,5.7,986.4,292.3,0.0
2024-01-17T18:00,26.5,53,7.6,987.3,16.0,0.0
2024-01-17T19:00,26.8,49,8.1,988.2,0.0,0.0
2024-01-17T20:00,26.7,50,14.2,989.0,0.0,0.0
2024-01-17T21:00,26.0,54,14.8,989.5,0.0,0.0
2024-01-17T22:00,25.3,57,12.6,989.7,0.0,0.0
2024-01-17T23:00,24.7,59,9.7,989.4,0.0,0.0
2024-01-18T00:00,24.0,61,8.0,989.0,0.0,0.0
2024-01-18T01:00,23.0,67,8.4,988.5,0.0,0.0
2024-01-18T02:00,24.3,59,4.3,988.2,0.0,0.0
2024-01-18T03:00,22.6,66,4.8,987.9,0.0,0.0
2024-01-18T04:00,22.3,67,10.3,988.2,0.0,0.0
2024-01-18T05:00,22.0,68,10.7,988.6,0.0,0.0
2024-01-18T06:00,22.5,68,11.6,989.4,0.0,0.0
2024-01-18T07:00,22.3,69,11.6,990.3,78.0,0.0
2024-01-18T08:00,23.9,64,3.9,991.9,249.5,0.0
2024-01-18T09:00,25.2,58,3.2,992.0,68.9,0.0
2024-01-18T10:00,27.1,52,5.5,992.1,479.7,0.0
2024-01-18T11:00,29.0,45,10.1,991.1,679.7,0.0
2024-01-18T12:00,29.2,43,12.2,990.0,445.0,0.0
2024-01-18T13:00,29.6,42,13.0,988.9,528.3,0.1
2024-01-18T14:00,30.2,39,11.0,988.1,509.0,0.2
2024-01-18T15:00,30.5,38,9.2,987.5,513.1,0.1
2024-01-18T16:00,30.7,36,8.4,987.6,501.8,0.0
2024-01-18T17:00,28.4,53,7.3,987.6,298.6,0.0
2024-01-18T18:00,26.7,48,6.4,988.2,15.7,0.0
2024-01-18T19:00,25.8,51,6.7,988.8,0.0,0.0
2024-01-18T20:00,25.3,53,7.4,989.6,0.0,0.0
2024-01-18T21:00,26.1,50,11.2,990.0,0.0,0.0
2024-01-18T22:00,24.4,60,3.9,990.6,0.0,0.0
2024-01-18T23:00,24.7,57,10.9,990.7,0.0,0.0
2024-01-19T00:00,23.9,61,11.7,990.0,0.0,0.0
2024-01-19T01:00,22.5,66,8.1,989.6,0.0,0.0
2024-01-19T02:00,21.8,70,8.1,989.1,0.0,0.0
2024-01-19T03:00,21.4,72,9.8,989.4,0.0,0.0
2024-01-19T04:00,21.2,74,11.5,989.8,0.0,0.0
2024-01-19T05:00,20.8,76,11.4,990.3,0.0,0.0
2024-01-19T06:00,21.2,76,8.4,991.4,0.0,0.0
2024-01-19T07:00,21.2,72,7.4,992.6,44.5,0.0
2024-01-19T08:00,22.4,65,7.4,993.6,207.5,0.0
2024-01-19T09:00,24.7,60,8.4,993.9,538.9,0.0
2024-01-19T10:00,26.8,57,8.3,993.7,728.0,0.0
2024-01-19T11:00,28.2,53,4.7,992.3,723.5,0.0
2024-01-19T12:00,29.1,47,2.2,991.0,715.2,0.1
2024-01-19T13:00,30.0,42,2.3,989.5,678.9,0.0
2024-01-19T14:00,30.5,39,5.6,988.7,647.6,0.0
2024-01-19T15:00,30.4,39,6.0,988.4,578.1,0.0
2024-01-19T16:00,30.0,39,5.5,988.4,490.7,0.0
2024-01-19T17:00,28.1,61,4.3,988.9,310.0,0.0
2024-01-19T18:00,26.8,50,9.0,989.5,15.4,0.0
2024-01-19T19:00,25.6,56,6.5,990.5,0.0,0.0
2024-01-19T20:00,24.2,63,5.0,990.8,0.0,0.0
2024-01-19T21:00,23.7,64,9.2,990.8,0.0,0.0
2024-01-19T22:00,23.2,67,8.3,991.2,0.0,0.0
2024-01-19T23:00,23.3,68,9.3,990.8,0.0,0.0
2024-01-20T00:00,23.1,71,9.2,990.5,0.0,0.0
2024-01-20T01:00,22.5,74,8.6,990.3,0.0,0.0
2024-01-20T02:00,21.4,79,5.9,989.9,0.0,0.0
2024-01-20T03:00,21.0,81,10.1,989.3,0.0,0.0
2024-01-20T04:00,20.5,83,10.9,988.8,0.0,0.0
2024-01-20T05:00,20.2,85,8.7,989.7,0.0,0.0
2024-01-20T06:00,20.3,86,6.5,991.4,0.0,0.0
2024-01-20T07:00,20.9,83,6.7,992.8,44.3,0.0
2024-01-20T08:00,22.6,75,10.2,993.4,99.3,0.0
2024-01-20T09:00,24.8,65,10.7,993.6,290.5,0.0
2024-01-20T10:00,25.5,63,5.2,994.0,107.6,0.0
2024-01-20T11:00,26.5,60,2.5,993.0,98.0,0.0
2024-01-20T12:00,28.7,52,6.9,991.6,472.8,0.0
2024-01-20T13:00,29.5,46,12.1,990.8,616.6,0.1
2024-01-20T14:00,29.9,44,12.0,989.7,553.0,0.1
2024-01-20T15:00,30.2,41,13.1,989.3,451.3,0.0
2024-01-20T16:00,30.0,41,9.8,989.1,452.0,0.1
2024-01-20T17:00,28.5,50,4.5,989.4,244.6,0.0
2024-01-20T18:00,27.0,50,12.2,989.9,15.1,0.0
2024-01-20T19:00,26.0,56,11.6,990.5,0.0,0.0
2024-01-20T20:00,25.4,57,11.8,990.9,0.0,0.0
2024-01-20T21:00,24.8,58,9.7,991.0,0.0,0.0
2024-01-20T22:00,24.7,57,8.7,991.4,0.0,0.0
2024-01-20T23:00,24.7,57,5.2,991.2,0.0,0.0
2024-01-21T00:00,23.5,62,8.1,991.0,0.0,0.0
2024-01-21T01:00,22.6,67,4.7,990.3,0.0,0.0
2024-01-21T02:00,22.2,69,8.1,989.8,0.0,0.0
2024-01-21T03:00,21.6,73,9.7,989.9,0.0,0.0
2024-01-21T04:00,21.0,77,9.7,990.1,0.0,0.0
2024-01-21T05:00,20.5,81,6.1,990.9,0.0,0.0
2024-01-21T06:00,20.5,83,5.1,991.9,0.0,0.0
2024-01-21T07:00,20.9,84,6.8,993.0,44.2,0.0
2024-01-21T08:00,22.3,78,7.8,994.0,251.8,0.0
2024-01-21T09:00,24.1,70,8.6,994.2,426.7,0.0
2024-01-21T10:00,26.1,61,5.6,993.8,620.4,0.0
2024-01-21T11:00,27.8,54,2.3,992.9,652.9,0.0
2024-01-21T12:00,29.2,48,2.5,991.4,735.9,0.0
2024-01-21T13:00,29.8,45,6.6,990.4,587.9,0.0
2024-01-21T14:00,30.0,44,6.0,989.4,608.9,0.0
2024-01-21T15:00,30.6,42,7.7,989.0,670.9,0.0
2024-01-21T16:00,30.0,43,8.0,989.2,446.3,0.0
2024-01-21T17:00,28.8,45,6.6,989.7,321.6,0.0
2024-01-21T18:00,25.3,64,4.8,990.8,29.5,0.0
2024-01-21T19:00,24.8,67,6.1,991.7,0.0,0.0
2024-01-21T20:00,24.2,69,6.9,992.2,0.0,0.0
2024-01-21T21:00,23.6,71,7.9,992.4,0.0,0.0
2024-01-21T22:00,23.0,73,6.0,992.5,0.0,0.0
2024-01-21T23:00,22.1,77,4.7,992.4,0.0,0.0
2024-01-22T00:00,21.9,78,5.5,992.2,0.0,0.0
2024-01-22T01:00,21.8,80,2.3,992.2,0.0,0.0
2024-01-22T02:00,21.6,80,10.1,992.0,0.0,0.0
2024-01-22T03:00,21.5,78,8.9,991.6,0.0,0.0
2024-01-22T04:00,20.4,77,10.2,991.6,0.0,0.0
2024-01-22T05:00,19.7,70,8.0,991.9,0.0,0.0
2024-01-22T06:00,20.3,91,4.4,992.7,0.0,0.0
2024-01-22T07:00,20.4,84,7.0,993.6,66.1,0.0
2024-01-22T08:00,22.0,70,6.7,994.5,362.0,0.0
2024-01-22T09:00,24.3,63,6.2,995.1,530.2,0.0
2024-01-22T10:00,26.4,60,4.7,995.0,677.2,0.0
2024-01-22T11:00,28.2,55,2.7,993.8,682.1,0.2
2024-01-22T12:00,28.3,53,6.1,992.5,296.6,0.1
2024-01-22T13:00,29.1,51,8.8,991.3,534.3,0.1
2024-01-22T14:00,29.7,48,9.0,990.6,612.2,0.1
2024-01-22T15:00,29.3,48,9.1,990.5,508.0,0.1
2024-01-22T16:00,28.6,52,6.3,990.5,272.3,0.0
2024-01-22T17:00,28.0,62,1.6,990.8,223.1,0.0
2024-01-22T18:00,24.9,76,9.5,991.2,14.5,0.0
2024-01-22T19:00,24.3,76,8.2,991.6,0.0,0.0
2024-01-22T20:00,23.7,79,5.9,992.3,0.0,0.0
2024-01-22T21:00,23.2,82,7.3,992.7,0.0,0.0
2024-01-22T22:00,22.8,83,8.5,992.8,0.0,0.0
2024-01-22T23:00,22.7,81,9.7,992.3,0.0,0.0
2024-01-23T00:00,22.7,80,8.1,991.7,0.0,0.0
2024-01-23T01:00,21.8,85,14.5,991.9,0.0,0.1
2024-01-23T02:00,21.3,89,11.4,991.1,0.0,0.0
2024-01-23T03:00,20.9,91,8.7,990.9,0.0,0.0
2024-01-23T04:00,20.6,92,7.4,990.9,0.0,0.0
2024-01-23T05:00,20.4,94,3.7,991.3,0.0,0.0
2024-01-23T06:00,22.0,88,7.1,991.3,0.0,0.0
2024-01-23T07:00,22.8,86,8.9,992.0,43.9,0.0
2024-01-23T08:00,24.6,79,10.4,993.1,254.2,0.0
2024-01-23T09:00,25.9,74,8.6,993.3,406.1,0.3
2024-01-23T10:00,27.1,68,7.7,993.0,495.2,0.2
2024-01-23T11:00,26.8,69,12.0,992.4,478.7,0.4
2024-01-23T12:00,27.4,64,11.0,991.3,388.5,0.1
2024-01-23T13:00,27.0,64,13.4,990.0,378.2,0.2
2024-01-23T14:00,27.9,58,10.8,989.1,374.7,0.1
2024-01-23T15:00,28.6,54,11.1,988.8,562.9,0.4
2024-01-23T16:00,28.0,54,10.2,988.8,388.3,0.0
2024-01-23T17:00,27.8,54,9.6,989.1,269.0,0.0
2024-01-23T18:00,25.3,72,6.9,989.6,14.2,0.0
2024-01-23T19:00,23.7,80,14.2,990.5,0.0,0.0
2024-01-23T20:00,23.0,81,7.1,991.3,0.0,0.0
2024-01-23T21:00,22.5,86,9.2,991.4,0.0,0.1
2024-01-23T22:00,21.9,88,9.7,991.8,0.0,0.0
2024-01-23T23:00,21.2,89,9.0,991.4,0.0,0.0
2024-01-24T00:00,20.8,90,5.0,991.4,0.0,0.0
2024-01-24T01:00,20.4,93,3.9,991.3,0.0,0.0
2024-01-24T02:00,20.4,93,2.3,991.1,0.0,0.0
2024-01-24T03:00,20.3,93,7.9,991.0,0.0,0.0
2024-01-24T04:00,19.6,97,7.9,991.1,0.0,0.0
2024-01-24T05:00,19.7,93,8.7,991.7,0.0,0.0
2024-01-24T06:00,20.8,94,10.1,992.3,0.0,0.2
2024-01-24T07:00,20.7,91,12.0,993.2,0.0,0.0
2024-01-24T08:00,20.9,86,9.4,994.3,69.4,0.0
2024-01-24T09:00,22.2,77,7.6,994.8,196.8,0.0
2024-01-24T10:00,24.1,66,6.6,995.0,475.4,0.0
2024-01-24T11:00,25.9,56,7.0,994.1,572.7,0.0
2024-01-24T12:00,27.3,46,7.9,992.8,754.9,0.0
2024-01-24T13:00,28.2,40,9.4,991.5,816.6,0.0
2024-01-24T14:00,28.7,35,10.5,990.3,793.6,0.0
2024-01-24T15:00,28.6,34,11.3,989.9,743.7,0.0
2024-01-24T16:00,27.7,34,13.2,990.0,629.6,0.0
2024-01-24T17:00,26.3,36,9.9,990.4,415.0,0.0
2024-01-24T18:00,24.1,42,8.6,991.0,41.8,0.0
2024-01-24T19:00,23.1,45,12.1,992.1,0.0,0.0
2024-01-24T20:00,22.3,44,11.3,992.8,0.0,0.0
2024-01-24T21:00,21.4,43,10.6,993.3,0.0,0.0
2024-01-24T22:00,20.4,46,10.2,993.5,0.0,0.0
2024-01-24T23:00,19.1,54,6.4,993.1,0.0,0.0
2024-01-25T00:00,17.5,62,4.9,993.2,0.0,0.0
2024-01-25T01:00,17.1,62,5.6,993.3,0.0,0.0
2024-01-25T02:00,16.4,62,6.3,992.9,0.0,0.0
2024-01-25T03:00,15.5,56,5.4,992.7,0.0,0.0
2024-01-25T04:00,14.5,53,5.8,992.8,0.0,0.0
2024-01-25T05:00,13.6,54,7.1,993.3,0.0,0.0
2024-01-25T06:00,14.7,58,4.8,994.4,0.0,0.0
2024-01-25T07:00,15.4,54,7.3,995.4,97.8,0.0
2024-01-25T08:00,17.7,53,5.1,996.7,455.6,0.0
2024-01-25T09:00,20.2,64,5.6,997.5,306.6,0.0
2024-01-25T10:00,22.6,61,4.8,997.5,553.5,0.0
2024-01-25T11:00,25.1,50,4.3,996.7,786.4,0.0
2024-01-25T12:00,27.0,36,4.2,995.3,843.3,0.0
2024-01-25T13:00,28.1,30,5.4,994.0,845.0,0.0
2024-01-25T14:00,28.5,27,7.2,993.1,821.7,0.0
2024-01-25T15:00,28.4,25,8.0,992.7,765.8,0.0
2024-01-25T16:00,27.7,25,8.2,992.8,654.2,0.0
2024-01-25T17:00,25.3,34,5.5,992.9,433.4,0.0
2024-01-25T18:00,22.9,36,6.8,992.8,41.0,0.0
2024-01-25T19:00,22.2,37,10.0,993.7,0.0,0.0
2024-01-25T20:00,21.4,36,10.8,994.7,0.0,0.0
2024-01-25T21:00,20.5,38,11.6,995.1,0.0,0.0
2024-01-25T22:00,19.8,46,11.2,995.2,0.0,0.0
2024-01-25T23:00,19.0,53,9.2,995.2,0.0,0.0
2024-01-26T00:00,18.1,59,7.4,994.8,0.0,0.0
2024-01-26T01:00,16.5,67,9.0,994.6,0.0,0.0
2024-01-26T02:00,16.0,70,8.7,994.0,0.0,0.0
2024-01-26T03:00,15.5,72,8.7,993.9,0.0,0.0
2024-01-26T04:00,14.9,74,8.2,993.9,0.0,0.0
2024-01-26T05:00,14.7,74,7.1,994.2,0.0,0.0
2024-01-26T06:00,15.2,80,5.4,994.9,0.0,0.0
2024-01-26T07:00,16.0,77,5.9,996.2,86.5,0.0
2024-01-26T08:00,18.8,66,2.1,997.6,465.7,0.0
2024-01-26T09:00,21.6,56,2.6,998.5,662.9,0.0
2024-01-26T10:00,24.5,49,4.0,998.5,763.2,0.0
2024-01-26T11:00,26.9,40,4.7,997.7,817.4,0.0
2024-01-26T12:00,28.4,34,2.6,996.2,841.8,0.0
2024-01-26T13:00,29.3,30,2.7,994.9,834.0,0.0
2024-01-26T14:00,29.8,28,6.1,993.8,813.9,0.0
2024-01-26T15:00,29.7,27,7.6,993.4,755.0,0.0
2024-01-26T16:00,29.1,26,8.3,993.6,640.0,0.0
2024-01-26T17:00,26.9,31,6.2,994.0,427.8,0.0
2024-01-26T18:00,24.6,37,6.9,994.1,40.3,0.0
2024-01-26T19:00,23.4,40,10.4,995.0,0.0,0.0
2024-01-26T20:00,22.8,38,10.9,995.9,0.0,0.0
2024-01-26T21:00,21.5,40,12.0,996.0,0.0,0.0
2024-01-26T22:00,20.5,41,10.6,996.3,0.0,0.0
2024-01-26T23:00,19.0,44,6.4,996.1,0.0,0.0
2024-01-27T00:00,17.5,50,9.0,995.9,0.0,0.0
2024-01-27T01:00,16.5,53,9.0,995.6,0.0,0.0
2024-01-27T02:00,15.7,56,8.4,995.0,0.0,0.0
2024-01-27T03:00,15.7,56,6.3,994.5,0.0,0.0
2024-01-27T04:00,14.5,66,7.0,994.3,0.0,0.0
2024-01-27T05:00,14.2,69,4.9,994.5,0.0,0.0
2024-01-27T06:00,14.9,78,7.3,996.1,0.0,0.0
2024-01-27T07:00,15.4,76,7.4,996.8,86.0,0.0
2024-01-27T08:00,18.1,64,3.4,997.8,459.5,0.0
2024-01-27T09:00,21.9,49,4.4,999.0,676.2,0.0
2024-01-27T10:00,25.5,38,4.2,998.9,780.5,0.0
2024-01-27T11:00,27.8,28,3.3,997.8,839.7,0.0
2024-01-27T12:00,29.1,24,2.5,996.2,866.0,0.0
2024-01-27T13:00,29.9,22,4.0,994.9,864.7,0.0
2024-01-27T14:00,30.2,20,5.7,993.8,838.8,0.0
2024-01-27T15:00,30.1,20,7.4,993.2,778.4,0.0
2024-01-27T16:00,29.3,20,9.3,993.0,666.6,0.0
2024-01-27T17:00,26.4,29,5.8,993.3,441.0,0.0
2024-01-27T18:00,23.9,32,8.1,993.4,52.8,0.0
2024-01-27T19:00,23.0,33,10.7,994.3,0.0,0.0
2024-01-27T20:00,21.6,36,9.4,995.0,0.0,0.0
2024-01-27T21:00,20.5,39,9.5,995.5,0.0,0.0
2024-01-27T22:00,19.8,40,9.5,995.7,0.0,0.0
2024-01-27T23:00,18.7,43,7.0,995.4,0.0,0.0
2024-01-28T00:00,17.4,50,8.6,994.9,0.0,0.0
2024-01-28T01:00,16.2,54,7.0,994.3,0.0,0.0
2024-01-28T02:00,14.8,61,8.3,993.7,0.0,0.0
2024-01-28T03:00,14.2,64,8.2,993.0,0.0,0.0
2024-01-28T04:00,14.1,65,6.5,992.9,0.0,0.0
2024-01-28T05:00,13.2,70,6.4,993.4,0.0,0.0
2024-01-28T06:00,13.6,75,6.0,994.6,0.0,0.0
2024-01-28T07:00,14.9,71,5.0,995.3,96.2,0.0
2024-01-28T08:00,18.5,60,4.0,996.5,457.2,0.0
2024-01-28T09:00,22.3,49,4.1,997.2,658.1,0.0
2024-01-28T10:00,25.8,39,4.7,997.3,786.1,0.0
2024-01-28T11:00,28.4,29,5.0,996.6,842.5,0.0
2024-01-28T12:00,29.8,23,2.3,995.2,865.6,0.0
2024-01-28T13:00,30.6,20,0.4,993.9,857.5,0.0
2024-01-28T14:00,30.9,19,1.5,992.7,818.3,0.0
2024-01-28T15:00,30.8,19,2.9,992.4,752.3,0.0
2024-01-28T16:00,30.2,19,3.1,992.4,621.6,0.0
2024-01-28T17:00,27.4,38,5.8,992.6,412.6,0.0
2024-01-28T18:00,24.7,34,6.8,992.6,51.9,0.0
2024-01-28T19:00,22.7,34,7.7,992.9,0.0,0.0
2024-01-28T20:00,20.9,40,8.5,993.7,0.0,0.0
2024-01-28T21:00,19.5,47,8.8,994.3,0.0,0.0
2024-01-28T22:00,19.6,45,5.6,994.7,0.0,0.0
2024-01-28T23:00,18.3,54,8.4,994.4,0.0,0.0
2024-01-29T00:00,20.3,45,5.0,993.9,0.0,0.0
2024-01-29T01:00,19.3,50,4.7,993.2,0.0,0.0
2024-01-29T02:00,19.1,51,1.8,992.6,0.0,0.0
2024-01-29T03:00,16.6,63,2.9,992.1,0.0,0.0
2024-01-29T04:00,16.1,66,5.2,991.9,0.0,0.0
2024-01-29T05:00,15.2,70,7.7,992.2,0.0,0.0
2024-01-29T06:00,14.9,75,8.9,993.7,0.0,0.0
2024-01-29T07:00,16.5,70,6.6,994.3,85.0,0.0
2024-01-29T08:00,20.1,60,6.4,995.4,410.9,0.0
2024-01-29T09:00,23.8,50,8.1,996.2,586.7,0.0
2024-01-29T10:00,26.9,44,7.9,996.2,740.8,0.0
2024-01-29T11:00,29.2,36,6.0,995.4,794.1,0.0
2024-01-29T12:00,30.7,28,3.9,994.3,831.8,0.0
2024-01-29T13:00,31.4,25,1.1,993.0,823.4,0.0
2024-01-29T14:00,31.6,24,1.1,991.8,809.2,0.0
2024-01-29T15:00,31.4,24,1.1,991.1,731.6,0.0
2024-01-29T16:00,30.9,25,1.6,991.1,617.4,0.0
2024-01-29T17:00,29.9,26,1.0,991.3,425.7,0.0
2024-01-29T18:00,28.6,31,3.1,991.8,51.0,0.0
2024-01-29T19:00,25.0,41,3.3,992.1,0.0,0.0
2024-01-29T20:00,25.9,39,2.6,992.9,0.0,0.0
2024-01-29T21:00,21.6,50,5.4,993.0,0.0,0.0
2024-01-29T22:00,21.0,53,5.6,993.1,0.0,0.0
2024-01-29T23:00,20.3,58,5.6,992.8,0.0,0.0
2024-01-30T00:00,21.3,53,2.5,992.6,0.0,0.0
2024-01-30T01:00,21.5,54,6.3,992.0,0.0,0.0
2024-01-30T02:00,19.1,64,8.3,991.4,0.0,0.0
2024-01-30T03:00,20.9,57,5.9,991.0,0.0,0.0
2024-01-30T04:00,18.0,65,7.5,991.0,0.0,0.0
2024-01-30T05:00,16.6,71,7.3,991.4,0.0,0.0
2024-01-30T06:00,18.2,64,3.2,992.7,0.0,0.0
2024-01-30T07:00,17.9,67,4.6,993.5,84.4,0.0
2024-01-30T08:00,21.2,56,3.4,994.7,436.5,0.0
2024-01-30T09:00,24.4,46,2.2,995.2,615.4,0.0
2024-01-30T10:00,26.9,42,2.9,995.0,731.7,0.0
2024-01-30T11:00,28.6,39,4.3,994.0,798.2,0.0
2024-01-30T12:00,29.9,35,4.0,992.8,822.4,0.0
2024-01-30T13:00,30.9,32,3.3,991.6,819.0,0.0
2024-01-30T14:00,31.3,31,2.3,990.3,637.9,0.0
2024-01-30T15:00,31.6,29,3.3,989.7,699.3,0.0
2024-01-30T16:00,31.1,29,7.2,989.4,514.9,0.0
2024-01-30T17:00,28.9,37,5.2,989.8,335.6,0.0
2024-01-30T18:00,27.1,32,12.0,990.8,50.2,0.0
2024-01-30T19:00,25.5,38,6.7,991.5,0.0,0.0
2024-01-30T20:00,26.3,37,5.7,992.6,0.0,0.0
2024-01-30T21:00,23.3,45,4.8,993.0,0.0,0.0
2024-01-30T22:00,21.5,55,7.9,992.7,0.0,0.0
2024-01-30T23:00,22.1,56,9.0,992.6,0.0,0.0
2024-01-31T00:00,20.8,62,6.6,991.9,0.0,0.0
2024-01-31T01:00,19.3,69,9.9,991.2,0.0,0.0
2024-01-31T02:00,19.0,68,8.4,990.6,0.0,0.0
2024-01-31T03:00,18.2,73,9.1,990.1,0.0,0.0
2024-01-31T04:00,17.6,77,6.6,990.3,0.0,0.0
2024-01-31T05:00,18.5,72,5.1,990.6,0.0,0.0
2024-01-31T06:00,19.9,75,5.9,991.4,0.0,0.0
2024-01-31T07:00,21.0,71,6.9,992.4,73.3,0.0
2024-01-31T08:00,23.6,61,6.9,993.7,406.3,0.0
2024-01-31T09:00,26.0,53,5.8,994.2,564.4,0.0
2024-01-31T10:00,28.0,47,6.9,994.2,724.2,0.0
2024-01-31T11:00,29.9,41,7.3,993.4,777.6,0.0
2024-01-31T12:00,31.1,37,7.8,992.2,799.2,0.0
2024-01-31T13:00,32.1,34,8.9,990.8,735.3,0.0
2024-01-31T14:00,32.8,30,10.4,989.5,717.4,0.0
2024-01-31T15:00,32.5,30,12.2,988.8,523.6,0.0
2024-01-31T16:00,31.7,31,11.7,988.8,390.6,0.0
2024-01-31T17:00,30.2,35,6.7,989.1,336.2,0.0
2024-01-31T18:00,26.4,42,8.0,989.3,49.4,0.0
2024-01-31T19:00,26.3,42,11.4,990.2,0.0,0.0
2024-01-31T20:00,25.9,41,12.7,991.0,0.0,0.0
2024-01-31T21:00,25.3,40,13.3,991.4,0.0,0.0
2024-01-31T22:00,24.5,41,13.2,991.3,0.0,0.0
2024-01-31T23:00,23.7,43,12.0,991.0,0.0,0.0
2024-02-01T00:00,23.4,45,8.6,991.1,0.0,0.0
2024-02-01T01:00,21.7,52,6.9,990.8,0.0,0.0
2024-02-01T02:00,21.0,55,8.3,990.2,0.0,0.0
2024-02-01T03:00,20.1,58,8.4,989.9,0.0,0.0
2024-02-01T04:00,20.8,57,5.9,989.8,0.0,0.0
2024-02-01T05:00,21.5,53,2.4,990.5,0.0,0.0
2024-02-01T06:00,21.5,64,5.7,991.1,0.0,0.0
2024-02-01T07:00,22.5,65,1.4,992.3,41.6,0.0
2024-02-01T08:00,24.4,61,1.4,993.8,341.1,0.0
2024-02-01T09:00,26.4,56,3.4,994.4,572.9,0.0
2024-02-01T10:00,28.0,54,5.6,994.1,707.0,0.0
2024-02-01T11:00,29.5,49,11.5,993.2,763.9,0.1
2024-02-01T12:00,30.3,45,10.4,991.9,431.1,0.0
2024-02-01T13:00,32.6,35,10.9,990.3,621.7,0.0
2024-02-01T14:00,33.2,32,13.3,989.2,689.4,0.0
2024-02-01T15:00,33.1,30,12.0,988.8,602.5,0.0
2024-02-01T16:00,32.5,30,11.5,988.8,515.1,0.0
2024-02-01T17:00,31.0,32,9.7,989.1,266.8,0.0
2024-02-01T18:00,27.9,52,14.8,989.5,36.4,0.0
2024-02-01T19:00,27.1,58,7.9,990.2,0.0,0.0
2024-02-01T20:00,25.7,64,6.0,991.4,0.0,0.0
2024-02-01T21:00,24.8,69,6.6,991.9,0.0,0.0
2024-02-01T22:00,24.6,70,10.2,991.8,0.0,0.0
2024-02-01T23:00,24.2,70,6.6,991.9,0.0,0.0
2024-02-02T00:00,22.5,77,5.5,991.7,0.0,0.0
2024-02-02T01:00,22.3,79,4.2,991.4,0.0,0.1
2024-02-02T02:00,21.6,84,8.2,991.6,0.0,0.4
2024-02-02T03:00,21.0,88,10.0,991.0,0.0,0.1
2024-02-02T04:00,20.2,91,9.0,991.3,0.0,0.0
2024-02-02T05:00,19.8,90,9.0,991.4,0.0,0.0
2024-02-02T06:00,20.9,87,6.3,992.2,0.0,0.0
2024-02-02T07:00,21.0,87,6.4,993.2,72.2,0.0
2024-02-02T08:00,23.1,76,5.2,994.1,370.2,0.0
2024-02-02T09:00,26.0,62,6.2,994.8,507.1,0.0
2024-02-02T10:00,28.0,55,5.5,994.9,522.2,0.0
2024-02-02T11:00,29.0,51,3.6,994.1,569.2,0.1
2024-02-02T12:00,29.9,47,3.6,992.9,626.7,0.0
2024-02-02T13:00,30.5,44,4.7,991.9,642.2,0.0
2024-02-02T14:00,30.6,43,6.2,990.9,646.5,0.0
2024-02-02T15:00,30.3,43,7.6,990.6,579.7,0.0
2024-02-02T16:00,29.7,43,7.6,990.7,454.4,0.0
2024-02-02T17:00,29.0,43,5.9,990.8,263.8,0.0
2024-02-02T18:00,27.3,46,6.5,991.2,35.9,0.0
2024-02-02T19:00,26.9,43,12.2,992.0,0.0,0.0
2024-02-02T20:00,25.7,44,8.4,992.7,0.0,0.0
2024-02-02T21:00,23.7,52,5.6,993.0,0.0,0.0
2024-02-02T22:00,22.1,62,6.8,993.3,0.0,0.0
2024-02-02T23:00,21.5,60,6.2,992.9,0.0,0.0
2024-02-03T00:00,20.9,60,5.5,992.7,0.0,0.0
2024-02-03T01:00,20.6,61,10.5,993.0,0.0,0.0
2024-02-03T02:00,19.7,64,5.8,992.3,0.0,0.0
2024-02-03T03:00,19.3,62,6.3,992.1,0.0,0.0
2024-02-03T04:00,18.3,64,7.0,992.3,0.0,0.0
2024-02-03T05:00,18.2,63,6.6,992.8,0.0,0.0
2024-02-03T06:00,18.6,62,6.5,994.3,0.0,0.0
2024-02-03T07:00,19.6,57,2.9,995.1,92.1,0.0
2024-02-03T08:00,22.1,49,2.5,996.0,452.9,0.0
2024-02-03T09:00,24.7,42,3.1,996.6,648.4,0.0
2024-02-03T10:00,27.4,37,3.3,996.7,752.9,0.0
2024-02-03T11:00,29.6,31,4.3,995.9,808.6,0.0
2024-02-03T12:00,30.8,28,3.7,994.6,830.8,0.0
2024-02-03T13:00,31.5,27,2.0,993.4,831.9,0.0
2024-02-03T14:00,31.9,26,2.2,992.2,807.5,0.0
2024-02-03T15:00,31.9,25,4.2,991.7,751.6,0.0
2024-02-03T16:00,31.3,26,8.2,991.6,643.1,0.0
2024-02-03T17:00,29.5,29,8.9,992.1,436.3,0.0
2024-02-03T18:00,28.0,32,8.6,991.9,58.9,0.0
2024-02-03T19:00,26.8,36,11.4,992.9,0.0,0.0
2024-02-03T20:00,25.4,38,10.3,993.8,0.0,0.0
2024-02-03T21:00,24.1,41,10.7,994.3,0.0,0.0
2024-02-03T22:00,23.2,42,10.0,994.2,0.0,0.0
2024-02-03T23:00,22.0,46,6.7,993.7,0.0,0.0
2024-02-04T00:00,20.2,54,8.9,993.5,0.0,0.0
2024-02-04T01:00,19.6,56,6.6,993.2,0.0,0.0
2024-02-04T02:00,18.6,60,7.2,992.9,0.0,0.0
2024-02-04T03:00,19.1,59,4.7,992.7,0.0,0.0
2024-02-04T04:00,17.4,67,6.5,992.7,0.0,0.0
2024-02-04T05:00,17.5,64,5.0,993.3,0.0,0.0
2024-02-04T06:00,17.8,73,5.8,994.1,0.0,0.0
2024-02-04T07:00,18.8,69,2.3,995.5,101.4,0.0
2024-02-04T08:00,22.1,58,1.4,996.8,453.6,0.0
2024-02-04T09:00,25.7,44,1.3,997.2,647.5,0.0
2024-02-04T10:00,28.7,35,2.3,997.1,753.1,0.0
2024-02-04T11:00,30.9,29,4.0,996.2,808.3,0.0
2024-02-04T12:00,32.2,25,3.3,995.1,832.8,0.0
2024-02-04T13:00,32.9,24,3.8,993.9,831.2,0.0
2024-02-04T14:00,33.2,23,4.7,992.6,806.9,0.0
2024-02-04T15:00,33.1,23,5.4,992.1,751.2,0.0
2024-02-04T16:00,32.5,24,4.5,992.0,641.3,0.0
2024-02-04T17:00,30.1,48,4.6,991.9,435.9,0.0
2024-02-04T18:00,30.4,27,5.4,992.0,69.7,0.0
2024-02-04T19:00,30.7,25,2.1,992.5,0.0,0.0
2024-02-04T20:00,25.5,37,5.4,992.9,0.0,0.0
2024-02-04T21:00,24.6,40,6.7,993.4,0.0,0.0
2024-02-04T22:00,22.7,49,7.9,993.7,0.0,0.0
2024-02-04T23:00,24.0,45,6.0,993.5,0.0,0.0
2024-02-05T00:00,22.4,48,4.5,993.0,0.0,0.0
2024-02-05T01:00,21.1,53,9.5,992.7,0.0,0.0
2024-02-05T02:00,21.0,53,7.2,992.1,0.0,0.0
2024-02-05T03:00,20.1,55,6.1,991.9,0.0,0.0
2024-02-05T04:00,19.3,61,8.2,991.9,0.0,0.0
2024-02-05T05:00,18.8,63,8.2,992.3,0.0,0.0
2024-02-05T06:00,18.4,75,8.0,993.1,0.0,0.0
2024-02-05T07:00,20.1,67,5.1,994.0,90.4,0.0
2024-02-05T08:00,23.9,57,6.2,994.8,442.7,0.0
2024-02-05T09:00,27.4,51,6.6,995.4,631.4,0.0
2024-02-05T10:00,30.1,46,5.2,995.6,734.1,0.0
2024-02-05T11:00,32.3,40,5.1,994.9,786.3,0.0
2024-02-05T12:00,33.9,34,6.2,993.6,808.4,0.0
2024-02-05T13:00,34.9,31,8.9,992.4,799.2,0.0
2024-02-05T14:00,35.3,29,9.9,991.2,753.0,0.0
2024-02-05T15:00,35.3,29,10.1,990.5,703.5,0.0
2024-02-05T16:00,34.7,28,9.0,990.2,517.9,0.0
2024-02-05T17:00,32.9,33,6.4,990.5,326.6,0.0
2024-02-05T18:00,30.3,37,7.3,990.4,45.8,0.0
2024-02-05T19:00,29.3,37,6.9,991.4,0.0,0.0
2024-02-05T20:00,28.5,40,5.8,992.1,0.0,0.0
2024-02-05T21:00,28.2,43,4.0,992.5,0.0,0.0
2024-02-05T22:00,26.2,48,7.4,993.1,0.0,0.0
2024-02-05T23:00,24.3,60,8.6,993.1,0.0,0.0
2024-02-06T00:00,23.9,59,6.5,992.8,0.0,0.0
2024-02-06T01:00,24.1,51,10.3,992.3,0.0,0.0
2024-02-06T02:00,24.3,48,8.9,991.8,0.0,0.0
2024-02-06T03:00,23.4,50,7.5,991.4,0.0,0.0
2024-02-06T04:00,22.1,55,6.1,991.1,0.0,0.0
2024-02-06T05:00,21.0,62,8.2,991.6,0.0,0.0
2024-02-06T06:00,21.8,64,5.5,992.7,0.0,0.0
2024-02-06T07:00,23.2,63,4.8,993.9,99.5,0.0
2024-02-06T08:00,26.1,59,2.2,995.2,431.8,0.0
2024-02-06T09:00,28.7,54,3.1,995.9,617.6,0.0
2024-02-06T10:00,31.0,45,5.7,996.0,718.4,0.0
2024-02-06T11:00,32.6,42,6.6,995.0,772.6,0.0
2024-02-06T12:00,33.9,38,8.2,993.5,801.6,0.0
2024-02-06T13:00,34.8,33,8.8,992.2,696.1,0.0
2024-02-06T14:00,35.5,27,11.8,991.1,728.1,0.0
2024-02-06T15:00,35.3,26,12.5,990.4,612.3,0.0
2024-02-06T16:00,34.9,26,11.1,990.2,599.7,0.0
2024-02-06T17:00,33.0,31,5.5,990.4,418.5,0.0
2024-02-06T18:00,32.8,30,3.8,990.8,67.8,0.0
2024-02-06T19:00,28.4,43,6.8,991.9,0.0,0.0
2024-02-06T20:00,27.1,46,8.7,992.6,0.0,0.0
2024-02-06T21:00,26.1,47,8.3,992.9,0.0,0.0
2024-02-06T22:00,26.6,45,9.4,992.9,0.0,0.0
2024-02-06T23:00,26.6,43,10.3,993.2,0.0,0.0
2024-02-07T00:00,25.1,50,8.0,993.3,0.0,0.0
2024-02-07T01:00,24.0,57,8.0,993.1,0.0,0.0
2024-02-07T02:00,23.4,62,10.3,992.6,0.0,0.0
2024-02-07T03:00,22.8,66,9.9,992.2,0.0,0.0
2024-02-07T04:00,22.3,69,10.7,992.1,0.0,0.0
2024-02-07T05:00,21.9,71,9.7,992.6,0.0,0.0
2024-02-07T06:00,20.9,79,4.8,993.7,0.0,0.0
2024-02-07T07:00,22.0,74,7.9,995.1,98.6,0.0
2024-02-07T08:00,23.8,66,8.6,996.1,428.4,0.0
2024-02-07T09:00,25.9,58,7.2,996.6,620.8,0.0
2024-02-07T10:00,28.5,50,6.0,996.6,726.3,0.0
2024-02-07T11:00,30.7,44,4.7,995.7,782.9,0.0
2024-02-07T12:00,32.3,39,4.5,994.5,808.4,0.0
2024-02-07T13:00,33.3,35,6.5,993.2,807.8,0.0
2024-02-07T14:00,33.7,33,8.7,992.2,775.1,0.0
2024-02-07T15:00,33.5,33,8.8,991.3,656.3,0.0
2024-02-07T16:00,33.3,32,8.6,991.0,596.0,0.0
2024-02-07T17:00,32.0,35,7.6,991.1,397.8,0.0
2024-02-07T18:00,29.1,41,6.6,991.4,66.9,0.0
2024-02-07T19:00,28.1,43,8.3,992.2,0.0,0.0
2024-02-07T20:00,27.1,45,7.6,992.9,0.0,0.0
2024-02-07T21:00,26.1,49,6.7,993.2,0.0,0.0
2024-02-07T22:00,25.0,54,5.6,993.1,0.0,0.0
2024-02-07T23:00,24.2,57,6.2,992.6,0.0,0.0
2024-02-08T00:00,24.7,54,17.1,993.0,0.0,0.0
2024-02-08T01:00,23.5,55,15.2,992.7,0.0,0.0
2024-02-08T02:00,22.6,56,11.4,992.4,0.0,0.0
2024-02-08T03:00,21.9,57,8.9,992.4,0.0,0.0
2024-02-08T04:00,21.4,57,7.7,992.5,0.0,0.0
2024-02-08T05:00,20.0,64,7.3,993.0,0.0,0.0
2024-02-08T06:00,21.4,56,10.3,994.3,0.0,0.0
2024-02-08T07:00,21.8,54,10.2,995.7,87.8,0.0
2024-02-08T08:00,23.2,48,12.0,996.5,417.5,0.0
2024-02-08T09:00,25.2,41,12.1,997.1,619.6,0.0
2024-02-08T10:00,27.3,36,12.9,997.0,723.2,0.0
2024-02-08T11:00,29.0,32,12.2,996.2,773.1,0.0
2024-02-08T12:00,30.3,30,11.2,994.9,799.1,0.0
2024-02-08T13:00,31.1,29,11.3,993.5,810.9,0.0
2024-02-08T14:00,31.4,29,11.5,992.2,781.2,0.0
2024-02-08T15:00,31.2,30,11.7,991.3,733.5,0.0
2024-02-08T16:00,30.4,31,11.6,991.2,576.9,0.0
2024-02-08T17:00,29.1,32,11.6,991.5,430.3,0.0
2024-02-08T18:00,26.4,34,11.0,992.3,77.0,0.0
2024-02-08T19:00,25.1,36,9.8,992.8,0.0,0.0
2024-02-08T20:00,23.9,38,9.3,993.3,0.0,0.0
2024-02-08T21:00,23.1,39,8.9,993.6,0.0,0.0
2024-02-08T22:00,22.2,40,8.2,993.9,0.0,0.0
2024-02-08T23:00,21.5,41,7.4,993.4,0.0,0.0
2024-02-09T00:00,21.0,41,9.6,993.2,0.0,0.0
2024-02-09T01:00,20.2,41,8.9,992.6,0.0,0.0
2024-02-09T02:00,19.3,43,8.1,992.1,0.0,0.0
2024-02-09T03:00,18.5,45,6.1,991.9,0.0,0.0
2024-02-09T04:00,17.6,47,5.2,992.2,0.0,0.0
2024-02-09T05:00,17.0,49,5.2,992.6,0.0,0.0
2024-02-09T06:00,17.7,57,6.9,993.6,0.0,0.0
2024-02-09T07:00,18.8,51,3.7,995.0,67.6,0.0
2024-02-09T08:00,21.0,45,3.9,995.9,391.9,0.0
2024-02-09T09:00,23.7,38,5.1,996.6,641.6,0.0
2024-02-09T10:00,26.8,33,6.1,996.5,762.2,0.0
2024-02-09T11:00,29.2,29,6.0,995.7,817.7,0.0
2024-02-09T12:00,30.8,27,4.7,994.5,841.5,0.0
2024-02-09T13:00,31.8,27,3.8,993.0,842.2,0.0
2024-02-09T14:00,32.3,26,3.2,991.8,818.2,0.0
2024-02-09T15:00,32.4,26,3.6,991.1,762.0,0.0
2024-02-09T16:00,32.0,26,5.2,990.9,654.7,0.0
2024-02-09T17:00,30.4,29,7.2,991.1,454.2,0.0
2024-02-09T18:00,28.4,32,10.9,991.6,76.0,0.0
2024-02-09T19:00,26.9,34,12.6,992.4,0.0,0.0
2024-02-09T20:00,25.7,36,12.1,993.3,0.0,0.0
2024-02-09T21:00,24.7,38,12.7,993.9,0.0,0.0
2024-02-09T22:00,23.8,40,11.5,994.2,0.0,0.0
2024-02-09T23:00,23.2,41,10.2,993.8,0.0,0.0
2024-02-10T00:00,22.1,44,8.3,993.5,0.0,0.0
2024-02-10T01:00,21.4,45,7.5,992.9,0.0,0.0
2024-02-10T02:00,20.2,49,7.2,992.3,0.0,0.0
2024-02-10T03:00,20.8,46,5.5,992.5,0.0,0.0
2024-02-10T04:00,19.1,54,8.1,992.3,0.0,0.0
2024-02-10T05:00,19.3,50,6.1,992.7,0.0,0.0
2024-02-10T06:00,20.6,56,9.8,993.8,0.0,0.0
2024-02-10T07:00,21.5,62,9.7,994.8,86.0,0.0
2024-02-10T08:00,23.9,64,8.1,995.6,300.6,0.0
2024-02-10T09:00,26.2,65,9.1,996.5,445.0,0.0
2024-02-10T10:00,28.1,60,15.2,996.5,297.6,0.0
2024-02-10T11:00,30.3,52,14.4,995.6,455.4,0.0
2024-02-10T12:00,31.8,47,13.0,994.4,678.9,0.0
2024-02-10T13:00,32.9,43,9.3,993.3,690.1,0.0
2024-02-10T14:00,33.2,41,8.6,991.8,642.4,0.0
2024-02-10T15:00,33.0,41,10.1,991.0,508.3,0.0
2024-02-10T16:00,32.6,41,8.0,991.0,487.0,0.0
2024-02-10T17:00,30.3,46,9.2,991.5,298.5,0.2
2024-02-10T18:00,28.9,53,5.8,991.1,53.6,0.1
2024-02-10T19:00,26.6,62,14.6,991.9,0.0,0.0
2024-02-10T20:00,25.2,66,13.8,993.1,0.0,0.0
2024-02-10T21:00,24.4,69,11.4,993.9,0.0,0.0
2024-02-10T22:00,23.6,75,11.4,994.1,0.0,0.0
2024-02-10T23:00,23.2,77,11.9,993.8,0.0,0.0
2024-02-11T00:00,22.8,78,7.2,993.4,0.0,0.0
2024-02-11T01:00,22.4,81,7.3,992.9,0.0,0.0
2024-02-11T02:00,21.8,82,12.8,993.2,0.0,0.0
2024-02-11T03:00,21.1,81,13.3,993.1,0.0,0.0
2024-02-11T04:00,20.1,84,12.2,992.9,0.0,0.0
2024-02-11T05:00,20.0,81,12.2,992.9,0.0,0.0
2024-02-11T06:00,21.0,83,10.5,993.7,0.0,0.0
2024-02-11T07:00,21.9,82,9.7,994.7,85.0,0.0
2024-02-11T08:00,24.6,75,8.2,995.2,290.7,0.0
2024-02-11T09:00,27.6,67,15.6,995.9,240.0,0.0
2024-02-11T10:00,29.3,59,13.1,996.4,319.5,0.0
2024-02-11T11:00,30.4,55,13.1,995.7,479.8,0.0
2024-02-11T12:00,31.5,51,12.2,994.6,518.8,0.0
2024-02-11T13:00,32.8,45,10.4,993.3,650.6,0.0
2024-02-11T14:00,31.3,46,10.2,992.4,558.6,1.0
2024-02-11T15:00,27.4,66,8.6,992.0,429.8,3.1
2024-02-11T16:00,27.1,67,5.8,992.0,316.9,0.0
2024-02-11T17:00,26.3,67,8.9,992.2,201.1,0.0
2024-02-11T18:00,24.4,76,3.3,993.2,52.9,0.0
2024-02-11T19:00,24.5,73,1.5,993.8,0.0,0.0
2024-02-11T20:00,24.0,77,6.4,994.4,0.0,0.0
2024-02-11T21:00,23.8,78,9.0,994.5,0.0,0.0
2024-02-11T22:00,23.3,79,8.9,994.1,0.0,0.0
2024-02-11T23:00,22.9,81,10.1,994.4,0.0,0.0
2024-02-12T00:00,22.5,84,13.3,994.7,0.0,0.0
2024-02-12T01:00,21.6,87,8.1,994.4,0.0,0.0
2024-02-12T02:00,20.5,91,12.8,994.1,0.0,2.2
2024-02-12T03:00,20.7,90,11.2,993.1,0.0,0.0
2024-02-12T04:00,20.3,92,10.4,993.0,0.0,0.0
2024-02-12T05:00,20.0,92,9.2,993.5,0.0,0.0
2024-02-12T06:00,21.0,94,2.4,994.3,0.0,0.0
2024-02-12T07:00,21.8,91,9.9,995.3,74.7,0.0
2024-02-12T08:00,23.6,85,10.6,996.4,342.2,0.0
2024-02-12T09:00,25.5,69,12.8,996.8,558.2,0.0
2024-02-12T10:00,27.2,59,11.5,997.0,683.9,0.0
2024-02-12T11:00,28.7,53,11.5,996.1,750.1,0.0
2024-02-12T12:00,30.0,48,13.0,994.7,789.1,0.0
2024-02-12T13:00,31.1,43,13.4,993.0,788.4,0.0
2024-02-12T14:00,31.9,39,13.1,991.8,715.3,0.0
2024-02-12T15:00,32.2,35,11.6,991.0,588.8,0.0
2024-02-12T16:00,31.9,34,11.5,990.9,446.7,0.0
2024-02-12T17:00,30.5,37,8.0,991.1,390.6,0.0
2024-02-12T18:00,28.4,45,11.4,991.7,73.2,0.0
2024-02-12T19:00,27.5,45,12.3,992.2,0.0,0.0
2024-02-12T20:00,26.3,49,14.3,993.0,0.0,0.0
2024-02-12T21:00,25.8,47,16.5,993.2,0.0,0.0
2024-02-12T22:00,25.6,46,15.9,993.3,0.0,0.0
2024-02-12T23:00,24.9,50,14.0,993.1,0.0,0.0
2024-02-13T00:00,24.2,55,12.2,993.1,0.0,0.0
2024-02-13T01:00,24.0,58,12.0,992.6,0.0,0.0
2024-02-13T02:00,23.9,58,12.7,991.7,0.0,0.0
2024-02-13T03:00,23.6,58,14.2,991.5,0.0,0.0
2024-02-13T04:00,22.7,61,12.6,991.5,0.0,0.0
2024-02-13T05:00,22.1,65,10.6,992.0,0.0,0.0
2024-02-13T06:00,22.7,76,8.4,993.7,0.0,0.0
2024-02-13T07:00,23.0,74,8.3,994.5,27.7,0.0
2024-02-13T08:00,24.2,65,5.9,995.5,107.1,0.0
2024-02-13T09:00,25.7,57,6.6,996.2,175.4,0.0
2024-02-13T10:00,27.5,47,6.9,996.2,413.4,0.0
2024-02-13T11:00,29.5,38,8.6,995.3,726.1,0.0
2024-02-13T12:00,31.2,33,10.1,993.9,792.1,0.0
2024-02-13T13:00,32.4,28,11.2,992.5,781.6,0.0
2024-02-13T14:00,33.1,26,11.5,991.3,767.7,0.0
2024-02-13T15:00,33.1,26,11.9,990.6,694.5,0.0
2024-02-13T16:00,32.6,27,11.2,990.4,583.7,0.0
2024-02-13T17:00,30.9,33,8.6,990.7,251.5,0.0
2024-02-13T18:00,28.8,42,12.2,991.1,20.7,0.0
2024-02-13T19:00,27.7,45,13.0,991.7,0.0,0.0
2024-02-13T20:00,27.1,41,13.9,992.6,0.0,0.0
2024-02-13T21:00,26.5,40,13.4,992.6,0.0,0.0
2024-02-13T22:00,26.0,42,13.9,992.8,0.0,0.0
2024-02-13T23:00,25.4,47,14.3,992.4,0.0,0.0
2024-02-14T00:00,25.0,53,15.3,991.9,0.0,0.0
2024-02-14T01:00,24.5,57,13.6,991.6,0.0,0.0
2024-02-14T02:00,22.8,66,6.3,991.6,0.0,0.0
2024-02-14T03:00,22.2,69,7.5,991.7,0.0,0.0
2024-02-14T04:00,22.0,69,4.7,991.7,0.0,0.0
2024-02-14T05:00,22.0,68,3.7,992.2,0.0,0.0
2024-02-14T06:00,21.5,81,4.9,992.7,0.0,0.0
2024-02-14T07:00,22.9,76,8.4,993.6,63.9,0.0
2024-02-14T08:00,25.0,71,8.7,994.7,431.6,0.0
2024-02-14T09:00,26.8,66,8.8,995.2,580.5,0.0
2024-02-14T10:00,28.7,58,8.1,995.1,692.9,0.0
2024-02-14T11:00,30.4,50,7.4,994.2,689.4,0.0
2024-02-14T12:00,31.7,46,6.6,992.8,623.7,0.0
2024-02-14T13:00,32.8,40,6.8,991.5,640.5,0.0
2024-02-14T14:00,33.7,33,6.9,990.3,542.6,0.0
2024-02-14T15:00,34.1,29,7.4,989.5,524.0,0.0
2024-02-14T16:00,33.5,30,7.2,989.4,324.3,0.0
2024-02-14T17:00,31.6,38,4.9,989.5,149.6,0.0
2024-02-14T18:00,27.8,48,15.8,990.6,20.4,0.3
2024-02-14T19:00,27.2,48,7.4,991.3,0.0,0.0
2024-02-14T20:00,26.5,49,8.0,991.8,0.0,0.0
2024-02-14T21:00,24.1,58,7.5,992.0,0.0,0.0
2024-02-14T22:00,24.5,53,7.1,992.4,0.0,0.0
2024-02-14T23:00,22.8,62,7.9,992.1,0.0,0.0
2024-02-15T00:00,22.6,63,4.9,991.9,0.0,0.0
2024-02-15T01:00,21.9,65,6.1,991.6,0.0,0.0
2024-02-15T02:00,22.5,60,3.3,991.5,0.0,0.0
2024-02-15T03:00,21.0,70,6.5,991.6,0.0,0.0
2024-02-15T04:00,20.6,75,6.8,991.7,0.0,0.0
2024-02-15T05:00,19.7,81,5.8,992.3,0.0,0.0
2024-02-15T06:00,21.5,63,6.9,992.4,0.0,0.0
2024-02-15T07:00,22.0,65,3.9,993.6,63.2,0.0
2024-02-15T08:00,24.1,59,8.0,995.2,413.6,0.0
2024-02-15T09:00,26.3,52,4.0,995.9,499.6,0.0
2024-02-15T10:00,28.1,48,6.8,996.1,590.7,0.0
2024-02-15T11:00,29.7,43,3.8,995.4,682.6,0.0
2024-02-15T12:00,30.8,38,5.2,994.2,618.8,0.0
2024-02-15T13:00,32.0,33,6.6,993.0,564.5,0.0
2024-02-15T14:00,32.0,31,1.8,992.2,520.7,0.0
2024-02-15T15:00,32.1,29,4.7,991.5,512.3,0.0
2024-02-15T16:00,31.9,29,2.5,991.3,507.1,0.0
2024-02-15T17:00,30.1,44,3.9,991.2,353.5,0.0
2024-02-15T18:00,28.7,29,8.9,991.1,80.7,0.0
2024-02-15T19:00,27.0,36,8.2,992.0,0.0,0.0
2024-02-15T20:00,25.5,41,6.6,992.8,0.0,0.0
2024-02-15T21:00,23.7,46,8.4,992.8,0.0,0.0
2024-02-15T22:00,22.8,50,9.0,992.9,0.0,0.0
2024-02-15T23:00,22.3,47,5.8,993.2,0.0,0.0
2024-02-16T00:00,23.1,51,11.3,993.5,0.0,0.0
2024-02-16T01:00,22.1,55,10.4,993.2,0.0,0.0
2024-02-16T02:00,21.3,55,8.0,992.9,0.0,0.0
2024-02-16T03:00,19.5,62,6.5,992.7,0.0,0.0
2024-02-16T04:00,19.2,63,6.1,992.7,0.0,0.0
2024-02-16T05:00,18.4,67,5.8,993.2,0.0,0.0
2024-02-16T06:00,20.1,74,4.7,993.8,0.0,0.0
2024-02-16T07:00,21.2,72,6.0,995.1,124.9,0.0
2024-02-16T08:00,24.2,62,4.6,996.3,465.3,0.0
2024-02-16T09:00,27.0,51,5.8,996.9,634.5,0.0
2024-02-16T10:00,29.1,46,3.4,996.9,742.4,0.0
2024-02-16T11:00,30.8,38,3.1,996.1,785.4,0.0
2024-02-16T12:00,32.4,31,4.2,994.7,827.1,0.0
2024-02-16T13:00,33.5,26,5.1,993.4,823.0,0.0
2024-02-16T14:00,33.6,24,4.5,992.4,543.4,0.0
2024-02-16T15:00,33.8,23,5.2,991.8,672.7,0.0
2024-02-16T16:00,33.3,23,6.2,991.5,599.3,0.0
2024-02-16T17:00,31.4,30,5.5,991.7,388.1,0.0
2024-02-16T18:00,28.2,31,7.1,991.4,89.8,0.0
2024-02-16T19:00,26.6,33,6.1,991.8,0.0,0.0
2024-02-16T20:00,24.5,44,10.0,992.6,0.0,0.0
2024-02-16T21:00,24.2,43,8.3,992.7,0.0,0.0
2024-02-16T22:00,26.1,37,5.8,993.1,0.0,0.0
2024-02-16T23:00,23.1,45,5.9,992.8,0.0,0.0
2024-02-17T00:00,22.0,48,7.1,992.3,0.0,0.0
2024-02-17T01:00,22.1,46,10.2,991.7,0.0,0.0
2024-02-17T02:00,21.0,48,6.8,991.2,0.0,0.0
2024-02-17T03:00,21.7,46,5.0,991.4,0.0,0.0
2024-02-17T04:00,19.0,57,8.6,991.0,0.0,0.0
2024-02-17T05:00,18.8,59,6.6,991.1,0.0,0.0
2024-02-17T06:00,20.9,65,2.3,992.2,0.0,0.0
2024-02-17T07:00,20.6,68,2.9,992.7,123.4,0.0
2024-02-17T08:00,24.2,58,0.5,993.8,467.9,0.0
2024-02-17T09:00,27.4,49,2.5,994.4,652.9,0.0
2024-02-17T10:00,29.9,41,3.3,994.1,749.5,0.0
2024-02-17T11:00,32.2,33,4.9,993.0,802.6,0.0
2024-02-17T12:00,33.6,26,4.0,991.9,796.4,0.0
2024-02-17T13:00,34.4,22,1.8,990.5,801.9,0.0
2024-02-17T14:00,34.7,21,4.9,989.6,713.9,0.0
2024-02-17T15:00,34.7,20,3.1,988.8,688.3,0.0
2024-02-17T16:00,34.4,20,1.3,988.5,434.5,0.0
2024-02-17T17:00,32.1,33,2.6,988.8,257.8,0.0
2024-02-17T18:00,29.2,26,9.8,989.1,88.9,0.0
2024-02-17T19:00,27.9,28,10.9,989.5,0.0,0.0
2024-02-17T20:00,26.1,33,6.8,990.0,0.0,0.0
2024-02-17T21:00,25.0,39,4.9,990.4,0.0,0.0
2024-02-17T22:00,23.6,44,6.1,990.6,0.0,0.0
2024-02-17T23:00,24.4,37,7.4,990.1,0.0,0.0
2024-02-18T00:00,24.3,36,9.8,989.6,0.0,0.0
2024-02-18T01:00,22.1,47,11.5,988.8,0.0,0.0
2024-02-18T02:00,21.6,46,5.5,988.3,0.0,0.0
2024-02-18T03:00,21.3,48,2.3,987.8,0.0,0.0
2024-02-18T04:00,20.9,48,5.2,988.1,0.0,0.0
2024-02-18T05:00,20.8,50,2.3,988.8,0.0,0.0
2024-02-18T06:00,21.6,50,4.4,989.4,0.0,0.0
2024-02-18T07:00,22.2,52,3.7,990.7,122.0,0.0
2024-02-18T08:00,25.9,43,4.3,991.8,463.5,0.0
2024-02-18T09:00,29.0,33,5.7,992.5,659.0,0.0
2024-02-18T10:00,31.3,30,4.3,992.3,765.5,0.0
2024-02-18T11:00,33.6,25,6.2,991.4,812.1,0.0
2024-02-18T12:00,35.4,18,5.6,990.2,831.4,0.0
2024-02-18T13:00,35.7,18,5.1,989.0,763.1,0.0
2024-02-18T14:00,35.1,19,7.0,987.8,186.2,0.0
2024-02-18T15:00,35.0,19,10.2,987.2,384.2,0.0
2024-02-18T16:00,34.3,19,9.7,987.3,340.3,0.0
2024-02-18T17:00,31.9,43,7.2,987.3,207.5,0.0
2024-02-18T18:00,31.8,20,6.6,987.9,78.2,0.0
2024-02-18T19:00,26.2,31,6.6,987.9,0.0,0.0
2024-02-18T20:00,25.9,33,8.8,989.0,0.0,0.0
2024-02-18T21:00,26.5,27,13.6,989.7,0.0,0.0
2024-02-18T22:00,25.9,25,10.5,989.5,0.0,0.0
2024-02-18T23:00,24.4,28,9.3,989.0,0.0,0.0
2024-02-19T00:00,23.2,32,6.8,988.7,0.0,0.0
2024-02-19T01:00,22.1,36,6.8,988.7,0.0,0.0
2024-02-19T02:00,21.8,38,1.5,988.6,0.0,0.0
2024-02-19T03:00,20.0,43,5.9,988.3,0.0,0.0
2024-02-19T04:00,18.8,50,3.8,988.5,0.0,0.0
2024-02-19T05:00,17.9,55,3.7,988.5,0.0,0.0
2024-02-19T06:00,21.1,48,6.5,989.5,0.0,0.0
2024-02-19T07:00,22.5,49,9.7,990.7,137.8,0.0
2024-02-19T08:00,25.1,45,8.1,991.9,479.4,0.0
2024-02-19T09:00,28.0,38,7.9,992.5,659.1,0.0
2024-02-19T10:00,30.5,32,6.3,992.7,757.4,0.0
2024-02-19T11:00,32.6,28,7.3,991.9,806.2,0.0
2024-02-19T12:00,34.5,23,8.3,990.6,828.2,0.0
2024-02-19T13:00,35.6,20,8.6,989.2,825.6,0.0
2024-02-19T14:00,36.1,19,9.7,988.0,718.7,0.0
2024-02-19T15:00,35.4,19,9.7,987.5,347.3,0.0
2024-02-19T16:00,34.8,20,5.5,987.4,249.2,0.0
2024-02-19T17:00,32.8,49,4.4,987.5,139.7,0.0
2024-02-19T18:00,32.5,20,3.6,988.1,67.7,0.0
2024-02-19T19:00,28.7,30,6.6,988.8,0.0,0.0
2024-02-19T20:00,27.2,33,7.4,989.5,0.0,0.0
2024-02-19T21:00,26.7,33,8.1,989.6,0.0,0.0
2024-02-19T22:00,26.0,34,9.8,990.1,0.0,0.0
2024-02-19T23:00,24.8,37,7.6,989.6,0.0,0.0
2024-02-20T00:00,23.7,40,7.2,989.4,0.0,0.0
2024-02-20T01:00,24.1,36,7.3,989.2,0.0,0.0
2024-02-20T02:00,23.3,39,8.0,989.0,0.0,0.0
2024-02-20T03:00,21.4,48,8.3,988.8,0.0,0.0
2024-02-20T04:00,22.3,46,5.6,989.0,0.0,0.0
2024-02-20T05:00,20.1,57,8.2,989.6,0.0,0.0
2024-02-20T06:00,22.0,55,5.5,990.5,0.0,0.0
2024-02-20T07:00,22.6,55,6.8,991.1,127.6,0.0
2024-02-20T08:00,25.9,47,7.2,992.1,464.9,0.0
2024-02-20T09:00,29.4,38,7.6,992.5,647.2,0.0
2024-02-20T10:00,31.8,32,6.5,992.7,743.4,0.0
2024-02-20T11:00,33.5,28,5.4,992.0,785.2,0.0
2024-02-20T12:00,34.5,25,5.2,990.3,789.7,0.0
2024-02-20T13:00,35.6,22,7.2,988.9,817.8,0.0
2024-02-20T14:00,35.7,21,9.7,987.4,555.6,0.0
2024-02-20T15:00,35.1,22,10.4,986.7,303.2,0.0
2024-02-20T16:00,34.4,23,7.7,986.6,198.4,0.0
2024-02-20T17:00,33.1,26,8.7,986.7,94.8,0.0
2024-02-20T18:00,29.5,38,7.2,986.6,67.0,0.0
2024-02-20T19:00,28.7,40,7.6,987.3,0.0,0.0
2024-02-20T20:00,27.4,39,7.6,988.2,0.0,0.0
2024-02-20T21:00,27.7,34,8.9,988.7,0.0,0.0
2024-02-20T22:00,26.9,34,13.1,988.9,0.0,0.0
2024-02-20T23:00,26.5,35,14.4,988.9,0.0,0.0
2024-02-21T00:00,25.9,38,11.2,988.6,0.0,0.0
2024-02-21T01:00,24.5,40,8.3,988.0,0.0,0.0
2024-02-21T02:00,22.3,46,6.9,987.0,0.0,0.0
2024-02-21T03:00,22.2,45,7.3,987.0,0.0,0.0
2024-02-21T04:00,20.7,51,6.9,987.0,0.0,0.0
2024-02-21T05:00,21.1,49,8.5,987.8,0.0,0.0
2024-02-21T06:00,22.1,48,11.7,988.2,0.0,0.0
2024-02-21T07:00,23.1,46,8.7,989.4,142.9,0.0
2024-02-21T08:00,25.7,41,6.3,990.7,480.4,0.0
2024-02-21T09:00,28.9,34,9.7,991.2,661.0,0.0
2024-02-21T10:00,31.6,27,12.6,990.8,757.7,0.0
2024-02-21T11:00,32.8,25,12.3,990.1,805.9,0.0
2024-02-21T12:00,33.6,23,9.9,988.4,833.7,0.0
2024-02-21T13:00,34.2,23,8.6,987.1,831.3,0.0
2024-02-21T14:00,34.7,22,9.4,986.1,802.8,0.0
2024-02-21T15:00,34.7,21,14.3,985.3,743.6,0.0
2024-02-21T16:00,33.6,21,18.3,985.5,637.4,0.0
2024-02-21T17:00,32.4,23,13.0,985.9,456.0,0.0
2024-02-21T18:00,30.9,23,13.8,985.8,104.3,0.0
2024-02-21T19:00,30.5,23,14.3,986.4,0.0,0.0
2024-02-21T20:00,28.3,26,7.7,987.0,0.0,0.0
2024-02-21T21:00,25.7,33,6.7,987.9,0.0,0.0
2024-02-21T22:00,24.2,37,6.9,988.3,0.0,0.0
2024-02-21T23:00,23.9,37,8.0,988.4,0.0,0.0
2024-02-22T00:00,23.5,38,9.1,987.8,0.0,0.0
2024-02-22T01:00,22.4,43,6.8,987.5,0.0,0.0
2024-02-22T02:00,22.0,46,9.0,987.1,0.0,0.0
2024-02-22T03:00,21.2,50,7.3,986.9,0.0,0.0
2024-02-22T04:00,20.9,52,8.0,987.4,0.0,0.0
2024-02-22T05:00,20.6,54,9.2,988.1,0.0,0.0
2024-02-22T06:00,20.6,61,5.3,989.1,0.0,0.0
2024-02-22T07:00,21.8,56,1.5,990.5,141.3,0.0
2024-02-22T08:00,24.4,51,3.8,991.8,462.7,0.0
2024-02-22T09:00,26.7,46,6.3,992.5,633.6,0.0
2024-02-22T10:00,28.7,40,8.4,992.3,732.0,0.0
2024-02-22T11:00,30.3,33,9.5,991.1,787.6,0.0
2024-02-22T12:00,31.5,29,9.2,989.5,815.4,0.0
2024-02-22T13:00,32.2,27,9.3,988.1,817.8,0.0
2024-02-22T14:00,32.6,25,9.7,987.1,793.4,0.0
2024-02-22T15:00,32.6,25,8.8,986.5,742.1,0.0
2024-02-22T16:00,32.6,24,8.1,986.4,620.0,0.0
2024-02-22T17:00,31.3,27,7.3,987.0,423.8,0.0
2024-02-22T18:00,27.0,34,10.9,986.9,103.3,0.0
2024-02-22T19:00,25.6,35,7.9,987.8,0.0,0.0
2024-02-22T20:00,25.7,32,9.5,988.6,0.0,0.0
2024-02-22T21:00,24.4,34,7.8,989.3,0.0,0.0
2024-02-22T22:00,24.0,35,8.4,989.9,0.0,0.0
2024-02-22T23:00,22.6,43,9.0,990.0,0.0,0.0
2024-02-23T00:00,21.5,44,4.1,990.1,0.0,0.0
2024-02-23T01:00,22.1,43,1.1,989.6,0.0,0.0
2024-02-23T02:00,19.9,51,6.0,989.1,0.0,0.0
2024-02-23T03:00,20.0,49,6.8,988.7,0.0,0.0
2024-02-23T04:00,19.5,51,6.9,988.8,0.0,0.0
2024-02-23T05:00,18.4,59,7.7,989.7,0.0,0.0
2024-02-23T06:00,19.1,63,7.0,990.6,0.0,0.0
2024-02-23T07:00,20.8,58,6.6,991.7,147.8,0.0
2024-02-23T08:00,23.6,49,7.0,992.6,474.6,0.0
2024-02-23T09:00,26.2,43,6.2,993.3,655.1,0.0
2024-02-23T10:00,28.6,35,5.1,993.0,750.6,0.0
2024-02-23T11:00,30.0,31,4.7,991.9,804.4,0.0
2024-02-23T12:00,31.1,28,3.5,990.3,827.5,0.0
2024-02-23T13:00,31.9,26,3.8,988.9,830.1,0.0
2024-02-23T14:00,32.2,25,6.1,987.9,808.3,0.0
2024-02-23T15:00,32.2,25,6.7,987.3,757.3,0.0
2024-02-23T16:00,31.8,25,7.6,987.2,657.7,0.0
2024-02-23T17:00,30.4,30,5.1,987.5,467.1,0.0
2024-02-23T18:00,26.8,36,7.9,987.5,111.7,0.0
2024-02-23T19:00,25.9,38,6.8,988.0,0.0,0.0
2024-02-23T20:00,25.7,39,10.4,988.8,0.0,0.0
2024-02-23T21:00,24.7,42,8.0,989.3,0.0,0.0
2024-02-23T22:00,23.8,46,8.5,989.5,0.0,0.0
2024-02-23T23:00,21.6,58,7.8,989.5,0.0,0.0
2024-02-24T00:00,21.2,59,2.9,989.2,0.0,0.0
2024-02-24T01:00,20.8,58,5.7,989.0,0.0,0.0
2024-02-24T02:00,20.0,62,6.4,988.2,0.0,0.0
2024-02-24T03:00,20.2,60,9.5,988.0,0.0,0.0
2024-02-24T04:00,18.8,67,5.5,988.0,0.0,0.0
2024-02-24T05:00,19.4,65,3.6,988.7,0.0,0.0
2024-02-24T06:00,19.7,71,6.7,989.0,0.0,0.0
2024-02-24T07:00,20.8,67,8.6,990.0,146.0,0.0
2024-02-24T08:00,23.4,55,3.3,991.0,460.3,0.0
2024-02-24T09:00,26.9,43,5.7,992.0,645.3,0.0
2024-02-24T10:00,29.4,37,3.9,991.8,744.1,0.0
2024-02-24T11:00,31.1,35,1.1,990.9,796.2,0.0
2024-02-24T12:00,32.4,32,2.4,989.8,816.3,0.0
2024-02-24T13:00,33.3,30,4.3,988.5,817.8,0.0
2024-02-24T14:00,33.7,28,7.1,987.6,801.6,0.0
2024-02-24T15:00,33.9,27,9.6,986.8,742.3,0.0
2024-02-24T16:00,33.2,26,12.0,986.8,626.3,0.0
2024-02-24T17:00,32.1,27,9.7,987.1,439.0,0.0
2024-02-24T18:00,30.2,29,8.4,987.6,92.2,0.0
2024-02-24T19:00,27.4,37,10.1,988.1,0.0,0.0
2024-02-24T20:00,27.6,33,9.9,988.8,0.0,0.0
2024-02-24T21:00,25.9,37,6.8,989.2,0.0,0.0
2024-02-24T22:00,25.2,48,6.6,989.9,0.0,0.0
2024-02-24T23:00,25.3,54,5.1,989.8,0.0,0.0
2024-02-25T00:00,25.4,48,2.9,989.7,0.0,0.0
2024-02-25T01:00,24.6,49,2.3,989.2,0.0,0.0
2024-02-25T02:00,23.5,50,0.5,988.8,0.0,0.0
2024-02-25T03:00,21.5,57,4.7,988.1,0.0,0.0
2024-02-25T04:00,20.0,60,6.2,988.0,0.0,0.0
2024-02-25T05:00,19.5,55,6.0,988.5,0.0,0.0
2024-02-25T06:00,21.3,51,7.7,989.2,0.0,0.0
2024-02-25T07:00,22.2,50,8.8,990.2,152.2,0.0
2024-02-25T08:00,24.4,44,4.0,991.9,478.2,0.0
2024-02-25T09:00,27.0,38,2.5,992.0,654.7,0.0
2024-02-25T10:00,29.5,33,2.0,991.7,746.3,0.0
2024-02-25T11:00,31.0,38,4.5,990.9,776.8,0.0
2024-02-25T12:00,32.7,36,5.8,989.5,807.5,0.0
2024-02-25T13:00,32.8,37,9.1,988.6,673.1,0.0
2024-02-25T14:00,32.7,39,8.7,987.8,652.6,0.2
2024-02-25T15:00,32.6,39,8.1,987.3,626.0,0.2
2024-02-25T16:00,32.0,40,9.2,987.4,494.3,0.1
2024-02-25T17:00,28.1,61,18.4,987.9,316.4,0.0
2024-02-25T18:00,28.3,50,10.0,988.3,91.4,0.0
2024-02-25T19:00,27.1,58,12.1,989.0,0.0,0.0
2024-02-25T20:00,26.4,60,9.4,989.8,0.0,0.0
2024-02-25T21:00,25.3,65,9.0,990.4,0.0,0.0
2024-02-25T22:00,24.7,69,10.0,990.8,0.0,0.0
2024-02-25T23:00,24.2,72,9.9,990.7,0.0,0.0
2024-02-26T00:00,23.7,75,9.6,990.4,0.0,0.0
2024-02-26T01:00,23.3,76,9.6,989.7,0.0,0.0
2024-02-26T02:00,22.7,78,8.2,989.1,0.0,0.0
2024-02-26T03:00,22.3,80,8.9,988.8,0.0,0.0
2024-02-26T04:00,22.3,82,11.2,988.9,0.0,0.0
2024-02-26T05:00,22.2,83,11.8,989.5,0.0,0.0
2024-02-26T06:00,23.4,87,8.7,990.2,0.0,0.0
2024-02-26T07:00,24.5,83,10.5,991.4,118.7,0.0
2024-02-26T08:00,26.5,76,8.8,993.0,318.8,0.3
2024-02-26T09:00,26.6,76,7.2,993.6,196.5,0.5
2024-02-26T10:00,28.2,68,9.7,993.3,247.1,0.2
2024-02-26T11:00,29.7,61,9.3,992.8,468.4,0.2
2024-02-26T12:00,30.2,57,10.6,992.0,400.0,0.2
2024-02-26T13:00,29.6,54,9.4,990.8,200.4,0.1
2024-02-26T14:00,31.1,46,6.5,989.9,272.4,0.0
2024-02-26T15:00,31.3,44,9.8,989.0,308.1,0.0
2024-02-26T16:00,31.4,43,8.9,989.0,395.7,0.0
2024-02-26T17:00,30.4,48,9.5,989.1,146.7,0.0
2024-02-26T18:00,28.2,55,5.6,989.1,72.5,0.0
2024-02-26T19:00,26.7,63,6.2,989.9,0.0,0.0
2024-02-26T20:00,26.0,64,5.8,990.6,0.0,0.0
2024-02-26T21:00,25.6,66,4.2,991.3,0.0,0.0
2024-02-26T22:00,26.0,64,3.8,991.3,0.0,0.0
2024-02-26T23:00,24.6,70,13.8,992.4,0.0,0.0
2024-02-27T00:00,22.8,83,11.6,992.0,0.0,0.6
2024-02-27T01:00,22.4,87,11.9,991.5,0.0,0.0
2024-02-27T02:00,22.3,89,9.3,991.3,0.0,0.0
2024-02-27T03:00,21.6,93,4.1,991.0,0.0,0.0
2024-02-27T04:00,21.6,94,4.8,991.6,0.0,0.0
2024-02-27T05:00,21.3,92,9.8,992.3,0.0,0.4
2024-02-27T06:00,21.1,88,9.2,991.9,0.0,0.0
2024-02-27T07:00,22.0,88,5.4,993.0,101.6,0.0
2024-02-27T08:00,24.7,78,3.8,993.8,412.4,0.0
2024-02-27T09:00,27.3,66,8.2,994.3,599.2,0.0
2024-02-27T10:00,29.5,56,8.3,994.3,687.4,0.0
2024-02-27T11:00,30.9,50,4.7,993.3,644.9,0.0
2024-02-27T12:00,32.0,44,5.6,992.2,619.0,0.0
2024-02-27T13:00,33.0,37,6.1,990.8,720.3,0.0
2024-02-27T14:00,33.5,32,6.9,989.6,686.8,0.0
2024-02-27T15:00,33.8,29,5.0,988.5,661.3,0.0
2024-02-27T16:00,33.3,32,4.6,988.3,581.9,0.0
2024-02-27T17:00,30.8,48,11.6,988.5,385.1,0.0
2024-02-27T18:00,28.9,49,7.6,987.9,89.9,0.0
2024-02-27T19:00,26.9,57,7.0,988.8,0.0,0.0
2024-02-27T20:00,26.8,54,7.6,989.8,0.0,0.0
2024-02-27T21:00,25.7,56,6.1,990.6,0.0,0.0
2024-02-27T22:00,25.3,55,7.4,991.2,0.0,0.0
2024-02-27T23:00,26.0,50,13.6,991.6,0.0,0.0
2024-02-28T00:00,25.4,55,9.8,991.4,0.0,0.0
2024-02-28T01:00,24.2,61,6.4,991.2,0.0,0.0
2024-02-28T02:00,23.2,69,6.2,990.8,0.0,0.0
2024-02-28T03:00,22.2,73,7.0,990.4,0.0,0.0
2024-02-28T04:00,22.0,75,5.4,990.2,0.0,0.0
2024-02-28T05:00,21.8,78,5.0,990.4,0.0,0.0
2024-02-28T06:00,21.9,78,6.9,991.7,0.0,0.0
2024-02-28T07:00,23.0,75,5.2,992.8,138.9,0.0
2024-02-28T08:00,25.7,65,4.4,993.5,417.6,0.0
2024-02-28T09:00,28.2,57,4.5,993.9,610.4,0.0
2024-02-28T10:00,30.1,52,2.2,993.6,681.2,0.0
2024-02-28T11:00,31.6,47,0.8,992.7,713.4,0.0
2024-02-28T12:00,32.6,42,2.3,991.4,699.1,0.0
2024-02-28T13:00,33.3,38,4.6,989.8,730.5,0.0
2024-02-28T14:00,33.7,35,8.0,989.0,709.4,0.0
2024-02-28T15:00,33.4,33,9.7,988.3,622.0,0.0
2024-02-28T16:00,32.9,34,9.2,988.3,557.5,0.0
2024-02-28T17:00,31.6,38,8.1,988.5,393.0,0.0
2024-02-28T18:00,32.3,25,4.8,987.8,98.1,0.0
2024-02-28T19:00,28.4,33,7.6,988.2,0.0,0.0
2024-02-28T20:00,26.9,44,6.5,988.9,0.0,0.0
2024-02-28T21:00,26.1,45,8.7,989.7,0.0,0.0
2024-02-28T22:00,24.9,52,9.3,990.0,0.0,0.0
2024-02-28T23:00,24.3,49,6.8,990.0,0.0,0.0
2024-02-29T00:00,24.6,47,7.4,989.8,0.0,0.0
2024-02-29T01:00,23.9,51,7.4,989.5,0.0,0.0
2024-02-29T02:00,23.1,55,5.3,989.0,0.0,0.0
2024-02-29T03:00,22.7,59,7.6,988.9,0.0,0.0
2024-02-29T04:00,22.2,63,6.0,988.7,0.0,0.0
2024-02-29T05:00,21.5,68,5.0,989.3,0.0,0.0
2024-02-29T06:00,23.4,77,6.5,989.9,0.0,0.0
2024-02-29T07:00,24.5,72,10.1,990.9,160.0,0.0
2024-02-29T08:00,27.4,54,10.0,992.0,419.5,0.0
2024-02-29T09:00,29.9,45,9.5,992.8,546.7,0.0
2024-02-29T10:00,31.9,41,3.6,993.0,685.0,0.0
2024-02-29T11:00,33.6,35,4.0,992.4,785.0,0.0
2024-02-29T12:00,34.8,29,3.3,991.3,765.0,0.0
2024-02-29T13:00,35.5,24,1.9,990.1,692.4,0.0
2024-02-29T14:00,35.4,22,3.1,989.0,595.2,0.0
2024-02-29T15:00,35.5,20,5.9,988.5,569.7,0.0
2024-02-29T16:00,34.8,21,11.1,988.4,515.5,0.0
2024-02-29T17:00,33.1,24,12.7,988.8,376.8,0.0
2024-02-29T18:00,28.2,29,9.5,988.5,106.2,0.0
2024-02-29T19:00,27.2,31,6.6,989.3,0.0,0.0
2024-02-29T20:00,27.2,29,9.4,990.3,0.0,0.0
2024-02-29T21:00,25.5,31,9.4,990.3,0.0,0.0
2024-02-29T22:00,24.4,36,9.6,990.7,0.0,0.0
2024-02-29T23:00,24.8,33,8.8,991.0,0.0,0.0
2024-03-01T00:00,23.6,38,9.9,990.4,0.0,0.0
2024-03-01T01:00,25.0,35,9.8,990.2,0.0,0.0
2024-03-01T02:00,22.8,45,4.7,989.6,0.0,0.0
2024-03-01T03:00,24.4,37,11.6,989.9,0.0,0.0
2024-03-01T04:00,22.2,46,8.5,989.7,0.0,0.0
2024-03-01T05:00,22.1,46,5.0,990.5,0.0,0.0
2024-03-01T06:00,22.9,56,7.7,991.7,0.0,0.0
2024-03-01T07:00,24.5,53,9.5,992.6,150.4,0.0
2024-03-01T08:00,27.7,48,4.2,993.4,469.8,0.0
2024-03-01T09:00,31.1,40,6.9,993.6,656.7,0.0
2024-03-01T10:00,33.7,34,9.8,993.1,754.0,0.0
2024-03-01T11:00,35.7,25,6.8,992.5,806.1,0.0
2024-03-01T12:00,36.7,19,3.2,991.2,802.0,0.0
2024-03-01T13:00,37.1,18,5.2,990.1,780.4,0.0
2024-03-01T14:00,37.1,17,7.3,988.9,725.7,0.0
2024-03-01T15:00,36.8,16,8.9,988.2,623.5,0.0
2024-03-01T16:00,36.2,15,10.2,987.8,505.5,0.0
2024-03-01T17:00,34.3,20,5.5,987.8,354.1,0.0
2024-03-01T18:00,30.7,19,8.0,986.8,114.2,0.0
2024-03-01T19:00,29.5,18,9.3,987.7,0.0,0.0
2024-03-01T20:00,28.6,21,7.3,989.1,0.0,0.0
2024-03-01T21:00,27.4,23,7.3,989.9,0.0,0.0
2024-03-01T22:00,26.0,35,8.2,989.9,0.0,0.0
2024-03-01T23:00,24.8,43,7.6,989.6,0.0,0.0
2024-03-02T00:00,23.0,50,8.7,989.2,0.0,0.0
2024-03-02T01:00,22.2,54,5.4,989.1,0.0,0.0
2024-03-02T02:00,22.3,55,3.3,988.6,0.0,0.0
2024-03-02T03:00,22.3,54,6.8,988.7,0.0,0.0
2024-03-02T04:00,23.4,52,6.8,988.9,0.0,0.0
2024-03-02T05:00,24.3,51,5.0,989.5,0.0,0.0
2024-03-02T06:00,24.9,61,10.4,990.1,0.0,0.0
2024-03-02T07:00,25.8,60,10.3,991.4,81.7,0.0
2024-03-02T08:00,28.1,54,8.4,992.2,396.0,0.0
2024-03-02T09:00,30.0,49,9.0,992.6,469.5,0.0
2024-03-02T10:00,31.6,43,8.1,992.5,349.8,0.0
2024-03-02T11:00,33.2,38,6.9,991.9,498.9,0.0
2024-03-02T12:00,34.4,33,7.9,990.4,599.9,0.0
2024-03-02T13:00,35.0,30,7.5,989.1,505.6,0.0
2024-03-02T14:00,35.7,28,8.4,987.7,612.3,0.0
2024-03-02T15:00,35.4,27,11.5,986.9,482.4,0.0
2024-03-02T16:00,35.0,26,11.8,986.6,472.0,0.0
2024-03-02T17:00,34.1,28,8.2,986.8,331.7,0.0
2024-03-02T18:00,31.6,29,10.3,986.5,104.7,0.0
2024-03-02T19:00,30.5,31,8.2,986.8,0.0,0.0
2024-03-02T20:00,29.3,34,8.3,987.7,0.0,0.0
2024-03-02T21:00,28.8,35,11.5,988.0,0.0,0.0
2024-03-02T22:00,28.9,35,13.7,988.6,0.0,0.0
2024-03-02T23:00,28.3,35,2.2,988.9,0.0,0.0
2024-03-03T00:00,26.5,43,4.7,988.6,0.0,0.0
2024-03-03T01:00,25.1,49,4.8,988.0,0.0,0.0
2024-03-03T02:00,25.0,48,5.4,987.6,0.0,0.0
2024-03-03T03:00,24.7,47,7.1,987.6,0.0,0.0
2024-03-03T04:00,25.5,45,9.5,987.8,0.0,0.0
2024-03-03T05:00,25.4,46,12.8,988.4,0.0,0.0
2024-03-03T06:00,24.5,59,7.4,988.7,0.0,0.0
2024-03-03T07:00,26.4,53,9.8,989.4,154.0,0.0
2024-03-03T08:00,28.4,47,9.4,990.2,427.7,0.0
2024-03-03T09:00,30.6,41,10.7,990.6,628.2,0.0
2024-03-03T10:00,32.3,36,11.5,990.6,727.1,0.0
2024-03-03T11:00,33.5,33,12.6,990.1,780.4,0.0
2024-03-03T12:00,34.6,29,12.6,988.9,779.4,0.0
2024-03-03T13:00,35.1,26,13.0,987.9,669.7,0.0
2024-03-03T14:00,35.1,25,12.1,986.7,586.9,0.0
2024-03-03T15:00,35.7,24,9.8,986.0,681.9,0.0
2024-03-03T16:00,35.6,23,10.8,985.8,544.6,0.0
2024-03-03T17:00,34.0,25,13.8,986.2,397.1,0.0
2024-03-03T18:00,31.8,30,10.9,986.7,86.6,0.0
2024-03-03T19:00,30.0,34,6.4,987.0,0.0,0.0
2024-03-03T20:00,28.9,37,8.2,987.6,0.0,0.0
2024-03-03T21:00,27.9,43,12.4,988.6,0.0,0.0
2024-03-03T22:00,27.0,52,12.4,989.0,0.0,0.0
2024-03-03T23:00,26.0,58,9.3,988.5,0.0,0.0
2024-03-04T00:00,24.7,63,5.4,988.3,0.0,0.0
2024-03-04T01:00,24.0,69,7.1,987.9,0.0,0.0
2024-03-04T02:00,23.6,69,3.1,988.2,0.0,0.0
2024-03-04T03:00,24.0,68,3.6,988.4,0.0,0.0
2024-03-04T04:00,22.6,74,4.1,988.4,0.0,0.0
2024-03-04T05:00,22.3,75,4.5,988.8,0.0,0.0
2024-03-04T06:00,23.6,69,6.2,989.3,0.0,0.0
2024-03-04T07:00,25.6,59,5.4,990.9,152.1,0.0
2024-03-04T08:00,27.8,50,13.6,991.5,364.6,0.0
2024-03-04T09:00,29.7,42,14.4,991.6,609.6,0.0
2024-03-04T10:00,31.6,37,10.1,991.6,722.3,0.0
2024-03-04T11:00,33.0,33,8.8,991.1,760.5,0.0
2024-03-04T12:00,33.9,31,9.2,990.2,748.5,0.0
2024-03-04T13:00,34.2,29,8.7,989.3,616.6,0.0
2024-03-04T14:00,34.6,28,8.2,988.2,643.9,0.0
2024-03-04T15:00,34.6,28,8.0,987.5,655.0,0.0
2024-03-04T16:00,34.2,28,9.0,987.4,579.6,0.0
2024-03-04T17:00,33.0,30,11.5,987.7,438.3,0.0
2024-03-04T18:00,31.4,38,6.0,987.6,86.0,0.0
2024-03-04T19:00,29.4,45,7.2,988.1,0.0,0.0
2024-03-04T20:00,27.6,50,9.4,989.2,0.0,0.0
2024-03-04T21:00,27.4,49,7.3,989.8,0.0,0.0
2024-03-04T22:00,27.0,39,10.3,990.3,0.0,0.0
2024-03-04T23:00,25.9,34,8.4,990.4,0.0,0.0
2024-03-05T00:00,24.7,36,7.4,990.5,0.0,0.0
2024-03-05T01:00,23.6,40,6.4,990.2,0.0,0.0
2024-03-05T02:00,23.0,42,6.8,990.0,0.0,0.0
2024-03-05T03:00,22.7,39,10.1,989.8,0.0,0.0
2024-03-05T04:00,22.3,36,10.0,989.7,0.0,0.0
2024-03-05T05:00,21.0,41,4.3,990.1,0.0,0.0
2024-03-05T06:00,22.8,37,5.2,990.7,0.0,0.0
2024-03-05T07:00,24.0,34,5.8,991.6,185.9,0.0
2024-03-05T08:00,26.2,30,5.8,992.4,477.4,0.0
2024-03-05T09:00,28.5,28,3.6,993.2,640.2,0.0
2024-03-05T10:00,30.8,28,3.6,993.0,691.0,0.0
2024-03-05T11:00,32.8,28,3.7,992.0,708.4,0.0
2024-03-05T12:00,34.5,27,1.9,990.5,740.4,0.0
2024-03-05T13:00,35.5,25,5.6,989.1,735.3,0.0
2024-03-05T14:00,35.8,24,8.8,987.9,694.5,0.0
2024-03-05T15:00,35.8,22,7.9,987.0,655.7,0.0
2024-03-05T16:00,35.5,22,7.7,986.8,583.2,0.0
2024-03-05T17:00,34.5,23,7.8,986.9,412.6,0.0
2024-03-05T18:00,31.9,25,7.6,986.7,94.0,0.0
2024-03-05T19:00,30.1,30,9.8,987.7,0.0,0.0
2024-03-05T20:00,29.3,30,9.7,988.3,0.0,0.0
2024-03-05T21:00,28.2,31,9.5,988.9,0.0,0.0
2024-03-05T22:00,26.5,35,6.4,988.9,0.0,0.0
2024-03-05T23:00,26.0,36,9.6,989.4,0.0,0.0
2024-03-06T00:00,25.2,42,7.4,989.1,0.0,0.0
2024-03-06T01:00,25.8,37,8.4,988.8,0.0,0.0
2024-03-06T02:00,24.6,41,8.7,988.5,0.0,0.0
2024-03-06T03:00,24.7,40,12.3,988.4,0.0,0.0
2024-03-06T04:00,23.8,42,12.6,988.4,0.0,0.0
2024-03-06T05:00,22.3,48,5.8,989.1,0.0,0.0
2024-03-06T06:00,23.4,47,5.4,989.5,0.0,0.0
2024-03-06T07:00,24.7,45,2.6,990.9,183.6,0.0
2024-03-06T08:00,27.9,38,1.1,991.5,458.2,0.0
2024-03-06T09:00,30.9,34,1.1,992.1,634.4,0.0
2024-03-06T10:00,32.9,34,3.9,991.7,698.9,0.0
2024-03-06T11:00,34.8,30,6.0,990.8,780.8,0.0
2024-03-06T12:00,36.1,27,10.0,989.3,801.5,0.0
2024-03-06T13:00,36.4,26,9.4,987.8,685.8,0.0
2024-03-06T14:00,37.1,25,9.0,986.5,651.0,0.0
2024-03-06T15:00,36.8,24,11.6,985.6,541.1,0.0
2024-03-06T16:00,36.0,24,10.7,985.6,424.2,0.0
2024-03-06T17:00,34.8,42,3.6,985.4,301.2,0.0
2024-03-06T18:00,32.6,23,9.2,985.9,110.3,0.0
2024-03-06T19:00,31.7,24,8.7,986.8,0.0,0.0
2024-03-06T20:00,29.4,32,7.3,987.3,0.0,0.0
2024-03-06T21:00,27.9,36,7.9,987.9,0.0,0.0
2024-03-06T22:00,28.0,34,10.9,988.6,0.0,0.0
2024-03-06T23:00,27.9,35,9.8,989.0,0.0,0.0
2024-03-07T00:00,27.5,33,10.2,988.6,0.0,0.0
2024-03-07T01:00,26.5,34,10.7,987.5,0.0,0.0
2024-03-07T02:00,26.3,34,8.9,987.1,0.0,0.0
2024-03-07T03:00,24.3,43,7.9,987.0,0.0,0.0
2024-03-07T04:00,23.2,44,6.0,987.2,0.0,0.0
2024-03-07T05:00,23.3,44,7.6,987.5,0.0,0.0
2024-03-07T06:00,23.5,50,8.5,988.4,0.0,0.0
2024-03-07T07:00,24.9,48,11.0,989.7,195.3,0.0
2024-03-07T08:00,27.0,39,8.8,990.7,485.1,0.0
2024-03-07T09:00,29.1,34,4.7,991.3,653.8,0.0
2024-03-07T10:00,31.4,30,5.7,991.4,743.8,0.0
2024-03-07T11:00,33.5,25,7.6,990.5,794.4,0.0
2024-03-07T12:00,35.2,21,9.4,989.1,817.7,0.0
2024-03-07T13:00,36.2,19,10.1,987.7,818.2,0.0
2024-03-07T14:00,36.7,18,9.7,986.4,794.9,0.0
2024-03-07T15:00,36.7,16,9.4,985.7,743.7,0.0
2024-03-07T16:00,36.2,16,9.9,985.8,644.6,0.0
2024-03-07T17:00,34.8,17,8.7,986.1,457.6,0.0
2024-03-07T18:00,31.4,21,7.2,986.4,126.5,0.0
2024-03-07T19:00,30.2,22,10.8,987.3,0.0,0.0
2024-03-07T20:00,29.2,23,10.7,988.5,0.0,0.0
2024-03-07T21:00,27.2,30,6.8,989.2,0.0,0.0
2024-03-07T22:00,25.6,37,6.6,989.5,0.0,0.0
2024-03-07T23:00,25.6,35,9.7,989.2,0.0,0.0
2024-03-08T00:00,25.2,34,8.7,989.1,0.0,0.0
2024-03-08T01:00,24.2,38,8.4,989.0,0.0,0.0
2024-03-08T02:00,23.5,39,9.7,988.4,0.0,0.0
2024-03-08T03:00,23.1,39,9.2,988.4,0.0,0.0
2024-03-08T04:00,22.5,40,10.0,988.5,0.0,0.0
2024-03-08T05:00,22.2,41,9.5,988.9,0.0,0.0
2024-03-08T06:00,23.6,40,6.8,989.6,0.0,0.0
2024-03-08T07:00,24.7,38,1.5,990.9,206.7,0.0
2024-03-08T08:00,27.2,33,2.2,992.1,488.8,0.0
2024-03-08T09:00,29.7,31,2.3,992.5,651.6,0.0
2024-03-08T10:00,32.5,28,4.8,992.3,739.0,0.0
2024-03-08T11:00,34.5,26,5.2,991.1,789.0,0.0
2024-03-08T12:00,35.8,21,5.1,989.9,813.9,0.0
2024-03-08T13:00,36.5,18,7.1,988.8,813.5,0.0
2024-03-08T14:00,36.7,17,9.2,987.6,791.4,0.0
2024-03-08T15:00,36.7,16,9.2,987.0,741.5,0.0
2024-03-08T16:00,36.3,14,12.2,986.8,650.1,0.0
2024-03-08T17:00,34.7,16,12.6,987.1,406.1,0.0
2024-03-08T18:00,33.4,13,11.5,986.7,125.7,0.0
2024-03-08T19:00,31.5,14,12.3,987.7,0.0,0.0
2024-03-08T20:00,28.4,17,6.8,989.1,0.0,0.0
2024-03-08T21:00,25.9,29,9.8,989.6,0.0,0.0
2024-03-08T22:00,24.3,35,8.2,989.8,0.0,0.0
2024-03-08T23:00,24.3,37,7.7,990.0,0.0,0.0
2024-03-09T00:00,23.8,43,10.1,989.7,0.0,0.0
2024-03-09T01:00,23.5,43,9.3,989.4,0.0,0.0
2024-03-09T02:00,22.0,45,6.8,988.8,0.0,0.0
2024-03-09T03:00,21.0,48,9.5,988.8,0.0,0.0
2024-03-09T04:00,22.5,40,5.4,989.3,0.0,0.0
2024-03-09T05:00,20.2,47,7.6,989.5,0.0,0.0
2024-03-09T06:00,20.9,49,5.0,989.9,0.0,0.0
2024-03-09T07:00,23.6,40,5.6,991.3,217.9,0.0
2024-03-09T08:00,26.6,32,4.0,992.4,500.9,0.0
2024-03-09T09:00,29.5,28,4.4,992.7,663.5,0.0
2024-03-09T10:00,32.3,26,3.4,992.5,753.4,0.0
2024-03-09T11:00,34.5,24,2.5,991.4,801.4,0.0
2024-03-09T12:00,36.0,19,1.1,990.0,823.5,0.0
2024-03-09T13:00,36.8,16,1.8,988.7,822.2,0.0
2024-03-09T14:00,37.3,15,4.6,987.7,798.8,0.0
2024-03-09T15:00,37.3,15,8.1,987.1,745.0,0.0
2024-03-09T16:00,36.6,15,9.1,987.2,644.0,0.0
2024-03-09T17:00,34.7,44,4.5,987.3,456.2,0.0
2024-03-09T18:00,32.1,23,8.7,987.1,83.3,0.0
2024-03-09T19:00,32.4,22,7.7,988.2,0.0,0.0
2024-03-09T20:00,31.8,22,9.4,989.3,0.0,0.0
2024-03-09T21:00,29.6,25,9.8,989.9,0.0,0.0
2024-03-09T22:00,28.1,26,9.3,989.9,0.0,0.0
2024-03-09T23:00,26.1,32,7.9,989.8,0.0,0.0
2024-03-10T00:00,24.9,33,5.8,990.0,0.0,0.0
2024-03-10T01:00,25.6,33,6.7,989.2,0.0,0.0
2024-03-10T02:00,24.4,34,11.4,988.5,0.0,0.0
2024-03-10T03:00,24.0,36,5.4,988.6,0.0,0.0
2024-03-10T04:00,22.5,41,6.6,988.6,0.0,0.0
2024-03-10T05:00,21.3,48,5.6,989.0,0.0,0.0
2024-03-10T06:00,21.8,54,5.4,989.9,0.0,0.0
2024-03-10T07:00,23.6,50,8.7,991.7,215.3,0.0
2024-03-10T08:00,27.4,40,4.3,992.0,487.8,0.0
2024-03-10T09:00,30.9,33,4.5,992.8,654.3,0.0
2024-03-10T10:00,32.8,32,6.6,992.8,740.6,0.0
2024-03-10T11:00,34.6,35,8.2,992.3,789.1,0.0
2024-03-10T12:00,35.9,29,10.2,991.2,709.6,0.0
2024-03-10T13:00,37.2,23,7.3,990.0,805.4,0.0
2024-03-10T14:00,37.7,21,3.7,988.8,778.5,0.0
2024-03-10T15:00,37.5,21,5.1,988.2,705.8,0.0
2024-03-10T16:00,35.6,30,10.5,988.5,603.7,0.0
2024-03-10T17:00,33.7,35,14.9,988.9,434.5,0.0
2024-03-10T18:00,33.1,33,10.5,988.7,82.8,0.0
2024-03-10T19:00,32.1,36,10.8,989.3,0.0,0.0
2024-03-10T20:00,31.5,36,13.2,990.4,0.0,0.0
2024-03-10T21:00,30.3,37,7.3,991.2,0.0,0.0
2024-03-10T22:00,29.7,39,4.4,992.1,0.0,0.0
2024-03-10T23:00,29.0,42,4.3,992.1,0.0,0.0
2024-03-11T00:00,28.1,45,6.6,991.4,0.0,0.0
2024-03-11T01:00,27.2,50,8.6,990.5,0.0,0.0
2024-03-11T02:00,26.4,54,7.4,990.0,0.0,0.0
2024-03-11T03:00,25.7,58,6.6,990.0,0.0,0.0
2024-03-11T04:00,24.4,64,6.5,990.0,0.0,0.0
2024-03-11T05:00,23.9,67,6.1,990.5,0.0,0.0
2024-03-11T06:00,25.6,65,2.2,991.7,0.0,0.0
2024-03-11T07:00,27.0,62,1.4,993.2,206.2,0.0
2024-03-11T08:00,29.7,52,2.2,994.1,466.7,0.0
2024-03-11T09:00,31.9,47,5.0,994.6,627.7,0.0
2024-03-11T10:00,33.8,41,7.6,994.1,718.4,0.0
2024-03-11T11:00,35.5,35,8.4,993.1,767.6,0.0
2024-03-11T12:00,36.8,30,7.7,991.9,730.4,0.0
2024-03-11T13:00,37.8,25,7.5,990.4,746.6,0.0
2024-03-11T14:00,38.4,22,10.8,989.0,769.2,0.0
2024-03-11T15:00,38.0,20,14.2,988.2,689.6,0.0
2024-03-11T16:00,37.5,18,12.1,988.2,575.0,0.0
2024-03-11T17:00,36.6,19,10.4,988.2,338.8,0.0
2024-03-11T18:00,34.2,18,16.4,988.7,123.4,0.0
2024-03-11T19:00,32.4,20,11.1,989.3,0.0,0.0
2024-03-11T20:00,31.0,22,7.7,990.0,0.0,0.0
2024-03-11T21:00,29.8,24,7.6,990.2,0.0,0.0
2024-03-11T22:00,29.1,26,9.5,991.0,0.0,0.0
2024-03-11T23:00,26.8,44,9.4,991.2,0.0,0.0
2024-03-12T00:00,27.1,39,7.0,990.8,0.0,0.0
2024-03-12T01:00,26.3,34,7.2,990.0,0.0,0.0
2024-03-12T02:00,24.5,38,7.1,989.1,0.0,0.0
2024-03-12T03:00,23.5,41,7.6,988.9,0.0,0.0
2024-03-12T04:00,24.1,38,6.6,988.8,0.0,0.0
2024-03-12T05:00,23.6,41,2.5,989.6,0.0,0.0
2024-03-12T06:00,23.3,64,5.1,990.3,0.0,0.0
2024-03-12T07:00,25.3,62,6.5,991.4,217.0,0.0
2024-03-12T08:00,28.8,53,3.8,992.3,495.0,0.0
2024-03-12T09:00,31.9,36,4.3,992.7,653.6,0.0
2024-03-12T10:00,34.4,28,3.2,992.5,742.2,0.0
2024-03-12T11:00,36.5,23,3.1,991.7,788.2,0.0
2024-03-12T12:00,38.0,18,4.2,990.6,811.4,0.0
2024-03-12T13:00,38.8,17,7.1,989.4,809.7,0.0
2024-03-12T14:00,39.5,16,8.7,988.0,752.7,0.0
2024-03-12T15:00,39.6,15,10.9,986.7,489.2,0.0
2024-03-12T16:00,38.8,15,15.6,986.6,366.3,0.0
2024-03-12T17:00,37.3,18,8.4,986.9,334.0,0.0
2024-03-12T18:00,34.0,18,8.7,987.5,114.5,0.0
2024-03-12T19:00,30.9,22,6.1,987.7,0.0,0.0
2024-03-12T20:00,29.6,25,7.1,988.1,0.0,0.0
2024-03-12T21:00,27.9,30,6.6,988.6,0.0,0.0
2024-03-12T22:00,28.6,26,7.7,989.3,0.0,0.0
2024-03-12T23:00,28.3,27,4.8,989.1,0.0,0.0
2024-03-13T00:00,26.8,30,6.9,988.6,0.0,0.0
2024-03-13T01:00,26.0,32,8.1,987.5,0.0,0.0
2024-03-13T02:00,25.6,36,6.8,986.8,0.0,0.0
2024-03-13T03:00,25.7,34,2.5,986.6,0.0,0.0
2024-03-13T04:00,25.1,41,4.4,986.5,0.0,0.0
2024-03-13T05:00,25.4,45,3.6,987.4,0.0,0.0
2024-03-13T06:00,23.9,54,4.8,987.8,0.0,0.0
2024-03-13T07:00,26.8,41,7.4,989.3,214.5,0.0
2024-03-13T08:00,30.9,33,8.7,990.4,485.2,0.0
2024-03-13T09:00,33.6,27,7.7,991.0,618.8,0.0
2024-03-13T10:00,35.6,24,5.2,990.7,717.6,0.0
2024-03-13T11:00,37.0,23,6.4,989.8,768.0,0.0
2024-03-13T12:00,38.1,22,7.6,988.7,800.3,0.0
2024-03-13T13:00,39.0,20,10.4,987.5,791.0,0.0
2024-03-13T14:00,39.1,19,12.8,986.3,688.6,0.0
2024-03-13T15:00,38.8,19,13.8,985.8,680.2,0.0
2024-03-13T16:00,38.0,19,15.5,985.6,471.1,0.0
2024-03-13T17:00,37.0,19,13.3,985.9,310.1,0.0
2024-03-13T18:00,36.3,16,13.6,985.6,81.3,0.0
2024-03-13T19:00,34.8,16,14.2,986.6,0.0,0.0
2024-03-13T20:00,33.2,18,13.0,987.9,0.0,0.0
2024-03-13T21:00,32.2,16,12.2,988.9,0.0,0.0
2024-03-13T22:00,30.2,16,8.2,989.5,0.0,0.0
2024-03-13T23:00,30.3,16,6.0,989.9,0.0,0.0
2024-03-14T00:00,26.9,23,4.8,989.6,0.0,0.0
2024-03-14T01:00,27.6,21,5.2,989.1,0.0,0.0
2024-03-14T02:00,24.7,27,5.6,988.4,0.0,0.0
2024-03-14T03:00,23.8,27,5.6,988.1,0.0,0.0
2024-03-14T04:00,22.8,32,6.2,988.2,0.0,0.0
2024-03-14T05:00,22.5,31,4.8,988.9,0.0,0.0
2024-03-14T06:00,24.1,34,6.1,989.8,0.0,0.0
2024-03-14T07:00,25.4,34,3.3,991.1,192.9,0.0
2024-03-14T08:00,28.6,27,1.3,992.3,462.1,0.0
2024-03-14T09:00,32.0,22,5.6,992.8,675.4,0.0
2024-03-14T10:00,34.6,16,9.7,992.4,764.0,0.0
2024-03-14T11:00,36.0,13,11.3,991.6,809.4,0.0
2024-03-14T12:00,36.9,12,9.9,990.3,828.4,0.0
2024-03-14T13:00,37.4,12,8.3,989.2,826.3,0.0
2024-03-14T14:00,37.5,12,7.9,988.2,801.3,0.0
2024-03-14T15:00,37.3,13,7.1,987.3,746.1,0.0
2024-03-14T16:00,36.8,13,6.4,987.1,643.2,0.0
2024-03-14T17:00,35.5,16,5.4,987.1,458.3,0.0
2024-03-14T18:00,31.2,24,9.9,987.0,129.4,0.0
2024-03-14T19:00,30.4,25,8.9,987.3,0.0,0.0
2024-03-14T20:00,28.8,26,10.0,988.0,0.0,0.0
2024-03-14T21:00,29.3,23,9.5,988.4,0.0,0.0
2024-03-14T22:00,27.3,28,6.6,988.9,0.0,0.0
2024-03-14T23:00,26.3,42,7.9,988.6,0.0,0.0
2024-03-15T00:00,25.0,48,9.9,988.1,0.0,0.0
2024-03-15T01:00,25.9,36,8.9,987.6,0.0,0.0
2024-03-15T02:00,25.0,33,8.7,987.0,0.0,0.0
2024-03-15T03:00,23.9,35,7.3,986.9,0.0,0.0
2024-03-15T04:00,23.5,39,8.8,986.7,0.0,0.0
2024-03-15T05:00,23.2,43,7.3,987.5,0.0,0.0
2024-03-15T06:00,23.5,43,7.4,988.7,0.0,0.0
2024-03-15T07:00,25.7,37,9.0,989.7,241.6,0.0
2024-03-15T08:00,28.9,29,7.3,990.8,508.2,0.0
2024-03-15T09:00,31.7,24,8.3,991.1,668.2,0.0
2024-03-15T10:00,34.2,21,7.5,991.0,754.1,0.0
2024-03-15T11:00,36.1,17,6.4,990.3,798.6,0.0
2024-03-15T12:00,37.3,16,4.8,988.8,817.3,0.0
2024-03-15T13:00,38.1,15,2.6,987.9,815.4,0.0
2024-03-15T14:00,38.3,15,7.3,986.6,786.3,0.0
2024-03-15T15:00,37.9,16,12.3,985.8,733.0,0.0
2024-03-15T16:00,36.9,17,13.9,986.0,630.1,0.0
2024-03-15T17:00,35.8,18,6.5,986.1,440.4,0.0
2024-03-15T18:00,32.8,22,7.9,985.6,96.6,0.0
2024-03-15T19:00,31.8,26,12.4,986.6,0.0,0.0
2024-03-15T20:00,31.2,33,10.0,987.6,0.0,0.0
2024-03-15T21:00,29.4,37,9.1,988.5,0.0,0.0
2024-03-15T22:00,29.4,38,8.0,989.3,0.0,0.0
2024-03-15T23:00,28.9,37,8.0,989.3,0.0,0.0
2024-03-16T00:00,28.2,41,10.1,989.0,0.0,0.0
2024-03-16T01:00,27.7,45,10.4,988.6,0.0,0.0
2024-03-16T02:00,26.8,51,8.6,988.1,0.0,0.0
2024-03-16T03:00,24.9,60,7.3,988.0,0.0,0.0
2024-03-16T04:00,25.0,59,7.5,987.9,0.0,0.0
2024-03-16T05:00,24.8,63,8.7,988.3,0.0,0.0
2024-03-16T06:00,26.4,71,11.0,989.3,0.0,0.0
2024-03-16T07:00,27.8,66,12.5,990.3,119.4,0.0
2024-03-16T08:00,29.7,60,13.0,991.0,435.4,0.0
2024-03-16T09:00,31.9,49,12.3,991.3,594.7,0.0
2024-03-16T10:00,34.0,36,14.2,991.3,678.1,0.0
2024-03-16T11:00,35.8,28,14.8,990.2,694.7,0.0
2024-03-16T12:00,35.9,29,13.7,989.4,706.8,0.0
2024-03-16T13:00,35.2,33,8.9,988.6,520.3,0.0
2024-03-16T14:00,33.6,40,13.9,987.6,535.2,0.5
2024-03-16T15:00,31.7,48,9.2,987.3,433.7,0.0
2024-03-16T16:00,32.1,47,13.6,987.0,440.7,0.0
2024-03-16T17:00,31.6,49,10.3,987.8,325.0,0.0
2024-03-16T18:00,30.7,49,7.2,987.2,96.1,0.0
2024-03-16T19:00,30.2,51,8.2,987.7,0.0,0.0
2024-03-16T20:00,30.0,52,10.9,988.9,0.0,0.0
2024-03-16T21:00,30.5,45,14.4,989.6,0.0,0.0
2024-03-16T22:00,29.7,47,13.8,989.6,0.0,0.0
2024-03-16T23:00,29.3,49,10.1,989.1,0.0,0.0
2024-03-17T00:00,27.9,55,9.8,988.9,0.0,0.0
2024-03-17T01:00,26.4,61,7.2,988.3,0.0,0.0
2024-03-17T02:00,25.8,64,9.1,988.0,0.0,0.0
2024-03-17T03:00,25.5,65,10.0,988.0,0.0,0.0
2024-03-17T04:00,25.3,65,9.7,988.1,0.0,0.0
2024-03-17T05:00,25.0,66,9.5,988.9,0.0,0.0
2024-03-17T06:00,24.9,79,12.0,990.5,0.0,0.0
2024-03-17T07:00,25.7,74,9.5,991.1,155.4,0.0
2024-03-17T08:00,28.0,67,11.0,992.3,452.3,0.2
2024-03-17T09:00,29.1,60,10.2,993.2,451.1,0.1
2024-03-17T10:00,28.7,60,12.0,993.2,465.6,0.0
2024-03-17T11:00,31.5,51,11.0,992.0,591.5,0.0
2024-03-17T12:00,33.4,43,11.5,990.6,731.8,0.0
2024-03-17T13:00,34.1,41,13.1,989.4,702.2,0.0
2024-03-17T14:00,34.6,40,13.3,988.4,679.5,0.0
2024-03-17T15:00,32.7,42,9.7,988.1,434.0,0.3
2024-03-17T16:00,32.3,45,12.6,987.9,235.7,0.0
2024-03-17T17:00,31.1,52,10.1,988.5,157.1,0.0
2024-03-17T18:00,32.3,39,10.7,988.0,71.7,0.0
2024-03-17T19:00,31.2,45,13.8,988.7,0.0,0.0
2024-03-17T20:00,30.7,49,14.5,989.5,0.0,0.0
2024-03-17T21:00,29.7,54,5.3,990.2,0.0,0.0
2024-03-17T22:00,28.4,61,5.8,990.2,0.0,0.0
2024-03-17T23:00,27.6,63,5.4,989.7,0.0,0.0
2024-03-18T00:00,27.2,65,3.6,989.1,0.0,0.0
2024-03-18T01:00,26.2,68,11.5,988.8,0.0,0.0
2024-03-18T02:00,25.6,69,3.8,988.1,0.0,0.0
2024-03-18T03:00,25.3,70,9.4,988.4,0.0,0.0
2024-03-18T04:00,24.0,75,8.8,988.1,0.0,0.0
2024-03-18T05:00,23.9,75,9.4,988.8,0.0,0.0
2024-03-18T06:00,24.3,84,8.3,989.8,0.0,0.0
2024-03-18T07:00,24.9,81,13.3,991.1,147.6,0.1
2024-03-18T08:00,26.3,74,10.7,992.0,285.9,0.0
2024-03-18T09:00,29.2,63,11.8,992.0,542.7,0.0
2024-03-18T10:00,31.2,54,12.6,991.6,671.2,0.0
2024-03-18T11:00,33.1,48,8.1,991.0,706.1,0.0
2024-03-18T12:00,33.5,45,5.9,989.7,490.8,0.0
2024-03-18T13:00,34.2,42,6.1,988.4,477.5,0.0
2024-03-18T14:00,34.7,39,12.8,987.2,581.1,0.0
2024-03-18T15:00,31.9,48,9.1,986.3,438.6,0.5
2024-03-18T16:00,31.8,47,12.7,986.3,350.7,0.0
2024-03-18T17:00,31.5,48,7.2,986.8,144.0,0.0
2024-03-18T18:00,29.1,63,4.0,987.1,95.1,0.0
2024-03-18T19:00,28.1,66,9.0,987.5,0.0,0.0
2024-03-18T20:00,27.6,66,9.2,988.4,0.0,0.0
2024-03-18T21:00,27.0,68,10.3,989.0,0.0,0.0
2024-03-18T22:00,26.7,69,7.9,989.3,0.0,0.0
2024-03-18T23:00,26.0,73,12.5,988.4,0.0,0.0
2024-03-19T00:00,23.3,89,12.9,990.6,0.0,11.3
2024-03-19T01:00,23.1,95,12.2,987.5,0.0,0.2
2024-03-19T02:00,22.5,93,8.6,987.0,0.0,0.0
2024-03-19T03:00,21.8,95,3.6,987.2,0.0,0.0
2024-03-19T04:00,21.9,95,4.9,987.5,0.0,0.0
2024-03-19T05:00,22.2,94,7.0,988.1,0.0,0.0
2024-03-19T06:00,24.2,80,7.1,988.9,0.0,0.0
2024-03-19T07:00,25.6,74,6.6,989.7,206.8,0.0
2024-03-19T08:00,28.4,59,11.2,990.7,469.7,0.0
2024-03-19T09:00,30.8,45,11.6,990.8,634.9,0.0
2024-03-19T10:00,33.0,37,9.7,990.8,718.2,0.0
2024-03-19T11:00,34.9,28,9.5,989.9,748.3,0.0
2024-03-19T12:00,35.4,30,10.1,988.4,656.9,0.0
2024-03-19T13:00,33.0,38,11.6,987.3,448.2,0.1
2024-03-19T14:00,30.6,48,11.4,987.5,383.0,0.0
2024-03-19T15:00,27.0,56,12.2,988.0,108.7,0.0
2024-03-19T16:00,28.6,49,1.5,986.8,176.7,0.0
2024-03-19T17:00,28.9,49,2.5,988.0,336.7,0.0
2024-03-19T18:00,26.4,59,4.7,987.2,126.2,0.0
2024-03-19T19:00,25.3,64,7.2,988.4,0.0,0.0
2024-03-19T20:00,24.7,68,10.2,989.4,0.0,0.0
2024-03-19T21:00,24.3,74,12.5,990.2,0.0,0.0
2024-03-19T22:00,23.4,79,10.5,991.2,0.0,0.0
2024-03-19T23:00,23.0,83,6.4,989.7,0.0,0.0
2024-03-20T00:00,21.9,89,4.6,989.6,0.0,0.0
2024-03-20T01:00,21.5,90,5.1,988.8,0.0,0.0
2024-03-20T02:00,20.7,94,5.0,988.2,0.0,0.0
2024-03-20T03:00,20.7,94,6.2,988.5,0.0,0.0
2024-03-20T04:00,20.3,96,9.1,988.8,0.0,0.0
2024-03-20T05:00,20.3,97,7.1,989.7,0.0,0.0
2024-03-20T06:00,20.2,92,6.3,991.4,0.0,0.0
2024-03-20T07:00,21.6,84,4.3,992.3,204.5,0.0
2024-03-20T08:00,23.7,73,8.6,993.5,501.0,0.0
2024-03-20T09:00,26.1,61,4.8,993.4,629.7,0.0
2024-03-20T10:00,28.5,51,5.9,993.3,740.1,0.0
2024-03-20T11:00,30.6,42,6.7,992.3,789.0,0.0
2024-03-20T12:00,32.3,34,5.4,991.2,809.3,0.0
2024-03-20T13:00,33.7,24,0.8,990.1,763.2,0.0
2024-03-20T14:00,33.9,21,5.1,989.0,537.4,0.0
2024-03-20T15:00,34.0,20,6.7,988.1,641.1,0.0
2024-03-20T16:00,33.2,19,16.3,987.9,571.6,0.0
2024-03-20T17:00,29.8,30,17.7,988.6,375.9,0.0
2024-03-20T18:00,29.0,22,7.6,987.9,141.4,0.0
2024-03-20T19:00,26.1,29,6.5,988.8,0.0,0.0
2024-03-20T20:00,25.4,32,9.3,990.0,0.0,0.0
2024-03-20T21:00,25.3,33,12.0,990.5,0.0,0.0
2024-03-20T22:00,24.1,38,8.0,990.6,0.0,0.0
2024-03-20T23:00,23.4,42,11.9,990.8,0.0,0.0
2024-03-21T00:00,22.9,45,12.6,990.3,0.0,0.0
2024-03-21T01:00,22.0,60,11.6,989.6,0.0,0.0
2024-03-21T02:00,21.2,69,9.4,989.0,0.0,0.0
2024-03-21T03:00,21.0,72,12.6,988.8,0.0,0.0
2024-03-21T04:00,20.9,74,11.6,988.6,0.0,0.0
2024-03-21T05:00,20.4,78,11.7,989.0,0.0,0.0
2024-03-21T06:00,21.6,81,10.2,990.1,0.0,0.0
2024-03-21T07:00,23.6,78,9.5,991.0,261.8,0.0
2024-03-21T08:00,26.4,71,13.4,991.8,511.7,0.0
2024-03-21T09:00,28.6,62,11.6,992.0,532.1,0.0
2024-03-21T10:00,31.0,48,9.4,991.5,676.1,0.0
2024-03-21T11:00,33.0,37,7.9,990.6,768.4,0.0
2024-03-21T12:00,34.3,28,5.8,989.4,782.7,0.0
2024-03-21T13:00,35.2,24,4.8,988.1,713.9,0.0
2024-03-21T14:00,36.0,22,7.4,986.7,721.7,0.0
2024-03-21T15:00,35.7,21,11.8,986.0,605.0,0.0
2024-03-21T16:00,35.0,21,8.8,985.9,381.4,0.0
2024-03-21T17:00,34.3,21,4.6,986.0,349.8,0.0
2024-03-21T18:00,30.5,27,7.6,985.8,117.3,0.0
2024-03-21T19:00,30.0,28,6.4,986.7,0.0,0.0
2024-03-21T20:00,28.5,33,5.5,987.4,0.0,0.0
2024-03-21T21:00,26.8,36,6.8,988.0,0.0,0.0
2024-03-21T22:00,25.6,38,7.9,988.1,0.0,0.0
2024-03-21T23:00,24.9,40,7.4,987.6,0.0,0.0
2024-03-22T00:00,23.3,45,8.9,986.9,0.0,0.0
2024-03-22T01:00,23.5,41,6.9,986.1,0.0,0.0
2024-03-22T02:00,22.5,43,6.2,985.6,0.0,0.0
2024-03-22T03:00,22.2,44,11.4,985.9,0.0,0.0
2024-03-22T04:00,21.7,45,8.2,986.4,0.0,0.0
2024-03-22T05:00,21.1,44,6.1,986.7,0.0,0.0
2024-03-22T06:00,22.5,47,5.9,987.2,0.0,0.0
2024-03-22T07:00,25.3,47,9.7,988.3,264.9,0.0
2024-03-22T08:00,28.5,45,10.9,989.1,509.7,0.0
2024-03-22T09:00,30.5,46,10.0,989.5,655.7,0.0
2024-03-22T10:00,32.9,41,8.3,989.4,740.7,0.0
2024-03-22T11:00,35.2,32,6.1,988.4,785.3,0.0
2024-03-22T12:00,37.0,20,7.2,986.7,788.1,0.0
2024-03-22T13:00,37.7,17,11.7,985.7,739.3,0.0
2024-03-22T14:00,38.2,16,12.3,984.6,779.9,0.0
2024-03-22T15:00,37.9,15,14.3,983.8,729.8,0.0
2024-03-22T16:00,37.2,14,14.6,983.7,633.5,0.0
2024-03-22T17:00,35.9,15,11.5,984.0,456.5,0.0
2024-03-22T18:00,31.9,17,8.7,983.2,140.2,0.0
2024-03-22T19:00,30.8,21,7.8,983.9,0.0,0.0
2024-03-22T20:00,28.5,29,12.4,984.4,0.0,0.0
2024-03-22T21:00,28.7,25,7.8,985.1,0.0,0.0
2024-03-22T22:00,27.7,24,8.1,985.7,0.0,0.0
2024-03-22T23:00,25.6,35,6.8,985.2,0.0,0.0
2024-03-23T00:00,24.1,40,5.7,985.2,0.0,0.0
2024-03-23T01:00,23.7,36,6.3,984.9,0.0,0.0
2024-03-23T02:00,23.1,38,7.2,984.8,0.0,0.0
2024-03-23T03:00,21.6,46,7.9,984.5,0.0,0.0
2024-03-23T04:00,21.8,46,1.1,984.7,0.0,0.0
2024-03-23T05:00,21.5,47,7.9,985.5,0.0,0.0
2024-03-23T06:00,23.1,49,8.1,986.2,0.0,0.0
2024-03-23T07:00,25.5,50,12.5,987.3,278.5,0.0
2024-03-23T08:00,28.8,47,14.5,988.4,525.1,0.0
2024-03-23T09:00,31.5,43,13.5,988.7,671.8,0.0
2024-03-23T10:00,34.4,36,10.2,988.5,752.0,0.0
2024-03-23T11:00,36.8,28,6.9,988.0,793.0,0.0
2024-03-23T12:00,38.4,18,4.3,986.6,752.1,0.0
2024-03-23T13:00,38.9,15,3.0,985.4,649.5,0.0
2024-03-23T14:00,39.3,14,4.7,984.2,736.3,0.0
2024-03-23T15:00,39.4,13,7.3,983.5,736.6,0.0
2024-03-23T16:00,38.9,13,8.0,983.4,628.3,0.0
2024-03-23T17:00,37.2,18,3.2,983.8,470.3,0.0
2024-03-23T18:00,34.0,15,7.8,983.6,155.1,0.0
2024-03-23T19:00,31.5,18,7.3,984.7,0.0,0.0
2024-03-23T20:00,30.8,19,7.5,985.8,0.0,0.0
2024-03-23T21:00,28.7,25,11.3,986.2,0.0,0.0
2024-03-23T22:00,27.8,28,9.9,986.5,0.0,0.0
2024-03-23T23:00,26.1,34,10.2,986.4,0.0,0.0
2024-03-24T00:00,26.2,33,6.4,986.3,0.0,0.0
2024-03-24T01:00,24.5,37,4.2,985.9,0.0,0.0
2024-03-24T02:00,25.7,32,5.2,985.5,0.0,0.0
2024-03-24T03:00,22.9,40,6.5,985.7,0.0,0.0
2024-03-24T04:00,22.8,43,6.2,986.0,0.0,0.0
2024-03-24T05:00,23.1,51,15.6,986.8,0.0,0.0
2024-03-24T06:00,25.2,50,10.6,987.4,0.0,0.0
2024-03-24T07:00,27.5,53,13.0,988.7,278.5,0.0
2024-03-24T08:00,29.7,54,16.3,990.1,508.4,0.0
2024-03-24T09:00,32.1,48,16.2,990.4,541.5,0.0
2024-03-24T10:00,34.9,38,15.9,990.0,631.1,0.0
2024-03-24T11:00,37.2,29,15.0,989.5,745.8,0.0
2024-03-24T12:00,37.9,23,9.4,988.7,494.9,0.0
2024-03-24T13:00,38.5,20,5.5,987.5,541.9,0.0
2024-03-24T14:00,39.2,19,6.2,986.5,661.3,0.0
2024-03-24T15:00,38.9,19,5.4,986.1,562.8,0.0
2024-03-24T16:00,38.1,19,5.2,986.3,273.9,0.0
2024-03-24T17:00,35.9,24,15.6,987.1,116.4,0.0
2024-03-24T18:00,35.1,19,6.8,986.4,38.6,0.0
2024-03-24T19:00,32.1,23,6.0,987.1,0.0,0.0
2024-03-24T20:00,31.7,26,11.2,988.1,0.0,0.0
2024-03-24T21:00,30.6,28,10.0,988.6,0.0,0.0
2024-03-24T22:00,29.0,32,6.5,988.7,0.0,0.0
2024-03-24T23:00,28.6,33,6.9,988.4,0.0,0.0
2024-03-25T00:00,28.1,34,9.3,988.0,0.0,0.0
2024-03-25T01:00,27.3,37,8.2,987.5,0.0,0.0
2024-03-25T02:00,26.7,40,9.3,987.1,0.0,0.0
2024-03-25T03:00,26.4,44,8.2,987.0,0.0,0.0
2024-03-25T04:00,24.7,51,7.0,987.2,0.0,0.0
2024-03-25T05:00,25.3,52,10.4,987.7,0.0,0.0
2024-03-25T06:00,26.2,57,7.2,989.1,0.0,0.0
2024-03-25T07:00,28.2,51,8.9,989.9,267.3,0.0
2024-03-25T08:00,30.8,43,7.6,991.1,509.1,0.0
2024-03-25T09:00,33.3,37,7.1,991.2,651.9,0.0
2024-03-25T10:00,35.6,31,6.1,991.1,692.7,0.0
2024-03-25T11:00,37.5,27,7.2,990.4,720.2,0.0
2024-03-25T12:00,36.5,24,10.8,989.7,558.2,0.0
2024-03-25T13:00,37.8,22,6.3,988.0,458.3,0.0
2024-03-25T14:00,38.6,21,7.6,986.8,610.0,0.0
2024-03-25T15:00,38.8,21,9.4,986.1,649.8,0.0
2024-03-25T16:00,37.2,21,10.5,986.1,278.8,0.0
2024-03-25T17:00,36.4,22,5.2,986.4,225.9,0.0
2024-03-25T18:00,34.9,24,10.0,986.5,100.0,0.0
2024-03-25T19:00,33.0,28,6.3,987.1,0.0,0.0
2024-03-25T20:00,31.3,32,8.7,987.5,0.0,0.0
2024-03-25T21:00,31.1,33,6.1,988.0,0.0,0.0
2024-03-25T22:00,29.8,37,13.4,988.3,0.0,0.0
2024-03-25T23:00,29.9,34,8.0,988.2,0.0,0.0
2024-03-26T00:00,29.4,33,4.5,988.1,0.0,0.0
2024-03-26T01:00,28.7,36,6.9,987.8,0.0,0.0
2024-03-26T02:00,26.9,41,4.8,987.3,0.0,0.0
2024-03-26T03:00,27.1,41,8.9,986.9,0.0,0.0
2024-03-26T04:00,26.2,42,6.9,987.3,0.0,0.0
2024-03-26T05:00,25.8,41,7.9,987.7,0.0,0.0
2024-03-26T06:00,26.0,45,11.2,988.5,0.0,0.0
2024-03-26T07:00,27.7,46,9.8,989.5,262.1,0.0
2024-03-26T08:00,30.5,42,9.3,990.8,447.2,0.0
2024-03-26T09:00,33.4,34,6.8,991.4,682.4,0.0
2024-03-26T10:00,35.7,29,7.2,990.9,762.7,0.0
2024-03-26T11:00,37.5,25,8.7,990.5,777.2,0.0
2024-03-26T12:00,38.6,22,9.2,989.3,708.8,0.0
2024-03-26T13:00,39.1,20,9.7,988.1,613.4,0.0
2024-03-26T14:00,39.4,18,9.0,987.0,634.5,0.0
2024-03-26T15:00,39.2,18,9.7,986.5,636.3,0.0
2024-03-26T16:00,38.6,18,9.7,986.6,529.1,0.0
2024-03-26T17:00,37.7,19,7.9,986.8,371.3,0.0
2024-03-26T18:00,35.9,19,7.3,987.0,130.2,0.0
2024-03-26T19:00,33.1,24,8.2,987.4,0.0,0.0
2024-03-26T20:00,32.0,25,6.3,987.8,0.0,0.0
2024-03-26T21:00,31.5,27,10.9,988.4,0.0,0.0
2024-03-26T22:00,31.0,28,11.7,989.4,0.0,0.0
2024-03-26T23:00,30.4,30,7.4,989.6,0.0,0.0
2024-03-27T00:00,29.9,30,12.5,989.4,0.0,0.0
2024-03-27T01:00,28.5,35,7.9,989.2,0.0,0.0
2024-03-27T02:00,27.6,39,9.7,989.0,0.0,0.0
2024-03-27T03:00,27.0,44,11.1,989.1,0.0,0.0
2024-03-27T04:00,26.4,47,10.5,989.4,0.0,0.0
2024-03-27T05:00,25.9,49,13.0,990.2,0.0,0.0
2024-03-27T06:00,26.4,53,12.7,991.4,0.0,0.0
2024-03-27T07:00,27.7,52,12.0,992.5,273.3,0.0
2024-03-27T08:00,29.7,46,13.0,993.5,505.6,0.0
2024-03-27T09:00,32.0,39,13.4,993.7,635.8,0.0
2024-03-27T10:00,34.3,31,11.2,993.9,709.2,0.0
2024-03-27T11:00,36.5,24,9.4,992.9,759.5,0.0
2024-03-27T12:00,38.1,22,7.9,991.7,793.5,0.0
2024-03-27T13:00,39.2,20,6.9,990.2,792.5,0.0
2024-03-27T14:00,39.7,18,6.0,988.9,706.5,0.0
2024-03-27T15:00,39.7,18,6.5,987.9,633.8,0.0
2024-03-27T16:00,39.4,18,8.9,987.7,520.7,0.0
2024-03-27T17:00,38.2,18,11.2,987.8,388.3,0.0
2024-03-27T18:00,34.8,22,6.6,987.9,129.7,0.0
2024-03-27T19:00,33.2,24,6.6,988.3,0.0,0.0
2024-03-27T20:00,31.1,27,6.2,988.8,0.0,0.0
2024-03-27T21:00,30.8,28,12.3,989.6,0.0,0.0
2024-03-27T22:00,30.5,29,13.2,989.8,0.0,0.0
2024-03-27T23:00,30.1,29,12.2,989.7,0.0,0.0
2024-03-28T00:00,29.9,30,10.1,989.2,0.0,0.0
2024-03-28T01:00,28.9,33,7.8,988.7,0.0,0.0
2024-03-28T02:00,27.8,38,6.2,987.9,0.0,0.0
2024-03-28T03:00,26.4,46,8.2,987.3,0.0,0.0
2024-03-28T04:00,26.4,48,5.0,987.6,0.0,0.0
2024-03-28T05:00,26.6,52,9.9,988.1,0.0,0.0
2024-03-28T06:00,27.2,56,12.2,989.0,0.0,0.0
2024-03-28T07:00,28.6,54,13.7,990.0,278.7,0.0
2024-03-28T08:00,30.8,47,14.2,991.0,515.9,0.0
2024-03-28T09:00,33.3,40,13.4,991.2,658.2,0.0
2024-03-28T10:00,36.2,32,12.3,990.5,737.1,0.0
2024-03-28T11:00,38.7,25,12.3,989.8,779.6,0.0
2024-03-28T12:00,40.3,20,9.4,988.4,798.1,0.0
2024-03-28T13:00,40.9,18,7.2,987.2,636.7,0.0
2024-03-28T14:00,41.4,16,5.5,985.6,675.1,0.0
2024-03-28T15:00,41.5,16,4.4,985.1,705.2,0.0
2024-03-28T16:00,41.1,17,2.3,984.8,612.6,0.0
2024-03-28T17:00,40.2,17,4.9,984.9,390.1,0.0
2024-03-28T18:00,37.5,16,8.4,984.5,91.2,0.0
2024-03-28T19:00,34.2,20,5.9,985.2,0.0,0.0
2024-03-28T20:00,33.6,23,6.8,986.2,0.0,0.0
2024-03-28T21:00,31.7,25,5.6,986.6,0.0,0.0
2024-03-28T22:00,32.4,24,12.7,986.8,0.0,0.0
2024-03-28T23:00,31.7,28,13.4,986.2,0.0,0.0
2024-03-29T00:00,30.9,31,10.0,985.7,0.0,0.0
2024-03-29T01:00,30.8,31,8.5,985.0,0.0,0.0
2024-03-29T02:00,30.4,30,9.9,985.0,0.0,0.0
2024-03-29T03:00,29.3,33,8.2,984.4,0.0,0.0
2024-03-29T04:00,29.7,31,8.6,984.8,0.0,0.0
2024-03-29T05:00,28.6,36,13.7,985.3,0.0,0.0
2024-03-29T06:00,27.8,40,5.4,986.2,0.0,0.0
2024-03-29T07:00,29.6,40,8.0,987.3,253.1,0.0
2024-03-29T08:00,32.4,41,10.7,988.4,500.2,0.0
2024-03-29T09:00,35.7,35,12.2,988.7,664.5,0.0
2024-03-29T10:00,38.3,30,9.0,988.7,749.7,0.0
2024-03-29T11:00,40.3,24,8.9,987.9,763.2,0.0
2024-03-29T12:00,40.1,21,9.6,987.5,552.2,0.0
2024-03-29T13:00,41.0,18,9.7,986.5,588.7,0.0
2024-03-29T14:00,40.6,20,14.7,985.5,622.0,0.0
2024-03-29T15:00,40.6,20,14.1,984.8,660.3,0.0
2024-03-29T16:00,40.1,21,13.0,984.5,553.2,0.0
2024-03-29T17:00,38.2,23,15.6,984.8,343.7,0.0
2024-03-29T18:00,34.9,31,16.6,984.8,121.2,0.0
2024-03-29T19:00,33.9,32,8.1,985.1,0.0,0.0
2024-03-29T20:00,32.7,34,9.4,986.0,0.0,0.0
2024-03-29T21:00,33.2,31,13.1,986.7,0.0,0.0
2024-03-29T22:00,32.8,32,13.0,987.1,0.0,0.0
2024-03-29T23:00,32.2,34,10.5,987.1,0.0,0.0
2024-03-30T00:00,30.9,37,10.1,986.8,0.0,0.0
2024-03-30T01:00,29.5,40,5.9,986.8,0.0,0.0
2024-03-30T02:00,30.1,37,2.9,986.7,0.0,0.0
2024-03-30T03:00,27.7,42,8.8,986.3,0.0,0.0
2024-03-30T04:00,27.6,38,8.5,986.3,0.0,0.0
2024-03-30T05:00,26.6,40,8.0,987.1,0.0,0.0
2024-03-30T06:00,27.6,49,0.5,988.0,0.0,0.0
2024-03-30T07:00,29.8,42,3.3,989.8,218.2,0.0
2024-03-30T08:00,32.5,35,1.3,990.9,382.2,0.0
2024-03-30T09:00,34.7,31,1.1,990.9,502.0,0.0
2024-03-30T10:00,36.9,26,3.2,990.4,641.7,0.0
2024-03-30T11:00,38.7,23,6.1,989.8,705.0,0.0
2024-03-30T12:00,40.1,21,7.9,988.7,750.8,0.0
2024-03-30T13:00,40.7,20,8.4,987.5,647.1,0.0
2024-03-30T14:00,41.0,19,8.4,986.3,579.4,0.0
2024-03-30T15:00,40.9,18,7.6,985.6,567.8,0.0
2024-03-30T16:00,40.2,19,6.8,985.4,477.6,0.0
2024-03-30T17:00,39.4,20,5.4,985.7,345.6,0.0
2024-03-30T18:00,36.5,22,7.1,985.6,105.6,0.0
2024-03-30T19:00,36.3,22,6.2,986.6,0.0,0.0
2024-03-30T20:00,35.8,22,4.8,987.7,0.0,0.0
2024-03-30T21:00,34.3,24,0.5,989.2,0.0,0.0
2024-03-30T22:00,33.8,27,18.0,990.6,0.0,0.0
2024-03-30T23:00,32.8,29,6.5,991.0,0.0,0.0
2024-03-31T00:00,31.0,34,4.3,990.5,0.0,0.0
2024-03-31T01:00,29.8,37,10.6,990.2,0.0,0.0
2024-03-31T02:00,29.4,41,13.0,990.0,0.0,0.0
2024-03-31T03:00,29.4,42,6.3,989.6,0.0,0.0
2024-03-31T04:00,27.6,48,5.4,990.2,0.0,0.0
2024-03-31T05:00,27.2,51,7.3,990.4,0.0,0.0
2024-03-31T06:00,27.8,64,11.6,990.9,0.0,0.0
2024-03-31T07:00,29.1,63,14.1,991.9,104.8,0.3
2024-03-31T08:00,31.2,54,10.7,992.9,108.7,0.0
2024-03-31T09:00,33.1,43,10.3,992.7,80.1,0.0
2024-03-31T10:00,36.4,28,2.2,992.0,413.1,0.0
2024-03-31T11:00,36.8,26,6.3,991.2,166.2,0.0
2024-03-31T12:00,37.5,26,14.3,990.9,580.2,0.0
2024-03-31T13:00,37.4,27,12.7,989.7,445.9,0.0
2024-03-31T14:00,37.7,26,10.1,988.5,560.1,0.0
2024-03-31T15:00,37.9,25,11.5,987.6,591.4,0.0
2024-03-31T16:00,37.4,26,14.1,987.1,545.6,0.0
2024-03-31T17:00,36.6,28,11.9,987.3,329.6,0.0
2024-03-31T18:00,34.8,29,6.2,986.8,120.2,0.0
2024-03-31T19:00,33.4,32,11.5,987.5,0.0,0.0
2024-03-31T20:00,31.9,40,10.0,987.9,0.0,0.0
2024-03-31T21:00,30.6,45,8.8,988.5,0.0,0.0
2024-03-31T22:00,30.0,48,3.9,988.8,0.0,0.0
2024-03-31T23:00,29.3,48,6.2,988.5,0.0,0.0
2024-04-01T00:00,28.9,51,14.7,988.2,0.0,0.0
2024-04-01T01:00,29.5,44,6.8,986.7,0.0,0.0
2024-04-01T02:00,28.3,49,8.0,986.3,0.0,0.0
2024-04-01T03:00,27.7,51,7.0,985.9,0.0,0.0
2024-04-01T04:00,27.6,51,6.2,986.0,0.0,0.0
2024-04-01T05:00,27.2,52,7.7,986.8,0.0,0.0
2024-04-01T06:00,27.4,50,5.8,987.2,15.2,0.0
2024-04-01T07:00,29.8,40,4.0,988.4,260.2,0.0
2024-04-01T08:00,32.8,34,4.1,989.1,491.6,0.0
2024-04-01T09:00,35.6,28,5.1,989.2,616.4,0.0
2024-04-01T10:00,37.8,25,9.0,988.7,708.8,0.0
2024-04-01T11:00,39.9,21,10.4,987.7,783.9,0.0
2024-04-01T12:00,40.6,18,8.4,986.6,619.7,0.0
2024-04-01T13:00,41.4,17,9.8,985.1,691.5,0.0
2024-04-01T14:00,41.6,17,13.7,984.0,720.4,0.0
2024-04-01T15:00,40.9,17,16.2,983.2,598.7,0.0
2024-04-01T16:00,40.2,17,16.8,982.7,506.6,0.0
2024-04-01T17:00,39.2,17,16.3,982.7,319.7,0.0
2024-04-01T18:00,37.3,16,13.0,983.0,89.8,0.0
2024-04-01T19:00,35.2,19,8.1,983.8,0.0,0.0
2024-04-01T20:00,33.5,22,6.9,984.1,0.0,0.0
2024-04-01T21:00,32.4,24,6.9,984.8,0.0,0.0
2024-04-01T22:00,31.3,26,9.1,985.1,0.0,0.0
2024-04-01T23:00,31.2,25,2.6,985.4,0.0,0.0
2024-04-02T00:00,27.8,37,4.7,985.2,0.0,0.0
2024-04-02T01:00,27.3,40,6.1,984.9,0.0,0.0
2024-04-02T02:00,26.2,42,6.1,984.3,0.0,0.0
2024-04-02T03:00,26.3,41,8.9,984.0,0.0,0.0
2024-04-02T04:00,27.2,33,10.8,984.4,0.0,0.0
2024-04-02T05:00,26.4,34,7.5,984.8,0.0,0.0
2024-04-02T06:00,26.8,50,4.0,985.0,14.8,0.0
2024-04-02T07:00,29.3,39,4.7,986.2,294.7,0.0
2024-04-02T08:00,32.4,33,2.4,987.4,522.4,0.0
2024-04-02T09:00,35.5,28,3.2,987.4,663.6,0.0
2024-04-02T10:00,37.9,24,3.1,986.8,740.2,0.0
2024-04-02T11:00,39.5,22,4.3,986.1,781.0,0.0
2024-04-02T12:00,40.6,19,6.6,985.1,757.9,0.0
2024-04-02T13:00,40.9,18,6.4,983.8,603.8,0.0
2024-04-02T14:00,41.7,17,7.4,982.8,738.8,0.0
2024-04-02T15:00,41.7,17,10.0,982.0,713.3,0.0
2024-04-02T16:00,41.0,17,10.6,981.7,632.1,0.0
2024-04-02T17:00,39.9,18,10.2,981.9,411.0,0.0
2024-04-02T18:00,38.2,13,14.7,981.5,126.8,0.0
2024-04-02T19:00,36.7,16,10.2,982.5,0.0,0.0
2024-04-02T20:00,32.8,23,8.9,983.5,0.0,0.0
2024-04-02T21:00,33.7,22,4.7,984.7,0.0,0.0
2024-04-02T22:00,33.7,21,6.3,985.0,0.0,0.0
2024-04-02T23:00,31.6,25,5.5,985.0,0.0,0.0
2024-04-03T00:00,30.0,29,7.7,984.8,0.0,0.0
2024-04-03T01:00,28.5,31,7.5,984.5,0.0,0.0
2024-04-03T02:00,28.5,31,5.1,984.3,0.0,0.0
2024-04-03T03:00,27.6,34,4.4,984.1,0.0,0.0
2024-04-03T04:00,26.6,37,5.4,984.4,0.0,0.0
2024-04-03T05:00,25.6,41,4.5,984.9,0.0,0.0
2024-04-03T06:00,27.3,38,8.7,985.7,14.5,0.0
2024-04-03T07:00,29.6,35,1.1,986.9,304.5,0.0
2024-04-03T08:00,32.6,29,0.8,988.0,523.4,0.0
2024-04-03T09:00,35.4,23,2.5,988.5,670.1,0.0
2024-04-03T10:00,37.6,20,3.3,988.2,700.8,0.0
2024-04-03T11:00,39.2,19,4.4,987.5,629.5,0.0
2024-04-03T12:00,39.7,19,6.3,986.6,360.1,0.0
2024-04-03T13:00,40.8,18,6.8,985.2,733.6,0.0
2024-04-03T14:00,41.3,16,8.5,984.1,768.8,0.0
2024-04-03T15:00,41.7,15,8.4,983.1,592.9,0.0
2024-04-03T16:00,40.3,18,16.4,982.9,229.0,0.0
2024-04-03T17:00,38.4,22,15.6,983.5,282.1,0.0
2024-04-03T18:00,36.9,24,15.2,983.7,133.8,0.0
2024-04-03T19:00,35.5,26,11.2,984.4,0.0,0.0
2024-04-03T20:00,33.3,30,6.0,984.9,0.0,0.0
2024-04-03T21:00,31.6,35,7.0,985.4,0.0,0.0
2024-04-03T22:00,30.8,38,7.2,985.6,0.0,0.0
2024-04-03T23:00,30.3,39,6.0,985.3,0.0,0.0
2024-04-04T00:00,30.8,36,12.0,985.0,0.0,0.0
2024-04-04T01:00,29.2,39,4.9,984.9,0.0,0.0
2024-04-04T02:00,29.0,41,7.3,984.4,0.0,0.0
2024-04-04T03:00,29.1,40,7.6,983.9,0.0,0.0
2024-04-04T04:00,28.1,43,6.5,984.5,0.0,0.0
2024-04-04T05:00,27.0,46,5.8,984.8,0.0,0.0
2024-04-04T06:00,29.7,39,10.1,985.4,14.1,0.0
2024-04-04T07:00,31.9,35,7.7,986.6,234.3,0.0
2024-04-04T08:00,34.0,32,4.0,987.8,263.3,0.0
2024-04-04T09:00,36.3,28,4.4,988.1,350.7,0.0
2024-04-04T10:00,38.2,23,5.4,987.8,455.1,0.0
2024-04-04T11:00,40.0,19,4.9,987.0,591.1,0.0
2024-04-04T12:00,41.4,17,5.2,986.1,757.3,0.0
2024-04-04T13:00,42.2,15,7.9,985.0,750.4,0.0
2024-04-04T14:00,42.5,15,8.7,983.9,755.1,0.0
2024-04-04T15:00,42.5,14,10.7,983.1,705.8,0.0
2024-04-04T16:00,41.9,14,14.7,982.8,610.1,0.0
2024-04-04T17:00,40.2,15,14.6,983.1,417.5,0.0
2024-04-04T18:00,37.9,19,10.5,983.7,133.3,0.0
2024-04-04T19:00,36.3,21,10.6,984.4,0.0,0.0
2024-04-04T20:00,35.1,23,7.9,985.2,0.0,0.0
2024-04-04T21:00,35.0,23,5.2,985.8,0.0,0.0
2024-04-04T22:00,32.3,29,4.4,985.9,0.0,0.0
2024-04-04T23:00,32.2,30,6.6,986.0,0.0,0.0
2024-04-05T00:00,30.2,33,4.5,985.6,0.0,0.0
2024-04-05T01:00,30.3,35,2.5,985.7,0.0,0.0
2024-04-05T02:00,29.0,36,5.6,985.0,0.0,0.0
2024-04-05T03:00,28.0,37,7.4,984.6,0.0,0.0
2024-04-05T04:00,27.6,38,9.4,984.9,0.0,0.0
2024-04-05T05:00,27.6,37,7.8,985.5,0.0,0.0
2024-04-05T06:00,28.4,41,6.2,985.7,13.8,0.0
2024-04-05T07:00,31.0,35,9.5,986.9,295.4,0.0
2024-04-05T08:00,35.0,26,9.9,988.2,538.8,0.0
2024-04-05T09:00,37.5,19,13.4,988.4,673.8,0.0
2024-04-05T10:00,38.9,17,13.8,987.9,748.6,0.0
2024-04-05T11:00,40.4,15,12.0,987.1,790.0,0.0
2024-04-05T12:00,41.5,14,10.6,986.0,805.6,0.0
2024-04-05T13:00,42.1,13,9.4,984.6,799.7,0.0
2024-04-05T14:00,42.4,13,9.7,983.4,772.4,0.0
2024-04-05T15:00,42.2,13,10.1,982.6,719.8,0.0
2024-04-05T16:00,41.8,14,11.0,982.2,619.9,0.0
2024-04-05T17:00,40.3,15,9.8,982.2,440.0,0.0
2024-04-05T18:00,36.8,18,7.9,982.0,103.3,0.0
2024-04-05T19:00,36.7,18,9.2,983.0,0.0,0.0
2024-04-05T20:00,35.8,17,11.7,983.8,0.0,0.0
2024-04-05T21:00,33.9,20,8.6,984.4,0.0,0.0
2024-04-05T22:00,31.7,24,4.8,985.1,0.0,0.0
2024-04-05T23:00,31.5,27,4.7,985.3,0.0,0.0
2024-04-06T00:00,30.9,29,4.1,984.8,0.0,0.0
2024-04-06T01:00,31.0,26,6.2,984.5,0.0,0.0
2024-04-06T02:00,30.2,26,8.7,984.3,0.0,0.0
2024-04-06T03:00,28.8,29,6.1,984.1,0.0,0.0
2024-04-06T04:00,28.5,30,5.7,984.2,0.0,0.0
2024-04-06T05:00,27.7,33,6.2,984.7,0.0,0.0
2024-04-06T06:00,29.5,31,8.7,985.9,13.5,0.0
2024-04-06T07:00,31.2,29,9.1,986.8,186.5,0.0
2024-04-06T08:00,34.3,25,10.3,987.4,408.6,0.0
2024-04-06T09:00,36.9,21,10.8,987.4,655.8,0.0
2024-04-06T10:00,39.1,18,11.4,987.0,737.9,0.0
2024-04-06T11:00,40.5,16,10.1,986.3,782.9,0.0
2024-04-06T12:00,41.4,15,7.9,985.0,800.1,0.0
2024-04-06T13:00,41.9,15,5.8,983.8,787.1,0.0
2024-04-06T14:00,42.0,15,4.8,982.5,667.5,0.0
2024-04-06T15:00,41.9,15,5.1,981.9,601.3,0.0
2024-04-06T16:00,41.5,15,5.5,981.5,536.4,0.0
2024-04-06T17:00,40.4,16,7.7,981.7,385.8,0.0
2024-04-06T18:00,36.7,16,9.2,981.6,110.3,0.0
2024-04-06T19:00,38.0,13,3.3,982.5,0.0,0.0
2024-04-06T20:00,36.6,15,2.1,983.4,0.0,0.0
2024-04-06T21:00,33.4,20,8.2,984.4,0.0,0.0
2024-04-06T22:00,33.4,23,7.9,984.4,0.0,0.0
2024-04-06T23:00,33.3,24,8.5,984.0,0.0,0.0
2024-04-07T00:00,32.1,24,12.9,983.6,0.0,0.0
2024-04-07T01:00,31.9,23,10.1,983.5,0.0,0.0
2024-04-07T02:00,30.6,25,9.2,982.9,0.0,0.0
2024-04-07T03:00,30.6,25,8.7,982.8,0.0,0.0
2024-04-07T04:00,29.9,26,9.5,983.5,0.0,0.0
2024-04-07T05:00,30.0,26,6.9,984.7,0.0,0.0
2024-04-07T06:00,30.6,25,8.2,984.4,0.0,0.0
2024-04-07T07:00,31.9,24,9.6,985.8,125.5,0.0
2024-04-07T08:00,34.9,21,15.1,986.9,383.9,0.0
2024-04-07T09:00,36.8,19,14.1,987.6,337.3,0.0
2024-04-07T10:00,38.0,18,17.0,987.0,448.9,0.0
2024-04-07T11:00,39.1,17,19.3,986.1,760.7,0.0
2024-04-07T12:00,39.9,17,16.8,985.0,736.0,0.0
2024-04-07T13:00,40.4,16,12.6,984.0,693.8,0.0
2024-04-07T14:00,40.5,16,9.9,982.8,571.9,0.0
2024-04-07T15:00,40.6,15,10.4,982.1,573.6,0.0
2024-04-07T16:00,39.7,17,14.4,981.9,472.8,0.0
2024-04-07T17:00,37.8,19,18.0,982.8,299.6,0.0
2024-04-07T18:00,33.9,28,20.6,983.5,124.6,0.0
2024-04-07T19:00,32.7,30,18.7,984.8,0.0,0.0
2024-04-07T20:00,31.5,33,13.8,986.2,0.0,0.0
2024-04-07T21:00,30.4,34,14.2,987.1,0.0,0.0
2024-04-07T22:00,29.4,35,19.2,987.1,0.0,0.0
2024-04-07T23:00,29.0,33,17.2,987.0,0.0,0.0
2024-04-08T00:00,28.5,33,20.8,987.0,0.0,0.0
2024-04-08T01:00,28.3,33,22.3,986.7,0.0,0.0
2024-04-08T02:00,26.9,42,23.1,986.4,0.0,0.2
2024-04-08T03:00,26.6,44,23.9,986.5,0.0,0.0
2024-04-08T04:00,26.0,47,20.5,986.7,0.0,0.1
2024-04-08T05:00,26.2,46,19.8,986.9,0.0,0.0
2024-04-08T06:00,25.6,53,15.2,986.4,12.9,0.0
2024-04-08T07:00,26.8,54,13.8,988.2,251.9,0.0
2024-04-08T08:00,28.6,51,16.2,989.0,278.5,0.0
2024-04-08T09:00,31.6,39,15.5,989.8,507.8,0.0
2024-04-08T10:00,33.2,34,13.7,990.0,552.8,0.0
2024-04-08T11:00,34.8,31,14.7,989.2,552.6,0.0
2024-04-08T12:00,36.1,28,18.1,988.2,669.0,0.0
2024-04-08T13:00,37.1,27,17.6,986.8,707.6,0.0
2024-04-08T14:00,37.6,27,13.3,985.7,566.7,0.0
2024-04-08T15:00,37.0,24,6.5,985.7,417.9,0.0
2024-04-08T16:00,36.2,27,2.9,985.7,169.9,0.0
2024-04-08T17:00,34.3,29,5.8,986.5,143.5,0.0
2024-04-08T18:00,34.7,25,12.8,985.4,131.5,0.0
2024-04-08T19:00,31.8,31,2.9,985.7,0.0,0.0
2024-04-08T20:00,31.0,34,14.5,987.1,0.0,0.0
2024-04-08T21:00,29.8,39,19.3,988.5,0.0,0.0
2024-04-08T22:00,29.3,40,14.7,989.1,0.0,0.0
2024-04-08T23:00,28.3,46,15.6,989.1,0.0,0.0
2024-04-09T00:00,27.7,51,13.3,988.5,0.0,0.0
2024-04-09T01:00,27.0,54,11.1,987.7,0.0,0.0
2024-04-09T02:00,26.4,57,11.9,987.5,0.0,0.0
2024-04-09T03:00,26.1,58,10.4,987.3,0.0,0.0
2024-04-09T04:00,25.5,62,10.8,987.6,0.0,0.0
2024-04-09T05:00,24.8,67,9.6,988.6,0.0,0.0
2024-04-09T06:00,24.7,70,11.5,989.5,12.7,0.0
2024-04-09T07:00,26.6,66,7.7,990.1,265.9,0.0
2024-04-09T08:00,29.7,60,12.3,990.7,490.3,0.0
2024-04-09T09:00,31.9,54,15.1,990.9,610.3,0.0
2024-04-09T10:00,33.3,49,16.4,991.0,623.4,0.0
2024-04-09T11:00,34.2,42,14.4,990.7,376.7,0.0
2024-04-09T12:00,35.1,38,12.2,990.1,518.9,0.0
2024-04-09T13:00,35.5,35,11.2,988.9,509.1,0.0
2024-04-09T14:00,35.4,35,14.0,987.7,336.0,0.0
2024-04-09T15:00,34.4,39,10.5,986.7,433.5,0.5
2024-04-09T16:00,34.5,37,6.6,986.0,425.0,0.0
2024-04-09T17:00,34.2,38,5.4,986.2,298.0,0.0
2024-04-09T18:00,32.2,44,8.3,986.8,80.1,0.0
2024-04-09T19:00,31.4,48,11.0,987.1,0.0,0.0
2024-04-09T20:00,30.5,50,8.7,987.7,0.0,0.0
2024-04-09T21:00,29.6,53,7.3,988.6,0.0,0.0
2024-04-09T22:00,29.5,54,3.1,989.2,0.0,0.0
2024-04-09T23:00,25.8,69,13.4,990.6,0.0,0.0
2024-04-10T00:00,25.5,74,10.7,988.7,0.0,0.6
2024-04-10T01:00,25.1,76,12.1,987.7,0.0,0.1
2024-04-10T02:00,24.8,75,19.3,988.5,0.0,0.0
2024-04-10T03:00,23.8,74,13.5,987.8,0.0,0.0
2024-04-10T04:00,23.7,73,8.7,988.0,0.0,0.0
2024-04-10T05:00,23.4,75,4.1,988.8,0.0,0.0
2024-04-10T06:00,25.1,79,3.5,989.8,24.8,0.0
2024-04-10T07:00,26.9,68,4.4,990.3,288.2,0.0
2024-04-10T08:00,29.5,57,4.8,990.9,508.9,0.0
2024-04-10T09:00,32.1,47,5.4,990.8,591.5,0.0
2024-04-10T10:00,33.8,43,8.0,990.1,643.7,0.0
2024-04-10T11:00,35.3,39,10.5,989.4,669.0,0.0
2024-04-10T12:00,36.7,33,11.5,988.6,658.8,0.0
2024-04-10T13:00,37.8,26,12.0,987.3,579.5,0.0
2024-04-10T14:00,38.0,24,13.4,985.9,670.1,0.0
2024-04-10T15:00,38.0,23,13.0,984.7,568.9,0.0
2024-04-10T16:00,37.5,23,13.0,984.1,499.3,0.0
2024-04-10T17:00,36.3,25,11.8,984.3,376.0,0.0
2024-04-10T18:00,34.7,27,6.5,984.5,79.8,0.0
2024-04-10T19:00,33.3,30,7.1,985.0,0.0,0.0
2024-04-10T20:00,32.7,31,8.9,986.1,0.0,0.0
2024-04-10T21:00,32.1,32,9.1,987.6,0.0,0.0
2024-04-10T22:00,30.3,41,18.0,989.4,0.0,0.0
2024-04-10T23:00,28.6,52,21.3,989.3,0.0,0.0
2024-04-11T00:00,27.2,61,15.2,988.8,0.0,0.0
2024-04-11T01:00,26.6,64,10.1,989.3,0.0,0.0
2024-04-11T02:00,26.0,67,12.6,989.2,0.0,0.0
2024-04-11T03:00,25.8,67,13.6,988.7,0.0,0.0
2024-04-11T04:00,26.1,65,13.4,988.9,0.0,0.0
2024-04-11T05:00,25.9,63,13.8,989.3,0.0,0.0
2024-04-11T06:00,23.9,70,6.7,991.1,12.2,0.0
2024-04-11T07:00,23.6,73,12.9,992.5,0.0,0.4
2024-04-11T08:00,24.2,72,10.4,992.2,4.3,0.0
2024-04-11T09:00,26.4,65,9.0,993.9,87.2,0.1
2024-04-11T10:00,27.2,61,5.9,993.0,52.2,0.0
2024-04-11T11:00,27.0,63,4.9,992.4,0.0,0.2
2024-04-11T12:00,29.0,55,2.5,992.0,101.4,0.0
2024-04-11T13:00,29.8,49,12.3,990.3,33.4,0.1
2024-04-11T14:00,30.6,43,14.5,988.9,86.4,0.0
2024-04-11T15:00,32.3,33,15.6,987.6,493.1,0.0
2024-04-11T16:00,32.5,31,13.4,986.8,557.4,0.0
2024-04-11T17:00,31.3,37,10.7,986.8,415.7,0.0
2024-04-11T18:00,28.1,57,6.4,987.7,130.2,0.0
2024-04-11T19:00,27.3,56,11.2,988.6,0.0,0.0
2024-04-11T20:00,26.9,57,11.7,989.2,0.0,0.0
2024-04-11T21:00,26.2,60,10.2,989.9,0.0,0.0
2024-04-11T22:00,25.8,65,9.4,989.6,0.0,0.0
2024-04-11T23:00,25.4,69,9.1,989.6,0.0,0.0
2024-04-12T00:00,24.8,74,6.5,989.7,0.0,0.0
2024-04-12T01:00,24.7,76,15.0,990.6,0.0,0.2
2024-04-12T02:00,23.6,81,8.4,989.8,0.0,1.0
2024-04-12T03:00,23.1,89,2.9,989.1,0.0,0.8
2024-04-12T04:00,23.0,89,7.6,989.2,0.0,0.1
2024-04-12T05:00,22.8,90,6.0,989.4,0.0,0.0
2024-04-12T06:00,22.9,91,12.7,990.7,12.0,5.2
2024-04-12T07:00,23.7,87,8.4,991.1,100.6,0.0
2024-04-12T08:00,26.1,78,1.3,992.6,410.9,0.0
2024-04-12T09:00,28.1,66,8.9,992.2,325.1,0.0
2024-04-12T10:00,29.6,58,11.9,992.0,537.6,0.0
2024-04-12T11:00,31.0,53,11.1,991.3,643.0,0.0
2024-04-12T12:00,31.9,48,7.3,990.6,484.0,0.0
2024-04-12T13:00,32.9,43,6.9,989.1,725.1,0.0
2024-04-12T14:00,33.4,41,9.4,987.5,680.1,0.0
2024-04-12T15:00,33.3,40,8.6,986.6,625.4,0.0
2024-04-12T16:00,32.9,40,8.7,986.1,512.2,0.0
2024-04-12T17:00,31.7,48,4.7,986.2,365.4,0.0
2024-04-12T18:00,30.8,41,8.1,986.6,129.8,0.0
2024-04-12T19:00,30.3,43,11.7,987.3,0.0,0.0
2024-04-12T20:00,29.9,43,14.7,988.6,0.0,0.0
2024-04-12T21:00,28.3,50,7.6,988.6,0.0,0.0
2024-04-12T22:00,27.0,56,7.4,988.4,0.0,0.0
2024-04-12T23:00,26.3,60,6.8,987.9,0.0,0.0
2024-04-13T00:00,26.2,62,6.8,987.6,0.0,0.0
2024-04-13T01:00,25.3,67,5.7,987.3,0.0,0.0
2024-04-13T02:00,23.2,82,23.1,988.4,0.0,0.8
2024-04-13T03:00,23.9,74,15.8,986.8,0.0,0.0
2024-04-13T04:00,24.1,71,14.2,987.4,0.0,0.0
2024-04-13T05:00,23.7,72,6.6,988.2,0.0,0.0
2024-04-13T06:00,23.8,85,10.0,990.8,0.0,1.5
2024-04-13T07:00,24.0,88,7.9,991.3,57.9,1.3
2024-04-13T08:00,25.1,83,7.7,992.8,97.9,1.0
2024-04-13T09:00,24.8,88,7.8,992.8,11.9,3.4
2024-04-13T10:00,24.8,86,5.9,992.5,1.2,0.7
2024-04-13T11:00,26.7,76,3.4,992.0,105.0,0.0
2024-04-13T12:00,27.7,67,2.1,990.7,81.8,0.0
2024-04-13T13:00,29.2,60,5.2,988.6,235.2,0.0
2024-04-13T14:00,30.3,56,5.4,987.0,247.3,0.0
2024-04-13T15:00,31.2,54,7.6,986.0,446.5,0.0
2024-04-13T16:00,31.5,52,8.4,985.5,486.6,0.0
2024-04-13T17:00,30.7,54,8.7,985.5,378.9,0.0
2024-04-13T18:00,28.2,67,5.2,986.1,143.8,0.0
2024-04-13T19:00,27.5,68,6.2,987.2,0.0,0.0
2024-04-13T20:00,26.8,69,5.8,988.1,0.0,0.0
2024-04-13T21:00,25.4,76,7.9,988.7,0.0,0.0
2024-04-13T22:00,27.0,65,3.1,988.9,0.0,0.0
2024-04-13T23:00,24.9,77,3.6,988.8,0.0,0.0
2024-04-14T00:00,24.5,79,3.0,988.3,0.0,0.0
2024-04-14T01:00,23.7,82,4.3,987.9,0.0,0.0
2024-04-14T02:00,23.7,80,4.7,987.4,0.0,0.0
2024-04-14T03:00,23.5,80,4.9,987.4,0.0,0.0
2024-04-14T04:00,22.8,86,6.8,987.9,0.0,0.0
2024-04-14T05:00,22.8,85,4.0,988.7,0.0,0.0
2024-04-14T06:00,24.8,74,4.5,990.0,23.1,0.0
2024-04-14T07:00,25.7,74,9.1,991.2,122.7,0.6
2024-04-14T08:00,27.6,70,1.8,991.7,342.8,0.1
2024-04-14T09:00,30.2,60,3.1,991.7,620.4,0.0
2024-04-14T10:00,32.7,51,5.0,991.2,697.8,0.0
2024-04-14T11:00,34.3,45,4.7,990.2,747.9,0.0
2024-04-14T12:00,35.3,42,4.9,989.0,754.3,0.0
2024-04-14T13:00,36.0,39,3.1,987.7,697.6,0.0
2024-04-14T14:00,36.6,36,0.7,986.8,655.1,0.0
2024-04-14T15:00,36.3,36,2.0,986.1,592.0,0.0
2024-04-14T16:00,35.7,38,4.3,985.7,510.8,0.0
2024-04-14T17:00,34.5,55,1.5,985.9,340.5,0.0
2024-04-14T18:00,33.3,40,7.3,985.9,129.0,0.0
2024-04-14T19:00,31.5,48,7.4,986.6,0.0,0.0
2024-04-14T20:00,30.6,51,5.7,987.4,0.0,0.0
2024-04-14T21:00,30.3,51,8.7,988.1,0.0,0.0
2024-04-14T22:00,28.5,62,8.0,988.2,0.0,0.0
2024-04-14T23:00,28.1,63,7.9,987.9,0.0,0.0
2024-04-15T00:00,27.8,66,7.4,987.3,0.0,0.0
2024-04-15T01:00,27.2,68,6.1,987.3,0.0,0.0
2024-04-15T02:00,28.0,59,9.1,987.2,0.0,0.0
2024-04-15T03:00,27.2,61,8.2,987.2,0.0,0.0
2024-04-15T04:00,26.5,68,7.0,987.2,0.0,0.0
2024-04-15T05:00,26.7,63,7.2,988.0,0.0,0.0
2024-04-15T06:00,27.7,60,11.8,988.9,34.0,0.0
2024-04-15T07:00,29.1,58,12.6,990.1,311.1,0.0
2024-04-15T08:00,31.5,51,12.5,990.9,522.0,0.0
2024-04-15T09:00,33.7,42,11.6,991.2,628.8,0.0
2024-04-15T10:00,35.7,37,9.7,990.8,685.4,0.0
2024-04-15T11:00,37.4,32,8.2,990.2,746.7,0.0
2024-04-15T12:00,38.4,29,6.9,989.2,750.3,0.0
2024-04-15T13:00,39.0,29,4.9,987.7,735.4,0.0
2024-04-15T14:00,39.0,28,3.7,986.4,605.8,0.0
2024-04-15T15:00,38.7,28,4.8,985.7,542.0,0.0
2024-04-15T16:00,37.4,31,10.6,985.9,460.6,0.0
2024-04-15T17:00,34.8,45,4.7,986.2,259.1,0.1
2024-04-15T18:00,34.7,35,8.9,986.2,107.2,0.0
2024-04-15T19:00,33.4,37,9.4,986.8,0.0,0.0
2024-04-15T20:00,31.8,44,11.4,987.4,0.0,0.0
2024-04-15T21:00,30.9,47,9.4,987.9,0.0,0.0
2024-04-15T22:00,29.0,56,5.2,988.5,0.0,0.0
2024-04-15T23:00,28.0,64,6.0,988.4,0.0,0.0
2024-04-16T00:00,29.0,55,2.9,987.7,0.0,0.0
2024-04-16T01:00,27.3,68,4.6,987.2,0.0,0.0
2024-04-16T02:00,26.7,67,4.7,986.6,0.0,0.0
2024-04-16T03:00,26.1,73,4.7,986.4,0.0,0.0
2024-04-16T04:00,25.9,74,4.0,986.9,0.0,0.0
2024-04-16T05:00,25.8,78,3.7,987.3,0.0,0.0
2024-04-16T06:00,26.9,73,4.7,988.1,33.4,0.0
2024-04-16T07:00,29.2,67,2.5,989.0,307.6,0.0
2024-04-16T08:00,32.0,56,3.5,989.5,525.5,0.0
2024-04-16T09:00,34.2,47,4.0,989.4,646.0,0.0
2024-04-16T10:00,36.0,42,2.6,988.8,715.2,0.0
2024-04-16T11:00,37.4,36,2.3,988.3,752.0,0.0
2024-04-16T12:00,38.3,33,4.0,987.2,750.5,0.0
2024-04-16T13:00,38.8,31,5.3,986.1,694.2,0.0
2024-04-16T14:00,39.0,30,4.4,985.1,648.3,0.0
2024-04-16T15:00,39.2,30,3.4,984.4,592.3,0.0
2024-04-16T16:00,39.0,30,5.6,983.8,504.2,0.0
2024-04-16T17:00,37.3,34,5.6,983.9,318.8,0.0
2024-04-16T18:00,34.3,47,7.4,985.4,99.7,0.0
2024-04-16T19:00,33.0,41,6.1,986.1,0.0,0.0
2024-04-16T20:00,31.6,50,7.1,986.4,0.0,0.0
2024-04-16T21:00,31.1,47,7.0,987.1,0.0,0.0
2024-04-16T22:00,31.1,49,6.0,987.1,0.0,0.0
2024-04-16T23:00,29.4,57,6.5,986.5,0.0,0.0
2024-04-17T00:00,28.7,58,5.4,985.9,0.0,0.0
2024-04-17T01:00,27.7,65,6.1,985.5,0.0,0.0
2024-04-17T02:00,27.6,63,5.8,985.0,0.0,0.0
2024-04-17T03:00,27.3,64,5.7,984.8,0.0,0.0
2024-04-17T04:00,26.9,66,5.5,984.8,0.0,0.0
2024-04-17T05:00,26.5,67,5.1,985.3,0.0,0.0
2024-04-17T06:00,27.8,65,3.8,986.1,32.9,0.0
2024-04-17T07:00,30.3,58,0.5,986.9,324.0,0.0
2024-04-17T08:00,33.1,49,0.8,987.5,537.4,0.0
2024-04-17T09:00,35.5,43,4.3,987.9,660.2,0.0
2024-04-17T10:00,37.6,36,2.7,987.5,729.3,0.0
2024-04-17T11:00,39.1,27,0.0,987.0,701.9,0.0
2024-04-17T12:00,40.0,24,2.5,986.2,758.9,0.0
2024-04-17T13:00,40.5,23,2.6,985.1,740.3,0.0
2024-04-17T14:00,40.8,21,0.8,983.9,665.9,0.0
2024-04-17T15:00,41.0,21,1.5,983.2,587.8,0.0
2024-04-17T16:00,40.3,24,4.8,982.5,471.8,0.0
2024-04-17T17:00,38.2,26,6.6,982.7,338.0,0.0
2024-04-17T18:00,36.7,31,5.1,983.8,113.6,0.0
2024-04-17T19:00,33.7,40,7.0,984.5,0.0,0.0
2024-04-17T20:00,32.6,39,6.3,985.2,0.0,0.0
2024-04-17T21:00,33.0,35,12.7,986.1,0.0,0.0
2024-04-17T22:00,32.4,37,10.9,986.2,0.0,0.0
2024-04-17T23:00,30.9,41,8.7,985.7,0.0,0.0
2024-04-18T00:00,30.4,43,10.3,985.4,0.0,0.0
2024-04-18T01:00,29.7,46,8.3,984.7,0.0,0.0
2024-04-18T02:00,28.9,49,8.9,984.3,0.0,0.0
2024-04-18T03:00,28.2,52,5.9,984.0,0.0,0.0
2024-04-18T04:00,26.9,61,7.9,984.2,0.0,0.0
2024-04-18T05:00,27.1,57,5.6,984.7,0.0,0.0
2024-04-18T06:00,28.0,60,7.6,985.8,43.2,0.0
2024-04-18T07:00,30.4,55,7.4,986.5,320.5,0.0
2024-04-18T08:00,33.3,46,8.7,987.5,534.8,0.0
2024-04-18T09:00,35.7,40,10.3,987.6,659.8,0.0
2024-04-18T10:00,38.3,31,8.4,987.1,729.1,0.0
2024-04-18T11:00,40.3,21,5.8,986.2,745.6,0.0
2024-04-18T12:00,41.1,19,3.3,985.1,722.5,0.0
2024-04-18T13:00,41.6,18,3.4,984.0,775.9,0.0
2024-04-18T14:00,41.7,17,3.6,982.9,755.8,0.0
2024-04-18T15:00,41.4,17,5.0,982.0,702.1,0.0
2024-04-18T16:00,40.6,19,3.9,981.5,418.3,0.0
2024-04-18T17:00,39.9,23,2.9,981.5,337.2,0.0
2024-04-18T18:00,36.4,26,7.1,982.1,113.2,0.0
2024-04-18T19:00,33.4,35,9.2,982.6,0.0,0.0
2024-04-18T20:00,32.7,34,6.2,983.5,0.0,0.0
2024-04-18T21:00,32.4,33,9.0,984.1,0.0,0.0
2024-04-18T22:00,31.8,33,8.2,984.2,0.0,0.0
2024-04-18T23:00,31.0,37,8.8,983.7,0.0,0.0
2024-04-19T00:00,28.5,49,7.7,983.2,0.0,0.0
2024-04-19T01:00,27.9,54,8.2,982.5,0.0,0.0
2024-04-19T02:00,27.5,55,3.6,982.1,0.0,0.0
2024-04-19T03:00,28.1,46,9.4,982.1,0.0,0.0
2024-04-19T04:00,27.1,48,7.0,981.9,0.0,0.0
2024-04-19T05:00,27.2,49,4.7,982.4,0.0,0.0
2024-04-19T06:00,28.4,48,3.7,983.0,31.9,0.0
2024-04-19T07:00,31.3,43,5.4,983.8,297.9,0.0
2024-04-19T08:00,34.7,37,4.3,984.6,480.7,0.0
2024-04-19T09:00,37.3,32,5.1,985.1,621.3,0.0
2024-04-19T10:00,38.9,28,8.0,985.0,720.6,0.0
2024-04-19T11:00,40.3,24,5.0,984.3,711.7,0.0
2024-04-19T12:00,40.8,22,3.5,983.1,591.9,0.0
2024-04-19T13:00,41.5,22,1.9,982.2,667.7,0.0
2024-04-19T14:00,41.6,21,1.5,980.9,645.7,0.0
2024-04-19T15:00,41.5,22,2.4,980.2,400.1,0.0
2024-04-19T16:00,40.8,22,6.5,979.7,483.0,0.0
2024-04-19T17:00,39.2,24,8.1,979.9,327.8,0.0
2024-04-19T18:00,33.1,37,17.4,981.0,49.4,0.0
2024-04-19T19:00,33.2,37,11.4,981.7,0.0,0.0
2024-04-19T20:00,32.8,39,10.2,982.6,0.0,0.0
2024-04-19T21:00,32.6,39,10.7,982.9,0.0,0.0
2024-04-19T22:00,32.0,41,10.6,982.7,0.0,0.0
2024-04-19T23:00,32.1,40,11.6,982.5,0.0,0.0
2024-04-20T00:00,31.5,42,12.5,982.2,0.0,0.0
2024-04-20T01:00,31.4,44,14.5,981.7,0.0,0.0
2024-04-20T02:00,31.0,45,13.0,981.4,0.0,0.0
2024-04-20T03:00,30.1,47,11.7,981.4,0.0,0.0
2024-04-20T04:00,29.3,49,9.5,982.0,0.0,0.0
2024-04-20T05:00,28.9,49,9.4,982.6,0.0,0.0
2024-04-20T06:00,30.0,54,13.7,983.7,31.5,0.0
2024-04-20T07:00,30.4,56,12.7,983.9,107.3,0.0
2024-04-20T08:00,34.5,42,11.2,984.4,345.0,0.0
2024-04-20T09:00,37.2,33,10.3,984.9,545.1,0.0
2024-04-20T10:00,38.8,30,8.9,985.0,534.7,0.1
2024-04-20T11:00,38.8,30,16.3,984.5,612.1,0.3
2024-04-20T12:00,37.9,31,18.3,983.3,558.9,0.0
2024-04-20T13:00,40.1,24,13.7,982.3,617.5,0.0
2024-04-20T14:00,40.2,24,11.3,981.5,590.0,0.0
2024-04-20T15:00,39.9,24,7.6,981.1,462.4,0.0
2024-04-20T16:00,39.8,23,5.6,981.2,371.5,0.0
2024-04-20T17:00,37.1,28,9.4,982.6,310.0,0.0
2024-04-20T18:00,36.2,27,5.9,981.6,126.6,0.0
2024-04-20T19:00,34.8,34,6.2,982.9,0.0,0.0
2024-04-20T20:00,32.5,40,10.0,983.7,0.0,0.0
2024-04-20T21:00,33.5,35,10.1,984.5,0.0,0.0
2024-04-20T22:00,32.5,40,11.6,984.6,0.0,0.0
2024-04-20T23:00,31.9,43,12.0,984.4,0.0,0.0
2024-04-21T00:00,31.2,45,10.1,984.1,0.0,0.0
2024-04-21T01:00,30.4,47,9.4,983.5,0.0,0.0
2024-04-21T02:00,29.8,50,9.7,983.1,0.0,0.0
2024-04-21T03:00,29.2,53,8.3,983.0,0.0,0.0
2024-04-21T04:00,28.8,55,9.5,983.8,0.0,0.0
2024-04-21T05:00,28.7,57,11.0,984.3,0.0,0.0
2024-04-21T06:00,30.0,53,10.9,984.9,31.1,0.0
2024-04-21T07:00,31.6,51,9.2,985.7,178.3,0.0
2024-04-21T08:00,34.2,42,8.7,986.0,402.8,0.0
2024-04-21T09:00,36.9,31,10.3,986.5,559.7,0.0
2024-04-21T10:00,39.3,21,10.7,986.1,664.5,0.0
2024-04-21T11:00,40.2,19,11.3,985.3,654.8,0.0
2024-04-21T12:00,41.0,18,9.5,984.3,709.4,0.0
2024-04-21T13:00,41.3,18,7.2,983.1,744.2,0.0
2024-04-21T14:00,41.0,18,5.8,982.0,501.7,0.0
2024-04-21T15:00,41.3,18,1.8,981.1,536.6,0.0
2024-04-21T16:00,41.0,18,2.8,980.9,466.0,0.0
2024-04-21T17:00,39.4,28,3.2,981.4,215.6,0.0
2024-04-21T18:00,36.8,27,8.0,981.5,77.1,0.0
2024-04-21T19:00,36.7,24,13.7,983.1,0.0,0.0
2024-04-21T20:00,36.2,24,16.6,984.3,0.0,0.0
2024-04-21T21:00,36.2,25,14.8,985.1,0.0,0.0
2024-04-21T22:00,33.4,30,5.9,985.0,0.0,0.0
2024-04-21T23:00,32.2,34,9.6,984.8,0.0,0.0
2024-04-22T00:00,32.0,35,9.5,984.4,0.0,0.0
2024-04-22T01:00,31.3,37,8.7,984.0,0.0,0.0
2024-04-22T02:00,31.3,37,3.4,983.9,0.0,0.0
2024-04-22T03:00,30.5,40,1.8,984.2,0.0,0.0
2024-04-22T04:00,29.5,42,9.4,984.7,0.0,0.0
2024-04-22T05:00,28.5,43,6.1,985.2,0.0,0.0
2024-04-22T06:00,30.0,34,8.9,986.4,40.9,0.0
2024-04-22T07:00,31.4,32,7.1,987.7,255.7,0.0
2024-04-22T08:00,33.6,28,9.3,988.4,464.2,0.0
2024-04-22T09:00,35.3,26,12.0,988.4,562.7,0.0
2024-04-22T10:00,36.3,26,14.8,988.2,630.2,0.0
2024-04-22T11:00,37.4,27,12.0,987.6,702.8,0.0
2024-04-22T12:00,38.5,26,8.7,986.4,751.3,0.0
2024-04-22T13:00,39.3,25,5.6,985.3,747.8,0.0
2024-04-22T14:00,39.7,24,3.0,984.2,701.9,0.0
2024-04-22T15:00,38.4,27,6.6,983.9,662.6,0.0
2024-04-22T16:00,36.3,33,11.5,983.9,405.7,0.0
2024-04-22T17:00,35.7,33,9.0,984.4,229.2,0.0
2024-04-22T18:00,27.0,76,7.1,984.8,55.9,2.6
2024-04-22T19:00,28.2,69,4.3,986.2,0.0,0.0
2024-04-22T20:00,28.2,71,7.5,987.4,0.0,0.0
2024-04-22T21:00,27.7,74,12.2,989.2,0.0,0.1
2024-04-22T22:00,26.3,86,6.6,988.5,0.0,1.1
2024-04-22T23:00,25.5,88,9.0,988.4,0.0,0.4
2024-04-23T00:00,25.5,85,6.2,987.4,0.0,0.1
2024-04-23T01:00,25.5,83,6.6,985.7,0.0,0.0
2024-04-23T02:00,24.9,87,5.4,985.1,0.0,0.0
2024-04-23T03:00,25.1,85,4.3,984.8,0.0,0.0
2024-04-23T04:00,25.0,89,3.0,984.6,0.0,0.0
2024-04-23T05:00,24.7,88,9.4,986.1,0.0,0.0
2024-04-23T06:00,26.7,76,3.2,986.1,40.4,0.0
2024-04-23T07:00,28.3,69,4.0,987.1,223.6,0.0
2024-04-23T08:00,30.2,62,6.1,988.0,381.2,0.0
2024-04-23T09:00,32.5,52,4.7,987.9,491.7,0.0
2024-04-23T10:00,34.8,44,3.5,987.5,590.2,0.0
2024-04-23T11:00,35.8,39,10.2,987.2,590.0,0.0
2024-04-23T12:00,33.9,44,4.8,986.5,165.9,0.0
2024-04-23T13:00,36.5,34,4.0,985.5,627.6,0.0
2024-04-23T14:00,36.8,32,10.1,984.3,537.1,0.0
2024-04-23T15:00,36.7,31,8.3,983.7,547.7,0.0
2024-04-23T16:00,36.2,32,4.4,983.4,466.6,0.0
2024-04-23T17:00,35.8,33,3.2,983.3,296.4,0.0
2024-04-23T18:00,35.4,23,11.3,981.7,160.2,0.0
2024-04-23T19:00,34.6,25,10.7,982.4,0.0,0.0
2024-04-23T20:00,33.5,28,11.8,983.5,0.0,0.0
2024-04-23T21:00,31.1,39,17.3,985.0,0.0,0.0
2024-04-23T22:00,30.1,43,12.0,985.2,0.0,0.0
2024-04-23T23:00,29.2,47,8.6,984.9,0.0,0.0
2024-04-24T00:00,28.1,52,6.0,984.4,0.0,0.0
2024-04-24T01:00,27.6,55,5.5,984.0,0.0,0.0
2024-04-24T02:00,27.2,54,4.7,983.0,0.0,0.0
2024-04-24T03:00,27.6,51,1.8,982.9,0.0,0.0
2024-04-24T04:00,26.3,58,3.3,983.4,0.0,0.0
2024-04-24T05:00,26.0,62,2.2,983.7,0.0,0.0
2024-04-24T06:00,25.1,74,8.7,985.1,39.9,0.0
2024-04-24T07:00,26.9,68,2.1,985.7,273.5,0.2
2024-04-24T08:00,30.4,55,9.0,986.9,391.8,0.0
2024-04-24T09:00,34.6,38,4.5,986.9,564.4,0.0
2024-04-24T10:00,36.7,31,4.7,986.7,396.4,0.0
2024-04-24T11:00,37.7,27,6.2,986.3,388.7,0.0
2024-04-24T12:00,39.0,24,5.8,985.2,554.0,0.0
2024-04-24T13:00,39.7,21,5.2,984.0,523.0,0.0
2024-04-24T14:00,39.6,21,2.9,983.1,489.5,0.0
2024-04-24T15:00,39.8,22,0.0,982.5,567.3,0.0
2024-04-24T16:00,39.4,22,6.6,982.2,374.9,0.0
2024-04-24T17:00,36.9,27,17.0,982.6,295.7,0.0
2024-04-24T18:00,37.2,21,16.1,981.8,118.0,0.0
2024-04-24T19:00,34.8,27,12.8,982.7,0.0,0.0
2024-04-24T20:00,32.0,34,6.8,983.3,0.0,0.0
2024-04-24T21:00,31.6,35,9.3,984.2,0.0,0.0
2024-04-24T22:00,32.3,33,4.6,985.0,0.0,0.0
2024-04-24T23:00,29.5,42,5.1,985.0,0.0,0.0
2024-04-25T00:00,30.8,37,3.1,984.3,0.0,0.0
2024-04-25T01:00,29.3,43,3.6,983.6,0.0,0.0
2024-04-25T02:00,29.5,42,2.1,983.1,0.0,0.0
2024-04-25T03:00,26.6,55,6.1,982.7,0.0,0.0
2024-04-25T04:00,26.6,54,5.3,983.4,0.0,0.0
2024-04-25T05:00,27.0,51,5.7,984.0,0.0,0.0
2024-04-25T06:00,28.8,58,16.6,985.3,39.4,0.0
2024-04-25T07:00,31.0,52,5.5,986.1,201.6,0.0
2024-04-25T08:00,34.7,38,7.1,986.4,462.8,0.0
2024-04-25T09:00,37.1,31,8.3,986.6,547.2,0.0
2024-04-25T10:00,38.8,26,7.1,986.2,670.0,0.0
2024-04-25T11:00,40.2,23,5.4,985.5,715.4,0.0
2024-04-25T12:00,40.3,22,11.5,984.7,701.1,0.0
2024-04-25T13:00,40.4,22,11.3,983.9,632.0,0.0
2024-04-25T14:00,40.8,21,7.6,982.7,472.3,0.0
2024-04-25T15:00,40.1,21,2.2,982.6,201.8,0.0
2024-04-25T16:00,31.0,48,15.3,983.7,161.0,0.9
2024-04-25T17:00,34.2,38,7.8,982.8,247.2,0.0
2024-04-25T18:00,34.6,29,4.2,981.8,131.5,0.0
2024-04-25T19:00,34.0,31,6.6,982.8,0.0,0.0
2024-04-25T20:00,33.1,31,11.8,983.5,0.0,0.0
2024-04-25T21:00,31.6,39,7.8,984.1,0.0,0.0
2024-04-25T22:00,30.5,44,8.3,984.8,0.0,0.0
2024-04-25T23:00,30.1,41,5.9,984.6,0.0,0.0
2024-04-26T00:00,29.0,43,6.4,983.7,0.0,0.0
2024-04-26T01:00,29.9,40,4.8,983.5,0.0,0.0
2024-04-26T02:00,28.1,46,4.0,982.5,0.0,0.0
2024-04-26T03:00,27.3,48,7.4,982.3,0.0,0.0
2024-04-26T04:00,28.1,43,11.2,983.1,0.0,0.0
2024-04-26T05:00,27.7,44,8.9,983.3,0.0,0.0
2024-04-26T06:00,30.1,44,3.1,984.3,48.7,0.0
2024-04-26T07:00,32.5,40,6.8,985.5,327.2,0.0
2024-04-26T08:00,34.4,41,8.4,986.1,523.2,0.0
2024-04-26T09:00,36.5,38,8.1,986.1,648.3,0.0
2024-04-26T10:00,38.3,33,6.0,985.5,719.8,0.0
2024-04-26T11:00,39.8,29,3.1,984.8,752.7,0.0
2024-04-26T12:00,41.1,24,2.7,983.9,751.1,0.0
2024-04-26T13:00,42.0,21,2.4,983.0,739.9,0.0
2024-04-26T14:00,42.1,21,4.0,982.2,613.7,0.0
2024-04-26T15:00,39.5,26,16.3,981.9,363.5,0.3
2024-04-26T16:00,36.2,31,1.9,981.9,155.6,0.3
2024-04-26T17:00,37.8,30,5.8,981.7,339.0,0.0
2024-04-26T18:00,35.6,34,5.0,982.0,75.9,0.0
2024-04-26T19:00,35.2,30,7.7,982.5,0.0,0.0
2024-04-26T20:00,34.4,28,7.2,983.3,0.0,0.0
2024-04-26T21:00,33.1,29,6.5,984.4,0.0,0.0
2024-04-26T22:00,33.0,33,8.1,985.4,0.0,0.0
2024-04-26T23:00,31.2,38,10.5,985.3,0.0,0.0
2024-04-27T00:00,30.2,41,10.5,984.7,0.0,0.0
2024-04-27T01:00,30.0,41,9.8,984.1,0.0,0.0
2024-04-27T02:00,28.4,49,5.8,983.9,0.0,0.0
2024-04-27T03:00,28.8,46,1.4,983.9,0.0,0.0
2024-04-27T04:00,27.0,52,3.4,984.1,0.0,0.0
2024-04-27T05:00,26.6,54,2.9,984.7,0.0,0.0
2024-04-27T06:00,28.8,47,2.3,985.3,48.2,0.0
2024-04-27T07:00,30.6,42,1.8,986.7,284.9,0.0
2024-04-27T08:00,32.7,37,3.3,987.6,445.4,0.0
2024-04-27T09:00,35.5,31,7.1,987.1,629.7,0.0
2024-04-27T10:00,38.3,25,9.2,986.6,723.5,0.0
2024-04-27T11:00,40.0,22,5.2,985.9,758.4,0.0
2024-04-27T12:00,41.3,20,4.0,985.2,771.9,0.0
2024-04-27T13:00,41.5,19,4.9,983.9,606.7,0.0
2024-04-27T14:00,42.1,19,6.2,982.6,670.7,0.0
2024-04-27T15:00,42.0,19,7.1,981.9,646.9,0.0
2024-04-27T16:00,41.4,19,8.6,981.3,537.8,0.0
2024-04-27T17:00,40.2,20,8.0,981.4,324.2,0.0
2024-04-27T18:00,38.0,25,17.1,982.1,89.4,0.0
2024-04-27T19:00,37.8,22,7.0,982.6,0.0,0.0
2024-04-27T20:00,36.1,23,10.9,983.3,0.0,0.0
2024-04-27T21:00,33.4,36,5.6,984.4,0.0,0.0
2024-04-27T22:00,32.9,35,5.9,984.9,0.0,0.0
2024-04-27T23:00,32.3,35,4.0,984.3,0.0,0.0
2024-04-28T00:00,30.6,40,4.8,984.0,0.0,0.0
2024-04-28T01:00,30.2,42,5.6,983.7,0.0,0.0
2024-04-28T02:00,29.0,48,6.9,983.3,0.0,0.0
2024-04-28T03:00,28.3,51,4.8,983.3,0.0,0.0
2024-04-28T04:00,28.4,47,4.5,983.6,0.0,0.0
2024-04-28T05:00,27.6,52,4.8,984.4,0.0,0.0
2024-04-28T06:00,30.1,46,7.1,984.4,47.7,0.0
2024-04-28T07:00,31.8,43,3.6,985.7,297.1,0.0
2024-04-28T08:00,34.2,38,9.0,986.5,487.6,0.0
2024-04-28T09:00,35.9,35,9.3,986.8,532.3,0.0
2024-04-28T10:00,37.6,32,8.4,986.6,536.7,0.0
2024-04-28T11:00,39.1,30,7.9,986.0,535.7,0.0
2024-04-28T12:00,40.5,27,7.6,985.0,709.9,0.0
2024-04-28T13:00,41.6,24,3.0,983.8,718.6,0.0
2024-04-28T14:00,41.1,24,8.0,983.4,591.8,0.0
2024-04-28T15:00,40.6,24,7.5,982.7,435.9,0.0
2024-04-28T16:00,37.5,34,19.1,982.6,479.6,0.0
2024-04-28T17:00,36.0,34,13.1,983.1,331.7,0.0
2024-04-28T18:00,35.4,36,12.7,983.5,143.9,0.0
2024-04-28T19:00,34.4,37,13.9,984.3,0.0,0.0
2024-04-28T20:00,33.6,38,12.7,985.2,0.0,0.0
2024-04-28T21:00,33.0,40,8.4,986.1,0.0,0.0
2024-04-28T22:00,32.4,42,9.0,986.5,0.0,0.0
2024-04-28T23:00,31.9,44,9.1,986.1,0.0,0.0
2024-04-29T00:00,31.3,47,6.1,985.5,0.0,0.0
2024-04-29T01:00,30.0,55,7.0,985.0,0.0,0.0
2024-04-29T02:00,29.8,52,4.9,984.5,0.0,0.0
2024-04-29T03:00,29.9,51,8.4,984.3,0.0,0.0
2024-04-29T04:00,29.5,52,9.1,984.6,0.0,0.0
2024-04-29T05:00,29.4,52,8.7,985.2,0.0,0.0
2024-04-29T06:00,30.4,52,7.1,986.2,56.6,0.0
2024-04-29T07:00,31.8,49,6.9,988.0,142.1,0.0
2024-04-29T08:00,32.6,47,16.3,988.2,460.2,0.0
2024-04-29T09:00,35.3,40,12.1,988.0,594.3,0.0
2024-04-29T10:00,35.6,39,13.7,989.2,511.4,0.0
2024-04-29T11:00,31.4,56,5.1,988.7,76.8,0.2
2024-04-29T12:00,34.2,44,8.4,987.4,176.4,0.0
2024-04-29T13:00,36.8,36,5.4,986.3,462.0,0.0
2024-04-29T14:00,38.9,30,5.5,985.5,683.5,0.0
2024-04-29T15:00,37.1,35,11.9,985.3,438.2,0.2
2024-04-29T16:00,37.5,33,8.5,984.5,559.2,0.0
2024-04-29T17:00,37.1,33,4.5,984.4,372.6,0.0
2024-04-29T18:00,34.9,41,5.4,982.9,136.6,0.0
2024-04-29T19:00,33.7,43,5.4,983.9,0.0,0.0
2024-04-29T20:00,32.8,43,6.5,984.6,0.0,0.0
2024-04-29T21:00,33.1,41,7.2,984.9,0.0,0.0
2024-04-29T22:00,32.7,44,6.2,985.1,0.0,0.0
2024-04-29T23:00,31.6,45,10.8,985.3,0.0,0.0
2024-04-30T00:00,31.2,46,8.4,984.4,0.0,0.0
2024-04-30T01:00,30.5,47,5.9,983.8,0.0,0.0
2024-04-30T02:00,29.5,50,5.1,983.1,0.0,0.0
2024-04-30T03:00,30.6,46,5.6,983.0,0.0,0.0
2024-04-30T04:00,29.7,49,11.3,983.9,0.0,0.0
2024-04-30T05:00,29.2,50,7.1,983.4,0.0,0.0
2024-04-30T06:00,30.7,51,9.2,984.2,56.1,0.0
2024-04-30T07:00,33.2,46,2.5,985.2,338.7,0.0
2024-04-30T08:00,34.9,40,2.9,986.2,535.8,0.0
2024-04-30T09:00,36.9,36,2.2,985.6,640.4,0.0
2024-04-30T10:00,38.8,32,1.3,985.0,710.4,0.0
2024-04-30T11:00,40.3,29,0.5,984.2,750.3,0.0
2024-04-30T12:00,41.4,26,0.8,983.3,735.3,0.0
2024-04-30T13:00,41.8,24,1.9,982.1,574.0,0.0
2024-04-30T14:00,42.5,24,2.9,981.0,598.0,0.0
2024-04-30T15:00,42.7,23,6.4,980.3,578.2,0.0
2024-04-30T16:00,42.1,21,12.2,979.7,523.7,0.0
2024-04-30T17:00,41.1,20,10.7,979.8,327.3,0.0
2024-04-30T18:00,39.3,25,6.4,979.2,74.9,0.0
2024-04-30T19:00,37.3,26,11.0,979.7,0.0,0.0
2024-04-30T20:00,36.1,28,7.7,980.2,0.0,0.0
2024-04-30T21:00,34.8,31,7.0,980.9,0.0,0.0
2024-04-30T22:00,33.7,33,7.8,980.9,0.0,0.0
2024-04-30T23:00,33.4,31,11.1,980.9,0.0,0.0
2024-05-01T00:00,33.0,29,10.4,980.7,0.0,0.0
2024-05-01T01:00,30.3,38,8.9,980.0,0.0,0.0
2024-05-01T02:00,29.4,41,5.4,979.7,0.0,0.0
2024-05-01T03:00,29.3,38,7.6,979.9,0.0,0.0
2024-05-01T04:00,28.4,40,5.8,980.5,0.0,0.0
2024-05-01T05:00,28.4,40,8.0,981.1,0.0,0.0
2024-05-01T06:00,30.7,38,12.2,981.3,64.8,0.0
2024-05-01T07:00,33.5,34,13.0,982.2,311.9,0.0
2024-05-01T08:00,36.0,23,14.5,982.9,502.6,0.0
2024-05-01T09:00,37.3,21,11.4,983.0,633.6,0.0
2024-05-01T10:00,39.1,18,9.7,982.5,723.7,0.0
2024-05-01T11:00,40.6,15,10.5,982.1,770.8,0.0
2024-05-01T12:00,41.7,14,12.8,981.3,781.3,0.0
2024-05-01T13:00,42.3,14,14.5,980.2,779.4,0.0
2024-05-01T14:00,42.6,13,15.5,979.5,751.3,0.0
2024-05-01T15:00,41.9,13,19.4,978.9,696.9,0.0
2024-05-01T16:00,41.1,14,16.6,978.8,604.8,0.0
2024-05-01T17:00,39.9,15,14.0,978.9,439.9,0.0
2024-05-01T18:00,38.5,17,10.8,978.7,169.6,0.0
2024-05-01T19:00,36.5,19,10.3,978.8,0.0,0.0
2024-05-01T20:00,35.0,21,9.3,979.7,0.0,0.0
2024-05-01T21:00,34.3,23,10.5,980.4,0.0,0.0
2024-05-01T22:00,34.0,21,11.7,980.8,0.0,0.0
2024-05-01T23:00,32.7,23,8.5,980.3,0.0,0.0
2024-05-02T00:00,30.7,26,6.8,980.0,0.0,0.0
2024-05-02T01:00,29.5,28,7.6,980.0,0.0,0.0
2024-05-02T02:00,28.7,30,9.5,979.7,0.0,0.0
2024-05-02T03:00,28.2,31,10.2,979.9,0.0,0.0
2024-05-02T04:00,27.6,31,10.8,980.7,0.0,0.0
2024-05-02T05:00,27.0,31,10.8,981.3,0.0,0.0
2024-05-02T06:00,28.3,29,11.6,981.8,73.4,0.0
2024-05-02T07:00,30.5,26,9.6,983.1,375.9,0.0
2024-05-02T08:00,33.3,19,10.2,983.8,577.7,0.0
2024-05-02T09:00,36.1,15,10.9,984.1,693.7,0.0
2024-05-02T10:00,38.3,12,11.2,983.9,760.5,0.0
2024-05-02T11:00,40.0,9,10.6,983.0,797.5,0.0
2024-05-02T12:00,40.9,9,9.4,982.0,813.1,0.0
2024-05-02T13:00,41.4,9,8.4,981.0,807.9,0.0
2024-05-02T14:00,41.6,9,6.4,979.9,779.1,0.0
2024-05-02T15:00,41.7,8,5.0,979.4,725.5,0.0
2024-05-02T16:00,41.5,8,6.0,979.0,628.5,0.0
2024-05-02T17:00,39.8,10,8.5,979.3,460.9,0.0
2024-05-02T18:00,37.8,9,9.9,979.2,189.3,0.0
2024-05-02T19:00,36.1,9,14.2,980.5,0.0,0.0
2024-05-02T20:00,34.8,11,14.2,981.5,0.0,0.0
2024-05-02T21:00,33.5,12,11.8,982.3,0.0,0.0
2024-05-02T22:00,31.7,15,7.4,982.4,0.0,0.0
2024-05-02T23:00,31.5,16,10.5,982.3,0.0,0.0
2024-05-03T00:00,30.3,18,7.3,981.7,0.0,0.0
2024-05-03T01:00,29.0,22,7.7,981.7,0.0,0.0
2024-05-03T02:00,30.0,19,3.7,981.7,0.0,0.0
2024-05-03T03:00,28.9,21,3.4,981.6,0.0,0.0
2024-05-03T04:00,25.2,31,6.9,982.2,0.0,0.0
2024-05-03T05:00,26.6,26,2.6,982.9,0.0,0.0
2024-05-03T06:00,26.6,34,7.7,983.6,72.8,0.0
2024-05-03T07:00,29.5,31,7.6,984.9,377.0,0.0
2024-05-03T08:00,32.9,24,6.2,985.7,576.1,0.0
2024-05-03T09:00,35.6,19,5.1,986.0,691.2,0.0
2024-05-03T10:00,37.8,16,4.2,985.7,757.4,0.0
2024-05-03T11:00,39.7,13,3.8,984.8,792.9,0.0
2024-05-03T12:00,41.0,11,4.7,983.7,806.8,0.0
2024-05-03T13:00,41.8,10,5.4,982.6,801.4,0.0
2024-05-03T14:00,42.2,10,5.2,981.4,774.3,0.0
2024-05-03T15:00,42.3,10,4.3,980.8,722.4,0.0
2024-05-03T16:00,42.2,10,4.8,980.3,627.8,0.0
2024-05-03T17:00,40.5,17,3.4,980.4,459.8,0.0
2024-05-03T18:00,37.5,9,8.8,980.6,188.7,0.0
2024-05-03T19:00,35.2,11,11.8,981.5,0.0,0.0
2024-05-03T20:00,34.1,12,10.2,982.6,0.0,0.0
2024-05-03T21:00,34.6,11,5.2,983.3,0.0,0.0
2024-05-03T22:00,29.2,20,7.1,983.3,0.0,0.0
2024-05-03T23:00,30.8,17,5.2,983.0,0.0,0.0
2024-05-04T00:00,27.2,24,7.6,982.2,0.0,0.0
2024-05-04T01:00,27.7,20,6.9,981.9,0.0,0.0
2024-05-04T02:00,26.7,21,7.3,981.9,0.0,0.0
2024-05-04T03:00,27.2,22,8.0,982.2,0.0,0.0
2024-05-04T04:00,28.5,18,2.4,982.6,0.0,0.0
2024-05-04T05:00,25.0,27,7.7,983.0,0.0,0.0
2024-05-04T06:00,26.1,31,5.5,983.8,81.2,0.0
2024-05-04T07:00,30.0,25,3.7,985.5,371.3,0.0
2024-05-04T08:00,33.6,25,3.1,986.4,558.9,0.0
2024-05-04T09:00,35.7,43,5.9,986.2,663.2,0.0
2024-05-04T10:00,37.8,42,5.1,985.6,729.8,0.0
2024-05-04T11:00,40.0,33,3.6,984.8,756.8,0.0
2024-05-04T12:00,41.9,23,3.6,983.6,768.3,0.0
2024-05-04T13:00,42.7,18,2.2,982.4,747.8,0.0
2024-05-04T14:00,43.2,16,3.6,981.3,727.0,0.0
2024-05-04T15:00,43.3,14,7.9,980.4,690.3,0.0
2024-05-04T16:00,43.2,13,10.5,979.8,609.7,0.0
2024-05-04T17:00,42.0,8,13.5,980.1,433.9,0.0
2024-05-04T18:00,39.4,10,9.9,980.1,87.3,0.0
2024-05-04T19:00,37.0,9,8.2,980.7,0.0,0.0
2024-05-04T20:00,33.0,15,11.2,981.5,0.0,0.0
2024-05-04T21:00,31.6,20,11.4,982.1,0.0,0.0
2024-05-04T22:00,32.7,17,10.6,982.7,0.0,0.0
2024-05-04T23:00,32.9,17,12.3,982.3,0.0,0.0
2024-05-05T00:00,31.9,19,8.2,981.5,0.0,0.0
2024-05-05T01:00,28.8,23,5.7,980.9,0.0,0.0
2024-05-05T02:00,28.5,25,7.9,980.2,0.0,0.0
2024-05-05T03:00,27.4,28,6.0,980.1,0.0,0.0
2024-05-05T04:00,26.4,32,7.6,980.5,0.0,0.0
2024-05-05T05:00,25.5,34,7.4,981.1,0.0,0.0
2024-05-05T06:00,27.2,30,9.0,982.4,44.7,0.0
2024-05-05T07:00,29.8,27,5.8,983.7,280.3,0.0
2024-05-05T08:00,32.6,23,5.9,984.5,444.4,0.0
2024-05-05T09:00,35.0,21,5.4,984.4,616.9,0.0
2024-05-05T10:00,37.4,20,6.3,983.9,735.0,0.0
2024-05-05T11:00,39.4,18,6.6,983.0,706.1,0.0
2024-05-05T12:00,41.0,17,7.4,982.1,724.8,0.0
2024-05-05T13:00,42.2,15,8.2,980.9,732.2,0.0
2024-05-05T14:00,42.8,15,9.5,979.7,749.1,0.0
2024-05-05T15:00,42.9,14,11.6,978.7,699.2,0.0
2024-05-05T16:00,42.5,14,13.8,978.4,605.6,0.0
2024-05-05T17:00,41.5,14,15.9,978.5,441.0,0.0
2024-05-05T18:00,40.9,12,13.9,978.5,180.7,0.0
2024-05-05T19:00,39.0,15,12.6,979.5,0.0,0.0
2024-05-05T20:00,36.6,19,7.6,980.5,0.0,0.0
2024-05-05T21:00,35.3,21,9.8,981.3,0.0,0.0
2024-05-05T22:00,36.0,21,3.0,981.8,0.0,0.0
2024-05-05T23:00,33.1,29,12.9,982.0,0.0,0.0
2024-05-06T00:00,32.4,38,8.0,981.7,0.0,0.0
2024-05-06T01:00,30.7,41,8.6,981.4,0.0,0.0
2024-05-06T02:00,30.4,37,8.3,981.2,0.0,0.0
2024-05-06T03:00,31.6,32,3.5,981.4,0.0,0.0
2024-05-06T04:00,30.8,36,2.3,981.9,0.0,0.0
2024-05-06T05:00,30.1,37,3.4,982.4,0.0,0.0
2024-05-06T06:00,30.1,51,6.5,983.1,71.0,0.0
2024-05-06T07:00,32.6,45,4.1,983.9,295.7,0.0
2024-05-06T08:00,35.4,40,6.2,984.7,524.9,0.0
2024-05-06T09:00,38.6,26,7.2,984.9,644.3,0.0
2024-05-06T10:00,40.5,21,11.2,984.6,695.9,0.0
2024-05-06T11:00,41.8,18,12.4,983.8,728.8,0.0
2024-05-06T12:00,42.6,17,13.3,982.9,679.3,0.0
2024-05-06T13:00,42.8,17,12.1,981.8,680.6,0.0
2024-05-06T14:00,43.0,16,11.7,980.6,603.3,0.0
2024-05-06T15:00,43.0,15,16.3,980.1,560.3,0.0
2024-05-06T16:00,42.2,17,15.1,980.0,402.7,0.0
2024-05-06T17:00,40.3,18,18.2,980.2,125.7,0.0
2024-05-06T18:00,39.6,15,7.9,979.2,153.5,0.0
2024-05-06T19:00,38.3,18,13.5,980.5,0.0,0.0
2024-05-06T20:00,34.7,26,8.0,981.2,0.0,0.0
2024-05-06T21:00,33.3,26,6.5,982.0,0.0,0.0
2024-05-06T22:00,33.0,25,9.4,983.2,0.0,0.0
2024-05-06T23:00,32.3,27,12.6,984.0,0.0,0.0
2024-05-07T00:00,32.9,29,11.3,983.3,0.0,0.0
2024-05-07T01:00,32.6,39,13.1,983.1,0.0,0.0
2024-05-07T02:00,31.6,46,19.7,982.4,0.0,0.0
2024-05-07T03:00,30.9,49,16.8,983.2,0.0,0.0
2024-05-07T04:00,30.5,52,14.1,983.7,0.0,0.0
2024-05-07T05:00,29.9,59,13.0,984.5,0.0,0.0
2024-05-07T06:00,29.7,70,19.5,985.6,61.7,0.0
2024-05-07T07:00,31.9,59,17.3,986.1,321.2,0.0
2024-05-07T08:00,33.2,55,16.0,986.5,432.5,0.0
2024-05-07T09:00,35.5,45,16.9,986.5,644.9,0.0
2024-05-07T10:00,37.5,34,19.9,986.3,694.3,0.0
2024-05-07T11:00,38.9,30,22.1,985.8,678.3,0.0
2024-05-07T12:00,39.8,26,20.5,985.3,632.9,0.0
2024-05-07T13:00,37.3,31,16.8,985.5,570.7,0.3
2024-05-07T14:00,38.4,31,17.7,984.1,519.2,0.0
2024-05-07T15:00,38.0,31,11.5,983.5,529.7,0.1
2024-05-07T16:00,36.7,33,18.2,983.7,497.2,0.0
2024-05-07T17:00,36.6,32,9.4,983.8,299.8,0.0
2024-05-07T18:00,30.7,72,12.6,984.3,79.8,10.2
2024-05-07T19:00,28.0,79,22.7,986.4,0.0,15.6
2024-05-07T20:00,28.0,67,14.8,987.9,0.0,0.0
2024-05-07T21:00,28.1,60,6.4,989.5,0.0,0.0
2024-05-07T22:00,27.6,56,20.6,988.6,0.0,0.0
2024-05-07T23:00,27.2,56,15.3,988.0,0.0,0.0
2024-05-08T00:00,26.5,61,14.4,986.9,0.0,0.0
2024-05-08T01:00,25.9,68,9.7,985.9,0.0,0.0
2024-05-08T02:00,25.4,73,8.3,985.3,0.0,0.0
2024-05-08T03:00,25.2,75,8.9,985.2,0.0,0.0
2024-05-08T04:00,25.0,76,7.1,985.8,0.0,0.0
2024-05-08T05:00,25.0,76,9.8,986.7,0.0,0.0
2024-05-08T06:00,26.5,61,6.2,987.2,70.0,0.0
2024-05-08T07:00,28.3,57,11.1,988.1,343.1,0.0
2024-05-08T08:00,30.5,51,9.0,988.9,538.0,0.0
2024-05-08T09:00,32.6,45,7.6,988.2,638.5,0.0
2024-05-08T10:00,34.4,42,11.3,987.2,709.0,0.0
2024-05-08T11:00,35.9,40,9.7,986.3,738.7,0.0
2024-05-08T12:00,37.6,35,7.8,985.2,753.3,0.0
2024-05-08T13:00,38.4,32,6.2,983.7,687.5,0.0
2024-05-08T14:00,38.7,30,4.5,982.4,600.7,0.0
2024-05-08T15:00,38.9,29,3.9,981.7,508.4,0.0
2024-05-08T16:00,38.5,28,3.7,981.4,460.4,0.0
2024-05-08T17:00,37.7,28,2.6,981.6,328.9,0.0
2024-05-08T18:00,36.1,23,5.7,980.7,132.5,0.0
2024-05-08T19:00,35.3,28,16.4,981.8,0.0,0.0
2024-05-08T20:00,34.3,32,15.9,982.6,0.0,0.0
2024-05-08T21:00,33.0,34,13.7,983.3,0.0,0.0
2024-05-08T22:00,31.8,34,10.1,983.7,0.0,0.0
2024-05-08T23:00,31.1,35,11.2,983.4,0.0,0.0
2024-05-09T00:00,30.7,36,12.5,982.7,0.0,0.0
2024-05-09T01:00,30.4,42,13.2,982.3,0.0,0.0
2024-05-09T02:00,29.7,48,11.7,982.0,0.0,0.0
2024-05-09T03:00,28.9,54,11.9,982.2,0.0,0.0
2024-05-09T04:00,28.4,60,12.5,982.8,0.0,0.0
2024-05-09T05:00,28.0,64,11.3,983.8,0.0,0.0
2024-05-09T06:00,28.2,61,15.0,986.1,69.5,0.0
2024-05-09T07:00,29.6,59,17.7,986.2,157.3,0.0
2024-05-09T08:00,31.3,53,17.3,987.6,432.6,0.0
2024-05-09T09:00,32.6,54,17.6,986.9,448.7,0.0
2024-05-09T10:00,34.3,48,10.0,986.3,698.0,0.0
2024-05-09T11:00,31.3,58,9.5,986.3,458.1,1.9
2024-05-09T12:00,34.3,49,14.9,983.8,340.4,0.0
2024-05-09T13:00,36.9,42,14.4,983.2,726.4,0.0
2024-05-09T14:00,34.1,50,15.4,983.0,725.8,0.3
2024-05-09T15:00,34.3,49,10.5,982.7,397.5,0.0
2024-05-09T16:00,32.0,56,5.4,982.5,96.5,0.1
2024-05-09T17:00,32.8,55,4.9,982.8,301.0,0.2
2024-05-09T18:00,32.2,48,9.4,983.6,165.1,0.0
2024-05-09T19:00,30.8,55,7.7,984.3,0.0,0.0
2024-05-09T20:00,30.4,57,9.7,985.2,0.0,0.0
2024-05-09T21:00,29.5,62,12.2,985.7,0.0,0.0
2024-05-09T22:00,28.8,68,12.8,985.6,0.0,0.0
2024-05-09T23:00,28.2,71,13.1,985.2,0.0,0.0
2024-05-10T00:00,27.9,72,12.9,984.7,0.0,0.0
2024-05-10T01:00,27.5,73,9.4,984.4,0.0,0.0
2024-05-10T02:00,27.1,75,11.3,983.8,0.0,0.0
2024-05-10T03:00,26.9,75,13.9,983.3,0.0,0.0
2024-05-10T04:00,26.6,78,7.6,984.3,0.0,0.0
2024-05-10T05:00,26.1,83,7.6,985.4,0.0,0.0
2024-05-10T06:00,28.3,67,0.8,985.8,17.3,0.1
2024-05-10T07:00,30.5,62,6.1,987.0,276.6,0.1
2024-05-10T08:00,32.6,58,5.4,987.8,470.3,0.0
2024-05-10T09:00,34.6,52,7.9,987.6,556.8,0.0
2024-05-10T10:00,35.9,49,5.0,986.9,661.6,0.1
2024-05-10T11:00,36.3,46,9.7,986.1,504.0,0.1
2024-05-10T12:00,37.2,43,6.0,985.5,482.9,0.0
2024-05-10T13:00,37.3,43,4.8,984.7,520.1,0.0
2024-05-10T14:00,37.0,43,10.4,983.9,418.1,0.0
2024-05-10T15:00,32.9,56,9.6,982.9,342.0,2.1
2024-05-10T16:00,34.0,53,5.5,982.3,309.7,0.0
2024-05-10T17:00,34.2,51,6.8,982.3,357.0,0.0
2024-05-10T18:00,36.4,31,3.1,982.8,144.8,0.0
2024-05-10T19:00,34.4,34,8.2,983.3,0.0,0.0
2024-05-10T20:00,33.2,40,10.0,984.2,0.0,0.0
2024-05-10T21:00,32.3,46,10.5,984.5,0.0,0.0
2024-05-10T22:00,31.9,46,10.7,985.1,0.0,0.0
2024-05-10T23:00,31.7,46,10.5,984.7,0.0,0.0
2024-05-11T00:00,30.8,51,6.7,984.3,0.0,0.0
2024-05-11T01:00,29.8,56,5.6,984.7,0.0,0.0
2024-05-11T02:00,29.4,56,9.4,984.4,0.0,0.0
2024-05-11T03:00,28.9,58,7.9,984.7,0.0,0.0
2024-05-11T04:00,28.4,59,7.1,985.2,0.0,0.0
2024-05-11T05:00,27.7,62,3.7,986.3,0.0,0.0
2024-05-11T06:00,30.1,66,9.4,987.5,68.7,0.0
2024-05-11T07:00,32.1,60,10.5,988.3,325.2,0.0
2024-05-11T08:00,33.7,57,10.6,988.6,494.4,0.0
2024-05-11T09:00,35.8,51,9.7,988.2,623.9,0.0
2024-05-11T10:00,37.8,43,8.2,987.2,691.5,0.0
2024-05-11T11:00,39.5,37,6.5,986.2,728.6,0.0
2024-05-11T12:00,40.1,34,3.6,985.3,685.6,0.0
2024-05-11T13:00,41.0,30,1.3,984.3,654.3,0.0
2024-05-11T14:00,41.1,28,3.7,983.3,557.7,0.0
2024-05-11T15:00,39.0,33,14.8,982.4,510.1,0.8
2024-05-11T16:00,35.3,42,13.7,982.7,362.6,0.6
2024-05-11T17:00,35.5,39,7.3,983.3,250.9,0.0
2024-05-11T18:00,33.7,46,4.4,983.4,91.9,0.0
2024-05-11T19:00,32.9,50,5.4,984.4,0.0,0.0
2024-05-11T20:00,32.3,52,7.9,985.4,0.0,0.0
2024-05-11T21:00,31.9,53,7.9,985.6,0.0,0.0
2024-05-11T22:00,31.2,54,5.9,985.6,0.0,0.0
2024-05-11T23:00,31.0,55,4.5,985.0,0.0,0.0
2024-05-12T00:00,30.9,56,1.8,984.8,0.0,0.0
2024-05-12T01:00,30.1,55,9.8,984.4,0.0,0.0
2024-05-12T02:00,30.0,51,11.5,984.2,0.0,0.0
2024-05-12T03:00,30.0,54,9.5,984.2,0.0,0.0
2024-05-12T04:00,29.6,56,11.2,984.8,0.0,0.0
2024-05-12T05:00,29.3,57,8.4,985.7,0.0,0.0
2024-05-12T06:00,30.7,63,7.7,987.1,68.3,0.0
2024-05-12T07:00,32.7,57,10.0,988.2,330.5,0.0
2024-05-12T08:00,34.2,52,10.1,988.5,518.5,0.0
2024-05-12T09:00,35.9,46,9.3,988.3,596.7,0.0
2024-05-12T10:00,37.0,42,7.0,987.8,591.1,0.0
2024-05-12T11:00,38.1,37,6.9,986.5,542.4,0.0
2024-05-12T12:00,39.2,32,6.4,985.4,682.5,0.0
2024-05-12T13:00,40.0,29,5.6,984.6,686.0,0.0
2024-05-12T14:00,40.3,28,4.9,983.7,502.8,0.0
2024-05-12T15:00,35.9,38,11.4,984.0,483.6,0.2
2024-05-12T16:00,32.4,56,7.2,983.9,85.8,0.5
2024-05-12T17:00,33.4,49,5.8,984.3,193.7,0.0
2024-05-12T18:00,37.0,28,5.0,984.7,0.0,0.0
2024-05-12T19:00,35.2,33,9.4,985.3,0.0,0.0
2024-05-12T20:00,33.0,46,10.8,986.0,0.0,0.0
2024-05-12T21:00,32.3,48,6.8,986.6,0.0,0.0
2024-05-12T22:00,32.1,55,3.1,986.7,0.0,0.0
2024-05-12T23:00,31.9,51,4.3,986.3,0.0,0.0
2024-05-13T00:00,31.6,52,8.7,986.0,0.0,0.0
2024-05-13T01:00,31.1,53,11.8,985.4,0.0,0.0
2024-05-13T02:00,30.8,54,11.5,985.0,0.0,0.0
2024-05-13T03:00,30.1,57,11.2,985.0,0.0,0.0
2024-05-13T04:00,30.3,55,10.4,985.3,0.0,0.0
2024-05-13T05:00,30.1,55,9.8,985.6,0.0,0.0
2024-05-13T06:00,26.0,90,1.1,988.0,51.0,0.0
2024-05-13T07:00,27.4,81,5.7,988.7,148.2,0.0
2024-05-13T08:00,29.8,65,11.0,989.0,218.6,0.0
2024-05-13T09:00,31.7,55,2.6,988.8,267.2,0.0
2024-05-13T10:00,33.5,46,2.5,988.1,337.3,0.0
2024-05-13T11:00,34.2,42,1.1,987.4,225.7,0.0
2024-05-13T12:00,35.3,40,4.6,986.3,353.3,0.0
2024-05-13T13:00,35.1,40,8.4,985.9,409.1,0.7
2024-05-13T14:00,35.8,37,4.5,984.5,565.2,0.0
2024-05-13T15:00,36.1,35,1.3,983.7,304.7,0.0
2024-05-13T16:00,36.1,33,5.9,983.6,317.2,0.0
2024-05-13T17:00,35.4,35,4.8,984.2,99.3,0.0
2024-05-13T18:00,34.5,36,5.6,983.4,162.9,0.0
2024-05-13T19:00,32.6,42,5.8,984.6,0.0,0.0
2024-05-13T20:00,31.0,46,4.6,985.3,0.0,0.0
2024-05-13T21:00,30.3,50,7.4,985.7,0.0,0.0
2024-05-13T22:00,29.7,55,8.4,985.5,0.0,0.0
2024-05-13T23:00,29.2,58,8.2,984.8,0.0,0.0
2024-05-14T00:00,28.5,61,7.5,984.3,0.0,0.0
2024-05-14T01:00,28.7,60,2.0,984.9,0.0,0.0
2024-05-14T02:00,27.5,65,5.4,984.7,0.0,0.0
2024-05-14T03:00,27.2,66,7.0,984.3,0.0,0.0
2024-05-14T04:00,26.8,68,7.1,984.5,0.0,0.0
2024-05-14T05:00,26.3,71,7.2,985.4,0.0,0.0
2024-05-14T06:00,28.7,65,7.4,985.9,84.5,0.0
2024-05-14T07:00,31.4,59,7.2,987.4,344.5,0.0
2024-05-14T08:00,33.9,50,13.2,988.2,530.4,0.0
2024-05-14T09:00,35.3,46,14.4,987.5,559.2,0.0
2024-05-14T10:00,37.2,39,6.9,987.0,643.0,0.0
2024-05-14T11:00,38.4,34,1.5,986.2,721.9,0.0
2024-05-14T12:00,39.5,30,1.5,985.6,697.4,0.0
2024-05-14T13:00,40.3,27,5.4,984.5,693.0,0.0
2024-05-14T14:00,38.5,29,7.2,983.8,464.6,0.0
2024-05-14T15:00,39.1,27,3.0,982.7,421.3,0.0
2024-05-14T16:00,34.9,40,7.6,984.0,298.0,0.6
2024-05-14T17:00,35.1,38,4.4,984.3,216.8,0.0
2024-05-14T18:00,36.0,26,9.1,983.7,155.8,0.0
2024-05-14T19:00,34.5,29,8.7,985.3,0.0,0.0
2024-05-14T20:00,33.4,39,11.4,986.0,0.0,0.0
2024-05-14T21:00,31.9,47,12.3,986.7,0.0,0.0
2024-05-14T22:00,30.5,53,5.1,986.7,0.0,0.0
2024-05-14T23:00,30.4,53,5.8,986.2,0.0,0.0
2024-05-15T00:00,29.1,60,4.0,985.6,0.0,0.0
2024-05-15T01:00,28.8,60,8.2,985.4,0.0,0.0
2024-05-15T02:00,28.2,62,9.0,985.2,0.0,0.0
2024-05-15T03:00,27.7,65,9.1,985.3,0.0,0.0
2024-05-15T04:00,27.4,67,10.1,985.6,0.0,0.0
2024-05-15T05:00,26.9,70,9.2,986.3,0.0,0.0
2024-05-15T06:00,28.0,78,5.9,987.6,33.7,0.0
2024-05-15T07:00,29.9,69,1.8,988.8,183.2,0.0
2024-05-15T08:00,31.7,61,2.3,989.0,208.4,0.0
2024-05-15T09:00,34.3,49,3.9,988.7,532.2,0.0
2024-05-15T10:00,34.1,49,10.5,988.3,249.9,0.1
2024-05-15T11:00,34.9,49,5.9,987.4,390.7,0.0
2024-05-15T12:00,35.3,48,3.6,987.1,473.6,0.0
2024-05-15T13:00,36.5,40,4.3,986.5,662.1,0.0
2024-05-15T14:00,36.5,38,5.2,985.7,524.7,0.0
2024-05-15T15:00,37.0,34,6.5,984.5,488.0,0.0
2024-05-15T16:00,37.3,33,4.7,984.2,437.9,0.0
2024-05-15T17:00,34.5,43,12.7,985.6,136.1,0.1
2024-05-15T18:00,34.3,32,11.6,984.8,161.8,0.0
2024-05-15T19:00,33.1,32,6.4,984.9,0.0,0.0
2024-05-15T20:00,31.2,39,7.0,985.7,0.0,0.0
2024-05-15T21:00,30.8,41,6.1,986.7,0.0,0.0
2024-05-15T22:00,30.0,44,6.6,986.9,0.0,0.0
2024-05-15T23:00,29.8,45,6.3,986.8,0.0,0.0
2024-05-16T00:00,29.6,43,6.7,986.7,0.0,0.0
2024-05-16T01:00,28.7,49,3.6,986.2,0.0,0.0
2024-05-16T02:00,28.0,51,5.2,985.9,0.0,0.0
2024-05-16T03:00,27.4,52,4.5,986.0,0.0,0.0
2024-05-16T04:00,26.9,55,8.2,986.5,0.0,0.0
2024-05-16T05:00,26.8,58,8.4,986.7,0.0,0.0
2024-05-16T06:00,29.1,73,9.2,987.8,0.0,0.0
2024-05-16T07:00,31.2,64,11.9,988.0,189.1,0.0
2024-05-16T08:00,33.5,55,12.8,988.6,360.9,0.0
2024-05-16T09:00,35.5,47,6.5,988.6,435.1,0.0
2024-05-16T10:00,37.1,42,10.2,988.1,622.9,0.0
2024-05-16T11:00,33.4,57,14.2,988.4,578.7,2.9
2024-05-16T12:00,32.0,62,16.1,987.6,309.0,0.0
2024-05-16T13:00,32.6,61,8.7,986.7,251.1,0.1
2024-05-16T14:00,34.2,56,4.2,985.3,568.1,0.0
2024-05-16T15:00,34.7,53,3.3,985.2,465.4,0.0
2024-05-16T16:00,33.7,55,5.2,985.0,471.6,0.0
2024-05-16T17:00,33.5,54,7.6,984.8,247.6,0.0
2024-05-16T18:00,33.8,37,10.2,984.4,116.1,0.0
2024-05-16T19:00,34.1,36,4.1,985.3,0.0,0.0
2024-05-16T20:00,33.3,40,5.0,986.0,0.0,0.0
2024-05-16T21:00,31.9,42,11.5,986.3,0.0,0.0
2024-05-16T22:00,30.4,48,14.8,986.5,0.0,0.0
2024-05-16T23:00,29.1,57,14.7,986.4,0.0,0.0
2024-05-17T00:00,28.3,62,12.3,985.6,0.0,0.0
2024-05-17T01:00,28.0,65,12.4,985.1,0.0,0.0
2024-05-17T02:00,27.4,71,11.9,984.8,0.0,0.0
2024-05-17T03:00,26.7,76,10.1,985.0,0.0,0.0
2024-05-17T04:00,26.4,78,8.6,985.6,0.0,0.0
2024-05-17T05:00,26.3,79,6.4,985.9,0.0,0.0
2024-05-17T06:00,27.8,78,5.1,987.1,0.0,0.0
2024-05-17T07:00,28.0,78,0.7,987.7,0.0,0.3
2024-05-17T08:00,29.5,72,2.7,988.0,211.7,0.1
2024-05-17T09:00,29.0,73,2.1,988.4,0.0,0.0
2024-05-17T10:00,31.1,59,2.6,988.0,74.4,0.0
2024-05-17T11:00,32.4,51,6.9,987.5,51.2,0.0
2024-05-17T12:00,32.9,47,7.8,986.6,56.2,0.0
2024-05-17T13:00,33.7,46,7.4,985.4,73.8,0.0
2024-05-17T14:00,33.8,46,7.9,984.0,42.4,0.0
2024-05-17T15:00,34.9,42,8.2,983.1,601.4,0.0
2024-05-17T16:00,34.9,40,8.4,983.2,520.5,0.0
2024-05-17T17:00,34.3,41,10.1,983.6,318.6,0.0
2024-05-17T18:00,33.6,43,11.7,983.7,77.1,0.0
2024-05-17T19:00,32.5,50,13.0,984.1,0.0,0.0
2024-05-17T20:00,30.4,62,15.5,985.0,0.0,0.0
2024-05-17T21:00,29.0,71,14.2,986.1,0.0,0.0
2024-05-17T22:00,28.5,73,12.1,986.5,0.0,0.0
2024-05-17T23:00,28.2,76,8.2,986.4,0.0,0.0
2024-05-18T00:00,27.9,78,4.0,985.9,0.0,0.0
2024-05-18T01:00,27.3,81,7.0,985.1,0.0,0.0
2024-05-18T02:00,27.0,83,8.3,984.7,0.0,0.0
2024-05-18T03:00,26.8,85,5.4,984.6,0.0,0.0
2024-05-18T04:00,26.6,86,6.3,984.5,0.0,0.0
2024-05-18T05:00,26.4,86,8.4,984.6,0.0,0.0
2024-05-18T06:00,27.7,81,5.3,985.3,66.5,0.0
2024-05-18T07:00,29.1,74,2.6,986.0,165.4,0.0
2024-05-18T08:00,31.3,63,5.4,986.6,461.2,0.0
2024-05-18T09:00,32.8,55,6.6,986.1,378.6,0.0
2024-05-18T10:00,33.9,50,9.2,985.7,369.5,0.0
2024-05-18T11:00,34.7,46,10.8,984.9,309.2,0.0
2024-05-18T12:00,35.5,44,9.3,983.9,329.1,0.0
2024-05-18T13:00,36.4,42,8.8,982.5,532.8,0.0
2024-05-18T14:00,37.0,38,8.5,981.0,667.1,0.0
2024-05-18T15:00,37.0,38,9.0,980.2,625.9,0.0
2024-05-18T16:00,36.6,39,9.7,980.3,523.2,0.0
2024-05-18T17:00,34.4,44,16.4,981.1,346.9,0.0
2024-05-18T18:00,34.4,46,10.1,981.2,121.6,0.0
2024-05-18T19:00,33.5,48,13.8,982.1,0.0,0.0
2024-05-18T20:00,30.1,63,14.0,983.1,0.0,0.0
2024-05-18T21:00,28.3,72,14.5,983.7,0.0,0.0
2024-05-18T22:00,28.0,78,13.4,983.9,0.0,0.0
2024-05-18T23:00,27.7,80,10.3,983.8,0.0,0.0
2024-05-19T00:00,27.3,82,9.2,983.2,0.0,0.0
2024-05-19T01:00,26.9,84,11.9,982.8,0.0,0.0
2024-05-19T02:00,26.6,85,10.0,982.2,0.0,0.0
2024-05-19T03:00,26.4,86,9.4,982.0,0.0,0.0
2024-05-19T04:00,26.1,88,9.3,982.0,0.0,0.0
2024-05-19T05:00,25.9,89,8.4,982.5,0.0,0.0
2024-05-19T06:00,29.0,80,9.0,983.1,82.8,0.0
2024-05-19T07:00,30.5,73,9.3,984.0,232.9,0.0
2024-05-19T08:00,32.4,64,9.8,984.5,519.8,0.0
2024-05-19T09:00,34.1,55,9.9,984.5,619.6,0.1
2024-05-19T10:00,35.3,49,7.9,984.1,602.9,0.0
2024-05-19T11:00,36.5,46,6.6,983.3,631.9,0.0
2024-05-19T12:00,37.5,43,5.5,982.0,628.0,0.0
2024-05-19T13:00,38.4,40,2.5,980.9,671.1,0.0
2024-05-19T14:00,38.9,38,3.7,979.4,634.6,0.0
2024-05-19T15:00,38.9,36,6.1,978.3,604.6,0.0
2024-05-19T16:00,38.7,36,7.4,977.8,532.8,0.0
2024-05-19T17:00,37.0,38,4.8,978.6,301.0,0.3
2024-05-19T18:00,37.0,31,11.0,978.8,140.3,0.0
2024-05-19T19:00,35.2,37,11.9,979.3,0.0,0.0
2024-05-19T20:00,34.2,41,10.7,980.4,0.0,0.0
2024-05-19T21:00,33.2,44,8.3,980.9,0.0,0.0
2024-05-19T22:00,32.1,47,10.3,981.6,0.0,0.0
2024-05-19T23:00,31.5,50,13.6,981.8,0.0,0.0
2024-05-20T00:00,30.7,56,14.4,981.2,0.0,0.0
2024-05-20T01:00,30.2,61,14.0,980.6,0.0,0.0
2024-05-20T02:00,29.6,65,10.5,980.1,0.0,0.0
2024-05-20T03:00,29.1,69,8.9,980.2,0.0,0.0
2024-05-20T04:00,28.5,72,9.2,980.7,0.0,0.0
2024-05-20T05:00,28.1,75,8.8,981.7,0.0,0.0
2024-05-20T06:00,30.3,73,4.3,981.7,66.1,0.0
2024-05-20T07:00,31.9,66,5.6,982.7,351.8,0.0
2024-05-20T08:00,33.6,59,5.9,983.7,458.5,0.0
2024-05-20T09:00,35.4,53,6.7,984.2,625.0,0.0
2024-05-20T10:00,37.3,45,7.3,983.8,634.2,0.0
2024-05-20T11:00,38.4,41,4.7,982.8,636.1,0.0
2024-05-20T12:00,38.0,42,10.8,981.8,437.4,0.0
2024-05-20T13:00,39.0,39,8.7,980.2,605.5,0.0
2024-05-20T14:00,37.9,42,17.8,980.1,570.8,0.9
2024-05-20T15:00,30.2,72,2.9,979.8,277.3,6.8
2024-05-20T16:00,32.5,65,4.8,979.2,159.8,0.5
2024-05-20T17:00,32.8,63,13.2,980.2,284.4,0.0
2024-05-20T18:00,37.0,35,6.4,978.5,127.1,0.0
2024-05-20T19:00,34.6,42,3.6,979.4,0.0,0.0
2024-05-20T20:00,33.7,43,4.6,980.7,0.0,0.0
2024-05-20T21:00,33.4,43,12.2,981.4,0.0,0.0
2024-05-20T22:00,33.0,46,14.5,981.7,0.0,0.0
2024-05-20T23:00,31.9,53,11.7,981.7,0.0,0.0
2024-05-21T00:00,31.3,56,8.7,981.4,0.0,0.0
2024-05-21T01:00,30.8,58,9.7,981.3,0.0,0.0
2024-05-21T02:00,30.3,59,11.5,980.9,0.0,0.0
2024-05-21T03:00,29.9,60,12.4,980.4,0.0,0.0
2024-05-21T04:00,30.0,59,10.2,980.6,0.0,0.0
2024-05-21T05:00,29.8,60,9.4,980.9,0.0,0.0
2024-05-21T06:00,30.8,69,3.8,981.9,41.2,0.0
2024-05-21T07:00,32.4,67,9.2,982.7,296.4,0.0
2024-05-21T08:00,34.0,66,12.5,983.1,479.1,0.0
2024-05-21T09:00,34.8,62,13.9,983.6,396.5,0.0
2024-05-21T10:00,36.8,53,9.6,983.1,518.1,0.0
2024-05-21T11:00,37.5,48,18.7,982.2,635.1,0.0
2024-05-21T12:00,31.6,71,6.6,981.4,367.2,2.6
2024-05-21T13:00,31.2,69,18.1,981.4,58.4,0.1
2024-05-21T14:00,31.7,66,8.2,980.6,47.9,0.0
2024-05-21T15:00,32.4,62,8.3,980.1,95.4,0.0
2024-05-21T16:00,33.3,58,4.6,980.0,159.6,0.0
2024-05-21T17:00,33.6,58,5.7,980.0,212.7,0.0
2024-05-21T18:00,38.0,16,13.2,977.7,189.9,0.0
2024-05-21T19:00,35.1,19,7.4,978.3,0.0,0.0
2024-05-21T20:00,36.0,17,4.8,980.1,0.0,0.0
2024-05-21T21:00,32.2,40,9.5,981.1,0.0,0.0
2024-05-21T22:00,31.6,53,6.6,981.7,0.0,0.0
2024-05-21T23:00,30.5,60,5.1,981.9,0.0,0.0
2024-05-22T00:00,30.5,61,7.3,981.3,0.0,0.0
2024-05-22T01:00,30.3,60,10.9,980.9,0.0,0.0
2024-05-22T02:00,30.2,61,12.3,980.7,0.0,0.0
2024-05-22T03:00,29.7,63,14.8,980.2,0.0,0.0
2024-05-22T04:00,29.1,67,12.8,980.5,0.0,0.0
2024-05-22T05:00,28.9,68,10.4,981.0,0.0,0.0
2024-05-22T06:00,30.8,67,13.3,983.6,73.9,0.0
2024-05-22T07:00,30.9,59,6.6,983.4,234.7,0.0
2024-05-22T08:00,33.9,55,5.2,983.5,528.2,0.0
2024-05-22T09:00,36.1,50,5.1,983.4,629.0,0.0
2024-05-22T10:00,37.8,45,3.6,983.0,659.8,0.0
2024-05-22T11:00,39.2,39,8.3,982.1,722.8,0.0
2024-05-22T12:00,39.9,34,9.7,981.0,626.1,0.0
2024-05-22T13:00,40.8,29,6.1,979.7,694.5,0.0
2024-05-22T14:00,41.9,24,4.6,978.5,641.8,0.0
2024-05-22T15:00,41.8,23,5.8,977.5,471.5,0.0
2024-05-22T16:00,41.4,22,9.4,977.2,420.5,0.0
2024-05-22T17:00,40.6,23,10.0,977.6,332.5,0.0
2024-05-22T18:00,36.0,38,4.4,977.6,126.2,0.0
2024-05-22T19:00,35.0,40,4.3,978.3,0.0,0.0
2024-05-22T20:00,34.1,43,4.9,979.4,0.0,0.0
2024-05-22T21:00,34.1,45,6.1,980.4,0.0,0.0
2024-05-22T22:00,33.7,43,3.9,980.7,0.0,0.0
2024-05-22T23:00,32.9,45,4.2,980.2,0.0,0.0
2024-05-23T00:00,31.9,54,9.7,979.2,0.0,0.0
2024-05-23T01:00,31.7,56,7.0,978.6,0.0,0.0
2024-05-23T02:00,31.2,57,6.6,978.1,0.0,0.0
2024-05-23T03:00,30.5,61,6.0,977.9,0.0,0.0
2024-05-23T04:00,30.5,61,16.3,978.9,0.0,0.0
2024-05-23T05:00,29.8,66,15.3,979.3,0.0,0.0
2024-05-23T06:00,29.4,65,0.5,980.5,81.9,0.0
2024-05-23T07:00,31.4,59,2.6,981.5,343.5,0.0
2024-05-23T08:00,33.3,52,5.5,981.8,463.4,0.0
2024-05-23T09:00,35.3,45,6.9,981.3,575.7,0.0
2024-05-23T10:00,37.3,40,7.8,980.9,687.7,0.0
2024-05-23T11:00,39.0,35,6.0,980.6,730.2,0.0
2024-05-23T12:00,40.3,31,5.2,979.4,744.5,0.0
2024-05-23T13:00,41.3,28,4.2,978.0,735.4,0.0
2024-05-23T14:00,41.7,27,6.9,976.8,632.8,0.0
2024-05-23T15:00,41.3,25,7.4,975.8,587.4,0.0
2024-05-23T16:00,40.4,26,7.3,975.5,408.1,0.0
2024-05-23T17:00,39.2,29,5.8,975.8,297.7,0.0
2024-05-23T18:00,38.7,26,5.5,975.6,75.4,0.0
2024-05-23T19:00,37.5,23,10.2,976.8,0.0,0.0
2024-05-23T20:00,36.6,25,7.7,977.6,0.0,0.0
2024-05-23T21:00,35.8,27,9.2,978.3,0.0,0.0
2024-05-23T22:00,35.1,29,11.6,978.7,0.0,0.0
2024-05-23T23:00,35.6,28,16.5,978.3,0.0,0.0
2024-05-24T00:00,35.8,27,17.3,977.0,0.0,0.0
2024-05-24T01:00,34.2,31,12.1,976.6,0.0,0.0
2024-05-24T02:00,32.4,39,7.3,976.4,0.0,0.0
2024-05-24T03:00,31.1,44,4.7,976.4,0.0,0.0
2024-05-24T04:00,30.2,48,5.1,976.8,0.0,0.0
2024-05-24T05:00,30.3,50,10.5,977.8,0.0,0.0
2024-05-24T06:00,31.3,57,4.4,978.5,73.6,0.0
2024-05-24T07:00,33.2,51,10.2,979.3,205.1,0.0
2024-05-24T08:00,35.0,45,12.1,979.0,402.4,0.0
2024-05-24T09:00,36.9,40,10.1,978.6,438.4,0.0
2024-05-24T10:00,39.6,34,6.0,978.2,664.5,0.0
2024-05-24T11:00,41.7,27,6.0,977.7,733.4,0.0
2024-05-24T12:00,43.1,22,6.3,976.6,739.5,0.0
2024-05-24T13:00,43.8,18,5.2,975.3,604.3,0.0
2024-05-24T14:00,44.1,17,8.4,974.2,549.1,0.0
2024-05-24T15:00,43.9,17,10.9,973.8,493.1,0.0
2024-05-24T16:00,43.6,17,9.8,973.3,431.3,0.0
2024-05-24T17:00,42.4,18,14.3,973.8,335.9,0.0
2024-05-24T18:00,39.2,22,7.4,974.0,187.9,0.0
2024-05-24T19:00,38.5,23,1.5,975.4,0.0,0.0
2024-05-24T20:00,35.9,31,3.8,975.8,0.0,0.0
2024-05-24T21:00,35.0,30,4.2,975.8,0.0,0.0
2024-05-24T22:00,34.9,30,12.4,976.4,0.0,0.0
2024-05-24T23:00,35.3,27,8.6,976.4,0.0,0.0
2024-05-25T00:00,33.7,32,9.4,976.6,0.0,0.0
2024-05-25T01:00,32.5,39,13.4,976.2,0.0,0.0
2024-05-25T02:00,31.6,44,11.7,975.9,0.0,0.0
2024-05-25T03:00,30.7,48,9.1,975.7,0.0,0.0
2024-05-25T04:00,30.0,51,8.2,975.5,0.0,0.0
2024-05-25T05:00,29.5,54,9.1,975.8,0.0,0.0
2024-05-25T06:00,31.5,67,9.8,976.3,81.6,0.0
2024-05-25T07:00,31.8,71,17.1,977.0,227.3,0.0
2024-05-25T08:00,31.5,76,12.3,977.4,51.2,0.0
2024-05-25T09:00,33.5,66,7.3,978.1,127.5,0.0
2024-05-25T10:00,36.1,56,10.2,978.2,354.4,0.0
2024-05-25T11:00,37.5,51,10.8,978.1,416.9,0.0
2024-05-25T12:00,38.8,46,10.9,977.4,553.9,0.0
2024-05-25T13:00,38.7,45,12.8,976.6,394.3,0.0
2024-05-25T14:00,38.7,43,1.3,975.7,518.8,0.0
2024-05-25T15:00,34.7,54,6.4,975.4,199.5,0.0
2024-05-25T16:00,37.1,47,5.1,975.1,430.7,0.0
2024-05-25T17:00,37.0,48,9.8,975.0,355.8,0.0
2024-05-25T18:00,35.6,53,9.5,974.6,156.0,0.0
2024-05-25T19:00,34.6,59,13.5,975.4,0.0,0.0
2024-05-25T20:00,34.0,53,13.6,976.6,0.0,0.0
2024-05-25T21:00,32.8,55,11.0,977.4,0.0,0.0
2024-05-25T22:00,32.1,57,11.8,978.2,0.0,0.0
2024-05-25T23:00,31.7,60,12.3,977.7,0.0,0.0
2024-05-26T00:00,31.3,64,10.7,977.1,0.0,0.0
2024-05-26T01:00,30.7,68,9.0,976.7,0.0,0.0
2024-05-26T02:00,30.4,72,8.9,976.4,0.0,0.0
2024-05-26T03:00,30.2,74,8.7,976.2,0.0,0.0
2024-05-26T04:00,29.9,77,6.2,976.3,0.0,0.0
2024-05-26T05:00,29.5,79,5.2,976.7,0.0,0.0
2024-05-26T06:00,30.7,67,27.6,978.1,0.0,1.9
2024-05-26T07:00,28.9,78,6.7,978.2,9.6,2.4
2024-05-26T08:00,29.5,77,12.2,978.1,0.0,0.4
2024-05-26T09:00,31.8,62,8.2,977.9,84.0,0.0
2024-05-26T10:00,36.3,43,12.6,977.8,392.8,0.0
2024-05-26T11:00,40.0,34,14.4,977.0,629.1,0.0
2024-05-26T12:00,39.2,29,24.7,977.5,708.5,0.3
2024-05-26T13:00,40.4,26,8.4,976.2,206.9,0.1
2024-05-26T14:00,41.8,25,11.5,975.1,588.8,0.0
2024-05-26T15:00,41.7,23,7.7,974.1,427.3,0.0
2024-05-26T16:00,42.4,19,8.3,973.0,197.4,0.0
2024-05-26T17:00,40.4,26,11.1,972.8,152.8,0.0
2024-05-26T18:00,39.1,21,4.9,973.2,0.0,0.0
2024-05-26T19:00,38.3,22,10.0,973.5,0.0,0.0
2024-05-26T20:00,38.1,23,14.1,974.2,0.0,0.0
2024-05-26T21:00,37.8,22,13.5,974.5,0.0,0.0
2024-05-26T22:00,35.3,29,9.0,974.9,0.0,0.0
2024-05-26T23:00,36.3,26,11.3,975.7,0.0,0.0
2024-05-27T00:00,35.7,28,13.5,975.4,0.0,0.0
2024-05-27T01:00,34.9,30,13.5,974.6,0.0,0.0
2024-05-27T02:00,34.0,32,11.4,974.3,0.0,0.0
2024-05-27T03:00,33.1,34,11.2,974.4,0.0,0.0
2024-05-27T04:00,32.6,37,12.2,974.9,0.0,0.0
2024-05-27T05:00,32.2,41,12.8,975.5,0.0,0.0
2024-05-27T06:00,32.9,44,18.0,975.6,48.8,0.0
2024-05-27T07:00,34.7,43,14.5,976.9,335.4,0.0
2024-05-27T08:00,36.8,39,16.8,977.1,550.0,0.0
2024-05-27T09:00,38.9,35,18.9,976.8,654.1,0.0
2024-05-27T10:00,41.0,31,18.4,976.2,672.9,0.0
2024-05-27T11:00,42.9,28,18.1,975.5,744.2,0.0
2024-05-27T12:00,44.6,21,16.1,975.2,734.7,0.0
2024-05-27T13:00,43.7,18,24.0,974.9,348.2,0.0
2024-05-27T14:00,41.6,22,18.7,974.4,84.6,0.0
2024-05-27T15:00,43.5,20,20.8,973.3,423.2,0.0
2024-05-27T16:00,42.6,20,18.3,973.1,161.7,0.0
2024-05-27T17:00,41.6,21,10.7,972.8,18.1,0.0
2024-05-27T18:00,39.4,27,12.5,973.0,0.0,0.0
2024-05-27T19:00,38.1,31,17.7,973.9,0.0,0.0
2024-05-27T20:00,37.3,33,17.1,975.2,0.0,0.0
2024-05-27T21:00,36.1,36,15.0,975.5,0.0,0.0
2024-05-27T22:00,35.5,37,13.8,975.7,0.0,0.0
2024-05-27T23:00,35.0,38,15.7,975.2,0.0,0.0
2024-05-28T00:00,34.7,39,18.7,975.1,0.0,0.0
2024-05-28T01:00,34.1,41,18.4,974.8,0.0,0.0
2024-05-28T02:00,33.6,43,16.6,974.5,0.0,0.0
2024-05-28T03:00,33.2,45,16.6,975.1,0.0,0.0
2024-05-28T04:00,33.1,44,17.3,975.6,0.0,0.0
2024-05-28T05:00,32.8,43,17.3,976.2,0.0,0.0
2024-05-28T06:00,33.8,42,16.7,976.9,81.2,0.0
2024-05-28T07:00,34.9,41,18.4,977.6,322.4,0.0
2024-05-28T08:00,36.0,41,21.7,978.1,534.8,0.0
2024-05-28T09:00,37.4,40,21.6,978.2,643.0,0.0
2024-05-28T10:00,39.0,37,20.6,978.1,706.8,0.0
2024-05-28T11:00,40.4,34,19.2,977.3,740.1,0.0
2024-05-28T12:00,41.6,32,17.9,976.5,750.8,0.0
2024-05-28T13:00,42.7,29,17.5,975.8,742.4,0.0
2024-05-28T14:00,43.6,25,16.1,974.8,690.9,0.0
2024-05-28T15:00,44.3,20,14.2,974.0,635.0,0.0
2024-05-28T16:00,43.6,19,14.0,973.7,277.6,0.0
2024-05-28T17:00,42.2,20,9.4,974.0,41.2,0.0
2024-05-28T18:00,40.3,21,15.8,974.0,134.0,0.0
2024-05-28T19:00,39.1,21,15.4,974.6,0.0,0.0
2024-05-28T20:00,38.0,22,13.5,975.2,0.0,0.0
2024-05-28T21:00,34.8,31,9.8,976.0,0.0,0.0
2024-05-28T22:00,35.2,31,6.2,976.5,0.0,0.0
2024-05-28T23:00,32.9,36,5.9,976.2,0.0,0.0
2024-05-29T00:00,31.9,41,7.2,975.7,0.0,0.0
2024-05-29T01:00,31.1,43,7.6,975.5,0.0,0.0
2024-05-29T02:00,31.9,38,12.0,975.7,0.0,0.0
2024-05-29T03:00,32.0,37,12.5,976.2,0.0,0.0
2024-05-29T04:00,31.2,40,11.2,976.6,0.0,0.0
2024-05-29T05:00,30.9,43,12.7,977.4,0.0,0.0
2024-05-29T06:00,33.6,43,11.6,977.7,81.1,0.0
2024-05-29T07:00,34.8,43,15.5,978.6,277.5,0.0
2024-05-29T08:00,35.8,41,19.1,979.3,314.8,0.0
2024-05-29T09:00,37.0,39,16.2,979.8,271.8,0.0
2024-05-29T10:00,38.7,36,15.5,979.5,475.5,0.0
2024-05-29T11:00,40.2,32,16.9,978.7,527.0,0.0
2024-05-29T12:00,41.6,29,16.0,977.7,726.8,0.0
2024-05-29T13:00,42.3,28,16.3,976.8,746.5,0.0
2024-05-29T14:00,42.9,26,17.0,975.8,716.2,0.0
2024-05-29T15:00,43.0,24,16.8,975.1,652.8,0.0
2024-05-29T16:00,42.7,22,15.3,975.0,527.7,0.0
2024-05-29T17:00,42.2,21,13.0,975.0,398.2,0.0
2024-05-29T18:00,39.5,21,7.6,974.8,187.4,0.0
2024-05-29T19:00,38.5,21,10.0,975.7,0.0,0.0
2024-05-29T20:00,37.1,23,7.7,976.5,0.0,0.0
2024-05-29T21:00,35.5,26,6.4,977.1,0.0,0.0
2024-05-29T22:00,35.2,29,7.2,977.5,0.0,0.0
2024-05-29T23:00,33.0,32,5.5,977.6,0.0,0.0
2024-05-30T00:00,31.9,36,6.4,977.4,0.0,0.0
2024-05-30T01:00,31.5,38,1.1,977.1,0.0,0.0
2024-05-30T02:00,30.4,41,4.7,976.9,0.0,0.0
2024-05-30T03:00,30.9,37,9.5,978.1,0.0,0.0
2024-05-30T04:00,30.5,39,8.0,978.8,0.0,0.0
2024-05-30T05:00,31.1,42,12.2,979.5,0.0,0.0
2024-05-30T06:00,34.2,41,14.8,979.3,97.3,0.0
2024-05-30T07:00,35.1,39,16.3,980.3,357.1,0.0
2024-05-30T08:00,36.5,38,16.2,980.9,538.6,0.0
2024-05-30T09:00,38.4,34,13.9,980.9,644.6,0.0
2024-05-30T10:00,40.2,30,10.1,980.9,709.4,0.0
2024-05-30T11:00,41.6,27,9.1,980.2,740.4,0.0
2024-05-30T12:00,42.6,24,9.8,979.5,752.0,0.0
2024-05-30T13:00,43.3,21,10.2,978.2,654.3,0.0
2024-05-30T14:00,43.5,20,12.9,977.5,601.5,0.0
2024-05-30T15:00,43.0,20,11.8,977.3,525.0,0.0
2024-05-30T16:00,42.5,20,12.4,977.2,453.2,0.0
2024-05-30T17:00,41.9,20,12.6,977.2,379.3,0.0
2024-05-30T18:00,40.5,17,10.9,977.3,114.0,0.0
2024-05-30T19:00,38.4,21,13.8,978.2,0.0,0.0
2024-05-30T20:00,36.8,23,11.3,978.9,0.0,0.0
2024-05-30T21:00,35.9,25,12.3,979.3,0.0,0.0
2024-05-30T22:00,35.0,27,10.4,979.6,0.0,0.0
2024-05-30T23:00,34.2,29,10.5,979.4,0.0,0.0
2024-05-31T00:00,33.7,29,10.6,979.1,0.0,0.0
2024-05-31T01:00,33.1,28,9.8,978.8,0.0,0.0
2024-05-31T02:00,32.0,29,8.0,978.7,0.0,0.0
2024-05-31T03:00,31.4,31,9.0,979.1,0.0,0.0
2024-05-31T04:00,31.2,32,12.0,979.7,0.0,0.0
2024-05-31T05:00,31.1,34,12.3,980.3,0.0,0.0
2024-05-31T06:00,33.3,39,11.9,980.6,97.2,0.0
2024-05-31T07:00,35.5,40,12.4,981.4,321.9,0.0
2024-05-31T08:00,37.5,39,18.0,981.8,438.1,0.0
2024-05-31T09:00,39.1,35,18.8,981.8,618.2,0.0
2024-05-31T10:00,40.9,30,17.7,981.5,679.3,0.0
2024-05-31T11:00,42.3,26,15.7,980.8,733.2,0.0
2024-05-31T12:00,43.6,22,12.8,980.1,739.0,0.0
2024-05-31T13:00,44.3,19,11.2,979.2,675.7,0.0
2024-05-31T14:00,44.5,18,11.3,978.2,641.4,0.0
2024-05-31T15:00,44.3,18,13.4,977.6,592.2,0.0
2024-05-31T16:00,43.5,18,17.1,977.6,514.6,0.0
2024-05-31T17:00,42.5,19,17.4,977.9,378.3,0.0
2024-05-31T18:00,42.0,19,16.4,977.8,101.2,0.0
2024-05-31T19:00,40.3,23,16.9,978.4,0.0,0.0
2024-05-31T20:00,39.3,24,14.2,978.9,0.0,0.0
2024-05-31T21:00,37.6,26,11.7,979.7,0.0,0.0
2024-05-31T22:00,36.3,28,8.9,980.1,0.0,0.0
2024-05-31T23:00,35.2,29,7.7,979.9,0.0,0.0
2024-06-01T00:00,34.2,30,6.6,979.6,0.0,0.0
2024-06-01T01:00,33.4,28,6.6,979.2,0.0,0.0
2024-06-01T02:00,33.0,29,5.8,979.2,0.0,0.0
2024-06-01T03:00,32.0,33,8.4,979.6,0.0,0.0
2024-06-01T04:00,31.1,37,4.3,979.9,0.0,0.0
2024-06-01T05:00,30.9,37,7.2,980.7,0.0,0.0
2024-06-01T06:00,34.2,35,3.0,980.7,48.6,0.0
2024-06-01T07:00,35.4,32,2.9,982.0,226.2,0.0
2024-06-01T08:00,37.1,28,1.1,982.6,377.5,0.0
2024-06-01T09:00,38.6,26,1.4,982.4,482.3,0.0
2024-06-01T10:00,40.4,24,4.6,982.4,617.9,0.0
2024-06-01T11:00,41.9,22,5.4,981.7,699.9,0.0
2024-06-01T12:00,43.7,18,7.7,980.7,733.1,0.0
2024-06-01T13:00,43.8,18,9.5,979.6,550.8,0.0
2024-06-01T14:00,43.7,18,13.9,978.6,586.8,0.1
2024-06-01T15:00,42.5,20,13.4,978.4,381.6,0.1
2024-06-01T16:00,42.5,19,9.5,978.3,442.0,0.0
2024-06-01T17:00,42.3,20,7.4,978.3,400.3,0.0
2024-06-01T18:00,41.7,17,8.4,978.5,100.5,0.0
2024-06-01T19:00,38.8,23,6.5,979.4,0.0,0.0
2024-06-01T20:00,35.6,44,16.1,980.7,0.0,0.0
2024-06-01T21:00,34.7,50,14.9,982.2,0.0,0.0
2024-06-01T22:00,34.1,52,4.3,982.7,0.0,0.0
2024-06-01T23:00,33.3,55,8.0,982.9,0.0,0.0
2024-06-02T00:00,32.6,58,14.4,982.2,0.0,0.0
2024-06-02T01:00,31.7,62,14.1,981.6,0.0,0.0
2024-06-02T02:00,31.6,60,13.2,981.1,0.0,0.0
2024-06-02T03:00,31.6,59,9.4,981.1,0.0,0.0
2024-06-02T04:00,31.5,60,3.3,981.1,0.0,0.0
2024-06-02T05:00,31.6,60,3.2,981.8,0.0,0.0
2024-06-02T06:00,34.1,52,14.5,982.0,81.0,0.0
2024-06-02T07:00,34.9,53,14.2,982.7,226.2,0.0
2024-06-02T08:00,36.5,47,15.0,983.5,345.4,0.0
2024-06-02T09:00,38.0,38,13.0,983.5,462.9,0.0
2024-06-02T10:00,38.8,34,7.7,983.4,566.8,0.0
2024-06-02T11:00,40.5,30,2.6,982.8,599.6,0.0
2024-06-02T12:00,41.6,26,1.1,981.8,398.7,0.0
2024-06-02T13:00,42.6,24,4.6,981.3,537.5,0.0
2024-06-02T14:00,41.0,25,0.4,980.6,382.2,0.0
2024-06-02T15:00,39.0,29,14.2,980.6,175.1,0.0
2024-06-02T16:00,34.6,49,18.4,981.6,45.1,0.0
2024-06-02T17:00,33.4,50,10.1,981.0,101.7,0.0
2024-06-02T18:00,35.2,46,6.5,980.6,0.0,0.0
2024-06-02T19:00,31.6,62,11.6,982.3,0.0,0.0
2024-06-02T20:00,31.9,59,8.3,983.4,0.0,0.0
2024-06-02T21:00,30.1,69,16.6,984.0,0.0,0.0
2024-06-02T22:00,29.8,70,14.2,984.9,0.0,0.0
2024-06-02T23:00,29.5,72,10.7,984.1,0.0,0.0
2024-06-03T00:00,29.5,72,13.1,983.5,0.0,0.0
2024-06-03T01:00,30.2,69,11.6,982.6,0.0,0.0
2024-06-03T02:00,30.1,68,12.2,982.3,0.0,0.0
2024-06-03T03:00,29.4,72,7.1,983.0,0.0,0.0
2024-06-03T04:00,29.4,70,8.2,983.4,0.0,0.0
2024-06-03T05:00,29.3,69,9.1,983.9,0.0,0.0
2024-06-03T06:00,29.7,63,10.7,984.3,16.2,0.0
2024-06-03T07:00,30.8,63,8.3,986.3,197.6,0.0
2024-06-03T08:00,32.2,57,8.7,987.0,182.2,0.0
2024-06-03T09:00,32.8,53,13.5,986.1,73.0,0.0
2024-06-03T10:00,34.1,44,12.2,985.8,62.9,0.0
2024-06-03T11:00,36.2,36,10.4,985.0,314.0,0.0
2024-06-03T12:00,37.8,33,8.8,983.7,364.6,0.0
2024-06-03T13:00,39.1,30,7.6,982.5,368.5,0.0
2024-06-03T14:00,40.2,27,8.0,981.3,454.2,0.0
2024-06-03T15:00,40.9,25,9.3,980.3,530.2,0.0
2024-06-03T16:00,40.7,25,9.2,979.8,384.1,0.0
2024-06-03T17:00,40.3,26,9.4,979.7,347.6,0.0
2024-06-03T18:00,38.4,30,8.0,980.1,163.2,0.0
2024-06-03T19:00,36.7,35,8.2,980.9,0.0,0.0
2024-06-03T20:00,35.5,39,8.7,981.9,0.0,0.0
2024-06-03T21:00,34.2,43,16.2,983.6,0.0,0.0
2024-06-03T22:00,33.5,41,10.1,984.3,0.0,0.0
2024-06-03T23:00,32.4,44,1.8,984.0,0.0,0.0
2024-06-04T00:00,32.1,45,8.6,983.5,0.0,0.0
2024-06-04T01:00,31.6,48,4.2,983.0,0.0,0.0
2024-06-04T02:00,31.4,51,5.9,982.6,0.0,0.0
2024-06-04T03:00,31.0,54,7.9,982.5,0.0,0.0
2024-06-04T04:00,30.4,56,8.4,982.6,0.0,0.0
2024-06-04T05:00,30.2,56,7.6,983.2,0.0,0.0
2024-06-04T06:00,31.2,58,5.6,983.3,0.0,0.0
2024-06-04T07:00,31.8,55,5.4,984.4,0.0,0.0
2024-06-04T08:00,32.6,53,6.4,985.2,0.0,0.0
2024-06-04T09:00,34.9,47,7.4,985.2,139.0,0.0
2024-06-04T10:00,37.1,41,10.6,985.1,435.6,0.0
2024-06-04T11:00,38.5,36,12.4,984.3,537.1,0.0
2024-06-04T12:00,38.5,36,5.8,983.3,350.6,0.0
2024-06-04T13:00,39.8,33,6.1,981.8,470.9,0.0
2024-06-04T14:00,40.3,31,7.2,980.9,480.7,0.0
2024-06-04T15:00,40.2,30,10.3,980.2,498.7,0.0
2024-06-04T16:00,37.3,33,7.4,980.8,295.2,0.2
2024-06-04T17:00,32.5,61,15.4,981.4,225.2,0.8
2024-06-04T18:00,29.9,72,4.0,981.6,46.3,1.3
2024-06-04T19:00,30.0,72,11.4,982.5,0.0,0.0
2024-06-04T20:00,30.0,72,5.1,982.8,0.0,0.0
2024-06-04T21:00,30.3,70,14.3,984.1,0.0,0.0
2024-06-04T22:00,28.8,68,14.7,984.9,0.0,0.0
2024-06-04T23:00,28.4,69,5.5,984.6,0.0,0.0
2024-06-05T00:00,28.0,71,10.9,984.7,0.0,0.0
2024-06-05T01:00,26.2,83,17.5,984.7,0.0,4.5
2024-06-05T02:00,26.3,85,4.6,984.2,0.0,0.5
2024-06-05T03:00,25.8,88,12.8,983.5,0.0,0.5
2024-06-05T04:00,25.8,88,7.1,983.4,0.0,0.0
2024-06-05T05:00,25.8,91,5.6,984.3,0.0,0.0
2024-06-05T06:00,27.6,84,11.0,984.4,56.7,3.7
2024-06-05T07:00,28.8,80,7.0,984.7,114.9,0.0
2024-06-05T08:00,30.5,70,6.3,985.7,410.5,0.0
2024-06-05T09:00,32.0,62,7.4,985.5,265.4,0.0
2024-06-05T10:00,32.4,59,5.4,986.0,340.2,0.5
2024-06-05T11:00,31.7,63,7.1,985.9,554.0,2.8
2024-06-05T12:00,32.7,60,5.4,984.7,173.8,0.0
2024-06-05T13:00,34.8,52,3.6,983.6,403.3,0.0
2024-06-05T14:00,35.8,48,4.4,982.4,526.1,0.0
2024-06-05T15:00,36.0,46,2.7,981.2,473.8,0.0
2024-06-05T16:00,36.0,46,3.1,980.9,394.8,0.0
2024-06-05T17:00,35.4,47,5.6,980.9,219.6,0.0
2024-06-05T18:00,32.0,57,11.3,982.4,97.7,0.0
2024-06-05T19:00,30.3,69,3.8,983.1,0.0,0.2
2024-06-05T20:00,29.3,74,10.1,983.4,0.0,0.8
2024-06-05T21:00,28.7,75,6.8,983.2,0.0,0.0
2024-06-05T22:00,29.1,70,11.3,983.9,0.0,0.0
2024-06-05T23:00,29.3,63,8.7,984.2,0.0,0.0
2024-06-06T00:00,28.6,65,8.9,983.7,0.0,0.0
2024-06-06T01:00,28.7,62,9.0,983.7,0.0,0.0
2024-06-06T02:00,28.2,67,4.7,983.5,0.0,0.0
2024-06-06T03:00,28.0,69,4.7,983.7,0.0,0.0
2024-06-06T04:00,27.6,73,4.2,984.1,0.0,0.0
2024-06-06T05:00,27.8,72,4.8,984.5,0.0,0.0
2024-06-06T06:00,31.5,61,9.7,984.4,81.1,0.0
2024-06-06T07:00,32.6,60,12.2,984.7,271.4,0.0
2024-06-06T08:00,34.1,56,11.2,985.2,460.2,0.0
2024-06-06T09:00,35.7,51,9.4,985.2,579.0,0.0
2024-06-06T10:00,37.2,43,8.7,984.7,545.5,0.0
2024-06-06T11:00,38.7,36,4.5,984.0,634.8,0.0
2024-06-06T12:00,39.9,33,1.8,983.2,563.7,0.0
2024-06-06T13:00,40.9,30,0.0,982.4,518.9,0.0
2024-06-06T14:00,41.1,29,1.9,980.8,508.2,0.0
2024-06-06T15:00,40.6,29,2.4,979.9,389.4,0.0
2024-06-06T16:00,40.3,29,3.6,979.7,341.0,0.0
2024-06-06T17:00,40.1,28,5.9,980.5,208.9,0.0
2024-06-06T18:00,33.5,51,11.0,981.5,97.0,0.0
2024-06-06T19:00,32.2,55,9.6,981.9,0.0,0.0
2024-06-06T20:00,31.7,57,8.5,982.8,0.0,0.0
2024-06-06T21:00,31.3,59,5.8,983.8,0.0,0.0
2024-06-06T22:00,31.0,61,5.0,983.9,0.0,0.0
2024-06-06T23:00,30.4,64,8.4,984.2,0.0,0.0
2024-06-07T00:00,30.0,65,10.6,983.8,0.0,0.0
2024-06-07T01:00,29.5,67,14.4,983.3,0.0,0.0
2024-06-07T02:00,28.8,74,12.1,982.5,0.0,0.0
2024-06-07T03:00,28.3,75,13.4,982.5,0.0,0.0
2024-06-07T04:00,27.8,76,11.5,982.6,0.0,0.0
2024-06-07T05:00,27.5,78,7.9,982.8,0.0,0.0
2024-06-07T06:00,28.7,70,9.8,984.8,40.6,0.0
2024-06-07T07:00,29.4,67,7.2,984.7,210.9,0.0
2024-06-07T08:00,30.7,62,8.0,985.1,359.7,0.0
2024-06-07T09:00,32.6,54,3.0,984.6,539.9,0.0
2024-06-07T10:00,34.0,50,1.4,984.3,505.0,0.0
2024-06-07T11:00,35.7,45,1.1,983.5,617.2,0.0
2024-06-07T12:00,37.2,41,0.7,982.7,651.2,0.0
2024-06-07T13:00,38.1,40,1.8,981.6,638.6,0.0
2024-06-07T14:00,38.7,38,5.1,980.5,647.7,0.0
2024-06-07T15:00,38.7,38,7.7,979.5,606.2,0.0
2024-06-07T16:00,38.1,38,10.1,979.0,538.2,0.0
2024-06-07T17:00,37.4,38,11.0,978.9,399.2,0.0
2024-06-07T18:00,36.9,38,10.6,979.2,90.6,0.0
2024-06-07T19:00,35.6,43,16.6,980.1,0.0,0.0
2024-06-07T20:00,33.5,52,13.7,981.8,0.0,0.0
2024-06-07T21:00,32.5,55,14.5,982.6,0.0,0.0
2024-06-07T22:00,32.0,58,14.4,982.6,0.0,0.0
2024-06-07T23:00,31.5,60,13.1,982.5,0.0,0.0
2024-06-08T00:00,30.9,62,11.0,982.4,0.0,0.0
2024-06-08T01:00,30.1,65,11.6,982.3,0.0,0.0
2024-06-08T02:00,29.4,69,9.5,982.0,0.0,0.0
2024-06-08T03:00,29.0,71,6.8,981.6,0.0,0.0
2024-06-08T04:00,28.7,73,6.5,981.5,0.0,0.0
2024-06-08T05:00,28.4,74,6.4,981.8,0.0,0.0
2024-06-08T06:00,28.7,70,10.5,983.1,81.3,0.0
2024-06-08T07:00,29.7,67,8.0,983.5,323.2,0.0
2024-06-08T08:00,31.4,62,5.4,983.5,489.5,0.0
2024-06-08T09:00,33.3,56,4.0,983.4,572.6,0.0
2024-06-08T10:00,35.2,49,3.8,983.1,672.0,0.0
2024-06-08T11:00,36.7,44,3.6,982.6,650.9,0.0
2024-06-08T12:00,37.8,41,2.3,981.8,690.4,0.0
2024-06-08T13:00,38.5,39,2.5,980.4,703.0,0.0
2024-06-08T14:00,38.9,38,3.6,979.0,637.5,0.0
2024-06-08T15:00,39.0,37,9.9,978.0,608.4,0.0
2024-06-08T16:00,34.7,47,6.5,978.1,280.4,0.4
2024-06-08T17:00,36.0,44,4.7,978.1,315.5,0.0
2024-06-08T18:00,33.5,53,12.0,979.3,101.3,0.0
2024-06-08T19:00,32.9,54,9.0,980.6,0.0,0.0
2024-06-08T20:00,32.5,56,11.9,981.0,0.0,0.0
2024-06-08T21:00,32.1,57,13.4,981.8,0.0,0.0
2024-06-08T22:00,31.3,60,11.5,982.3,0.0,0.0
2024-06-08T23:00,30.5,63,9.1,982.4,0.0,0.0
2024-06-09T00:00,30.0,65,2.9,981.9,0.0,0.0
2024-06-09T01:00,29.7,66,9.2,980.9,0.0,0.0
2024-06-09T02:00,29.3,66,10.9,979.9,0.0,0.0
2024-06-09T03:00,28.6,69,3.1,980.1,0.0,0.0
2024-06-09T04:00,28.3,71,3.0,980.1,0.0,0.0
2024-06-09T05:00,28.0,73,3.4,980.7,0.0,0.0
2024-06-09T06:00,29.2,68,4.8,981.9,32.6,0.0
2024-06-09T07:00,30.1,64,6.0,982.1,163.4,0.0
2024-06-09T08:00,31.7,58,3.4,982.2,406.1,0.0
2024-06-09T09:00,33.5,52,1.3,982.4,518.1,0.0
2024-06-09T10:00,35.5,45,2.4,982.2,622.2,0.0
2024-06-09T11:00,36.8,42,4.3,981.9,634.3,0.0
2024-06-09T12:00,37.6,40,6.0,981.0,617.1,0.0
2024-06-09T13:00,38.0,39,7.8,979.8,622.1,0.0
2024-06-09T14:00,38.5,38,7.9,978.8,619.5,0.0
2024-06-09T15:00,38.7,37,10.6,977.7,583.4,0.0
2024-06-09T16:00,37.0,40,13.8,977.5,483.8,0.1
2024-06-09T17:00,34.8,47,8.5,978.3,244.8,0.0
2024-06-09T18:00,34.9,46,16.3,978.6,139.7,0.0
2024-06-09T19:00,34.5,47,12.6,979.6,0.0,0.0
2024-06-09T20:00,34.0,47,13.3,980.3,0.0,0.0
2024-06-09T21:00,33.1,50,14.2,981.1,0.0,0.0
2024-06-09T22:00,32.2,52,14.2,981.5,0.0,0.0
2024-06-09T23:00,31.1,56,10.5,981.2,0.0,0.0
2024-06-10T00:00,30.4,59,7.8,980.9,0.0,0.0
2024-06-10T01:00,30.0,61,5.9,981.1,0.0,0.0
2024-06-10T02:00,29.7,63,7.6,980.7,0.0,0.0
2024-06-10T03:00,29.3,67,11.4,981.1,0.0,0.0
2024-06-10T04:00,28.7,69,8.7,981.2,0.0,0.0
2024-06-10T05:00,28.2,71,2.7,981.6,0.0,0.0
2024-06-10T06:00,28.9,72,3.1,982.4,57.1,0.1
2024-06-10T07:00,29.5,71,1.4,982.6,73.8,0.1
2024-06-10T08:00,31.5,63,0.8,982.6,375.9,0.0
2024-06-10T09:00,33.4,55,1.5,982.4,535.4,0.0
2024-06-10T10:00,35.3,49,3.9,981.8,634.2,0.0
2024-06-10T11:00,36.6,45,6.1,981.2,655.5,0.0
2024-06-10T12:00,37.5,43,7.1,980.5,641.3,0.0
2024-06-10T13:00,38.1,41,8.2,979.4,603.6,0.0
2024-06-10T14:00,38.5,39,8.1,978.4,609.3,0.0
2024-06-10T15:00,38.6,38,8.5,977.6,608.7,0.0
2024-06-10T16:00,38.5,38,8.0,977.0,547.6,0.0
2024-06-10T17:00,37.7,39,8.9,977.5,398.6,0.0
2024-06-10T18:00,37.2,37,6.9,977.9,188.8,0.0
2024-06-10T19:00,35.7,41,8.6,979.1,0.0,0.0
2024-06-10T20:00,33.6,47,17.1,980.2,0.0,0.0
2024-06-10T21:00,30.6,62,10.8,981.2,0.0,0.0
2024-06-10T22:00,30.5,64,11.4,982.1,0.0,0.0
2024-06-10T23:00,29.0,69,16.3,982.2,0.0,0.0
2024-06-11T00:00,28.5,71,10.0,981.7,0.0,0.0
2024-06-11T01:00,28.3,73,9.4,981.2,0.0,0.0
2024-06-11T02:00,28.1,73,10.8,980.5,0.0,0.0
2024-06-11T03:00,27.9,75,10.1,980.3,0.0,0.0
2024-06-11T04:00,27.6,77,10.9,980.5,0.0,0.0
2024-06-11T05:00,27.4,78,9.6,980.6,0.0,0.0
2024-06-11T06:00,29.3,70,11.0,981.5,90.0,0.0
2024-06-11T07:00,30.7,64,10.5,982.1,331.0,0.0
2024-06-11T08:00,32.6,57,9.2,982.3,508.1,0.0
2024-06-11T09:00,34.6,49,7.4,982.3,616.1,0.0
2024-06-11T10:00,36.7,42,7.4,981.5,677.7,0.0
2024-06-11T11:00,38.4,37,5.7,980.7,716.6,0.0
2024-06-11T12:00,39.7,34,3.7,980.0,707.8,0.0
2024-06-11T13:00,40.2,32,2.2,979.3,601.5,0.0
2024-06-11T14:00,40.5,31,0.5,978.2,563.7,0.0
2024-06-11T15:00,40.6,31,0.5,977.7,533.5,0.0
2024-06-11T16:00,39.3,32,3.3,977.0,492.4,0.0
2024-06-11T17:00,37.9,35,8.2,977.1,293.2,0.0
2024-06-11T18:00,35.5,43,13.0,978.6,137.9,0.0
2024-06-11T19:00,29.5,66,10.3,981.1,0.0,0.1
2024-06-11T20:00,28.9,74,9.1,981.1,0.0,0.4
2024-06-11T21:00,28.5,78,4.6,982.4,0.0,0.1
2024-06-11T22:00,28.1,80,9.2,983.0,0.0,0.0
2024-06-11T23:00,27.9,81,7.9,982.5,0.0,0.0
2024-06-12T00:00,27.6,84,9.3,981.9,0.0,0.0
2024-06-12T01:00,27.4,85,10.9,981.3,0.0,0.0
2024-06-12T02:00,27.5,84,11.6,981.2,0.0,0.0
2024-06-12T03:00,27.3,77,13.4,981.2,0.0,0.0
2024-06-12T04:00,26.6,80,9.2,981.2,0.0,0.0
2024-06-12T05:00,26.5,81,8.2,981.9,0.0,0.0
2024-06-12T06:00,27.0,81,11.3,983.6,0.0,0.3
2024-06-12T07:00,27.5,79,11.2,983.9,12.9,0.2
2024-06-12T08:00,28.8,71,11.4,984.0,34.4,0.0
2024-06-12T09:00,30.1,65,11.3,984.2,88.9,0.0
2024-06-12T10:00,32.5,56,11.3,984.1,431.4,0.0
2024-06-12T11:00,33.8,51,10.5,983.6,441.8,0.0
2024-06-12T12:00,35.2,47,9.8,983.0,555.0,0.0
2024-06-12T13:00,35.8,45,8.1,982.2,367.2,0.0
2024-06-12T14:00,36.0,45,5.9,981.5,311.1,0.0
2024-06-12T15:00,36.5,42,6.5,980.4,332.2,0.0
2024-06-12T16:00,36.5,41,6.1,979.7,481.8,0.0
2024-06-12T17:00,36.2,42,7.2,979.7,381.8,0.0
2024-06-12T18:00,34.4,53,3.3,980.4,16.4,0.0
2024-06-12T19:00,34.6,45,3.4,981.3,0.0,0.0
2024-06-12T20:00,33.0,58,3.6,981.3,0.0,0.0
2024-06-12T21:00,33.1,50,1.9,981.6,0.0,0.0
2024-06-12T22:00,31.7,55,7.6,982.1,0.0,0.0
2024-06-12T23:00,30.3,66,29.5,983.1,0.0,0.0
2024-06-13T00:00,28.8,67,17.3,982.4,0.0,0.0
2024-06-13T01:00,28.1,72,14.6,982.3,0.0,0.2
2024-06-13T02:00,27.9,76,10.9,981.5,0.0,0.0
2024-06-13T03:00,27.8,77,14.4,981.6,0.0,0.0
2024-06-13T04:00,27.5,80,13.4,981.8,0.0,0.0
2024-06-13T05:00,27.4,80,11.9,982.3,0.0,0.0
2024-06-13T06:00,28.7,76,12.2,982.5,65.7,0.0
2024-06-13T07:00,29.7,72,11.5,983.2,32.3,0.0
2024-06-13T08:00,30.3,69,11.2,983.5,9.6,0.0
2024-06-13T09:00,32.0,62,11.6,983.4,241.5,0.0
2024-06-13T10:00,34.9,52,10.1,983.3,604.7,0.0
2024-06-13T11:00,36.7,45,9.8,982.6,495.5,0.0
2024-06-13T12:00,38.2,39,10.0,981.7,712.9,0.0
2024-06-13T13:00,38.6,37,9.4,981.0,637.1,0.0
2024-06-13T14:00,38.3,37,10.2,980.0,354.1,0.0
2024-06-13T15:00,38.8,36,8.5,979.1,494.1,0.0
2024-06-13T16:00,35.4,46,14.1,978.8,299.9,0.0
2024-06-13T17:00,35.3,46,6.7,979.6,232.5,0.0
2024-06-13T18:00,35.8,45,3.8,979.0,158.0,0.0
2024-06-13T19:00,34.4,49,6.8,980.4,0.0,0.0
2024-06-13T20:00,33.7,52,9.3,981.1,0.0,0.0
2024-06-13T21:00,32.7,55,10.2,981.2,0.0,0.0
2024-06-13T22:00,31.9,59,10.7,982.0,0.0,0.0
2024-06-13T23:00,27.7,79,26.8,983.3,0.0,4.9
2024-06-14T00:00,26.1,85,10.9,982.4,0.0,1.8
2024-06-14T01:00,26.1,85,10.1,981.8,0.0,0.0
2024-06-14T02:00,26.0,85,12.2,981.4,0.0,0.1
2024-06-14T03:00,26.1,86,11.9,981.0,0.0,0.2
2024-06-14T04:00,26.2,86,10.9,981.0,0.0,0.0
2024-06-14T05:00,26.2,86,8.4,981.2,0.0,0.0
2024-06-14T06:00,28.1,77,13.0,981.7,57.6,0.0
2024-06-14T07:00,29.5,72,12.6,982.2,223.0,0.0
2024-06-14T08:00,31.5,64,13.1,982.2,410.2,0.0
2024-06-14T09:00,33.2,58,11.9,982.3,507.3,0.0
2024-06-14T10:00,34.5,53,12.7,982.0,444.7,0.3
2024-06-14T11:00,36.2,47,10.4,982.0,681.5,0.2
2024-06-14T12:00,37.6,42,9.2,981.2,593.3,0.0
2024-06-14T13:00,38.5,39,9.4,979.9,526.6,0.0
2024-06-14T14:00,38.9,37,8.8,978.7,391.6,0.0
2024-06-14T15:00,33.1,60,14.0,978.7,119.6,1.8
2024-06-14T16:00,30.5,71,11.0,979.3,8.2,0.0
2024-06-14T17:00,30.6,70,5.2,979.4,12.3,0.0
2024-06-14T18:00,28.9,88,4.3,980.9,21.7,1.3
2024-06-14T19:00,27.9,88,16.1,982.9,0.0,0.5
2024-06-14T20:00,26.9,92,7.9,982.2,0.0,0.4
2024-06-14T21:00,26.5,93,9.9,982.5,0.0,0.6
2024-06-14T22:00,26.7,90,15.4,983.3,0.0,0.2
2024-06-14T23:00,26.6,89,13.8,982.7,0.0,0.0
2024-06-15T00:00,26.6,89,13.3,981.8,0.0,0.0
2024-06-15T01:00,26.4,89,13.3,981.2,0.0,0.0
2024-06-15T02:00,26.1,89,11.9,980.9,0.0,0.0
2024-06-15T03:00,25.9,89,11.2,981.1,0.0,0.0
2024-06-15T04:00,25.8,89,10.1,981.2,0.0,0.0
2024-06-15T05:00,25.7,90,8.6,981.5,0.0,0.0
2024-06-15T06:00,27.4,83,10.1,981.4,74.3,0.0
2024-06-15T07:00,28.6,77,12.6,981.9,262.3,0.0
2024-06-15T08:00,30.3,70,12.5,982.1,460.5,0.0
2024-06-15T09:00,32.3,62,11.3,982.3,606.7,0.0
2024-06-15T10:00,34.1,55,10.7,981.8,668.6,0.0
2024-06-15T11:00,35.5,50,8.9,981.4,689.1,0.0
2024-06-15T12:00,36.4,47,7.2,980.8,666.8,0.0
2024-06-15T13:00,36.9,46,7.2,980.0,596.1,0.0
2024-06-15T14:00,37.6,44,7.5,978.7,584.9,0.0
2024-06-15T15:00,37.5,42,8.3,977.5,499.8,0.0
2024-06-15T16:00,36.0,45,17.2,977.9,430.6,0.2
2024-06-15T17:00,30.3,72,13.1,979.7,179.7,0.9
2024-06-15T18:00,33.7,52,4.2,979.5,183.2,0.0
2024-06-15T19:00,33.2,51,6.3,980.1,0.0,0.0
2024-06-15T20:00,32.5,54,8.0,980.7,0.0,0.0
2024-06-15T21:00,31.8,57,10.1,981.1,0.0,0.0
2024-06-15T22:00,31.1,60,8.5,981.9,0.0,0.0
2024-06-15T23:00,30.4,63,10.1,981.9,0.0,0.0
2024-06-16T00:00,30.0,66,10.0,981.6,0.0,0.0
2024-06-16T01:00,29.6,68,7.2,981.7,0.0,0.0
2024-06-16T02:00,29.3,69,10.2,981.4,0.0,0.0
2024-06-16T03:00,29.0,71,9.0,981.4,0.0,0.0
2024-06-16T04:00,28.6,74,7.6,982.0,0.0,0.0
2024-06-16T05:00,28.4,74,10.2,982.2,0.0,0.0
2024-06-16T06:00,29.7,69,10.3,982.8,74.5,0.0
2024-06-16T07:00,30.8,66,11.7,983.3,285.5,0.0
2024-06-16T08:00,32.1,61,11.2,983.5,390.0,0.0
2024-06-16T09:00,33.3,57,8.9,983.6,351.0,0.1
2024-06-16T10:00,34.5,54,6.7,983.4,530.7,0.0
2024-06-16T11:00,35.6,51,5.7,982.7,588.4,0.0
2024-06-16T12:00,36.2,49,4.5,982.0,522.0,0.0
2024-06-16T13:00,36.8,47,4.3,981.2,501.9,0.0
2024-06-16T14:00,37.2,45,5.2,980.3,455.4,0.0
2024-06-16T15:00,36.8,46,6.3,979.5,347.9,0.0
2024-06-16T16:00,35.5,49,8.5,978.9,185.5,0.1
2024-06-16T17:00,34.5,52,9.8,979.4,71.2,0.0
2024-06-16T18:00,34.5,47,10.5,979.6,80.4,0.0
2024-06-16T19:00,33.3,51,10.6,980.4,0.0,0.0
2024-06-16T20:00,32.8,54,8.5,981.4,0.0,0.0
2024-06-16T21:00,32.2,57,9.2,981.8,0.0,0.0
2024-06-16T22:00,31.3,61,10.2,982.3,0.0,0.0
2024-06-16T23:00,27.7,81,13.0,982.8,0.0,2.3
2024-06-17T00:00,27.5,84,8.9,982.1,0.0,0.0
2024-06-17T01:00,27.3,83,11.5,981.6,0.0,0.0
2024-06-17T02:00,27.2,83,9.0,981.4,0.0,0.0
2024-06-17T03:00,27.2,83,8.9,981.2,0.0,0.0
2024-06-17T04:00,27.3,83,12.2,981.9,0.0,0.0
2024-06-17T05:00,27.2,83,12.1,982.5,0.0,0.0
2024-06-17T06:00,28.6,76,12.9,983.1,66.4,0.0
2024-06-17T07:00,29.5,72,10.9,983.5,117.1,0.0
2024-06-17T08:00,30.6,68,10.8,984.0,140.4,0.0
2024-06-17T09:00,32.8,60,9.4,984.2,528.4,0.0
2024-06-17T10:00,34.5,54,9.0,983.9,615.4,0.1
2024-06-17T11:00,35.8,50,7.9,983.1,515.0,0.0
2024-06-17T12:00,36.9,46,7.9,982.3,556.3,0.0
2024-06-17T13:00,37.3,44,7.2,981.4,458.9,0.0
2024-06-17T14:00,37.6,43,6.6,980.4,436.4,0.0
2024-06-17T15:00,37.4,42,6.5,979.8,300.2,0.0
2024-06-17T16:00,36.5,44,6.0,979.3,175.5,0.0
2024-06-17T17:00,36.1,44,1.5,979.2,132.4,0.0
2024-06-17T18:00,34.6,50,5.6,980.4,85.3,0.2
2024-06-17T19:00,28.3,79,9.9,981.8,0.0,2.7
2024-06-17T20:00,28.6,81,10.0,982.6,0.0,0.0
2024-06-17T21:00,28.6,78,11.6,983.2,0.0,0.0
2024-06-17T22:00,28.4,77,10.2,983.2,0.0,0.0
2024-06-17T23:00,28.2,78,10.2,982.7,0.0,0.0
2024-06-18T00:00,28.0,79,11.9,982.4,0.0,0.0
2024-06-18T01:00,27.9,79,13.0,982.2,0.0,0.0
2024-06-18T02:00,27.9,79,14.2,982.1,0.0,0.0
2024-06-18T03:00,27.6,80,8.7,981.5,0.0,0.0
2024-06-18T04:00,27.5,82,10.8,981.9,0.0,0.0
2024-06-18T05:00,27.2,84,9.9,982.1,0.0,0.0
2024-06-18T06:00,28.3,84,9.4,981.7,33.3,0.0
2024-06-18T07:00,29.8,76,12.3,982.3,205.3,0.0
2024-06-18T08:00,31.5,67,11.5,982.9,312.0,0.0
2024-06-18T09:00,33.2,61,11.6,982.8,350.2,0.0
2024-06-18T10:00,34.9,53,10.7,982.7,438.6,0.1
2024-06-18T11:00,36.0,50,10.5,982.0,557.2,0.1
2024-06-18T12:00,35.0,53,6.8,981.2,242.4,0.2
2024-06-18T13:00,30.7,75,11.6,981.0,45.0,2.4
2024-06-18T14:00,32.4,64,15.1,979.9,215.4,0.1
2024-06-18T15:00,32.2,64,11.5,979.5,221.8,0.0
2024-06-18T16:00,32.7,62,14.2,979.3,281.7,0.0
2024-06-18T17:00,32.5,63,12.2,978.8,176.1,0.0
2024-06-18T18:00,31.7,61,12.3,979.3,175.1,0.0
2024-06-18T19:00,30.8,63,12.1,979.7,0.0,0.0
2024-06-18T20:00,30.4,64,10.2,980.2,0.0,0.0
2024-06-18T21:00,30.4,64,8.3,980.9,0.0,0.0
2024-06-18T22:00,30.4,65,8.1,981.2,0.0,0.0
2024-06-18T23:00,30.5,65,7.4,981.2,0.0,0.0
2024-06-19T00:00,26.5,86,16.8,981.5,0.0,4.8
2024-06-19T01:00,27.0,85,8.9,980.5,0.0,0.0
2024-06-19T02:00,27.2,85,4.6,979.9,0.0,0.3
2024-06-19T03:00,27.1,86,6.6,979.5,0.0,0.1
2024-06-19T04:00,27.0,87,7.4,979.8,0.0,0.0
2024-06-19T05:00,27.1,86,11.1,980.1,0.0,0.0
2024-06-19T06:00,27.3,83,8.5,980.5,16.7,0.0
2024-06-19T07:00,28.3,77,8.9,980.8,94.7,0.0
2024-06-19T08:00,29.5,71,10.2,981.1,9.6,0.0
2024-06-19T09:00,31.6,62,14.6,981.4,306.5,0.0
2024-06-19T10:00,32.9,59,11.5,981.4,305.1,0.0
2024-06-19T11:00,33.8,55,10.5,980.9,290.2,0.0
2024-06-19T12:00,34.3,53,10.9,980.1,99.6,0.0
2024-06-19T13:00,34.5,51,11.7,979.1,64.4,0.0
2024-06-19T14:00,34.6,50,9.6,977.8,61.8,0.0
2024-06-19T15:00,33.7,53,16.1,977.0,75.6,0.0
2024-06-19T16:00,31.8,66,9.7,977.0,78.5,0.0
2024-06-19T17:00,32.5,63,4.0,977.1,90.3,0.0
2024-06-19T18:00,30.3,69,5.0,977.5,26.4,0.0
2024-06-19T19:00,29.8,72,3.2,978.1,0.0,0.0
2024-06-19T20:00,29.5,77,5.2,978.7,0.0,0.0
2024-06-19T21:00,29.4,76,5.4,979.5,0.0,0.0
2024-06-19T22:00,30.1,67,6.1,980.0,0.0,0.0
2024-06-19T23:00,27.0,84,14.0,980.6,0.0,5.3
2024-06-20T00:00,25.8,90,2.0,979.9,0.0,0.8
2024-06-20T01:00,25.9,96,1.1,979.4,0.0,0.8
2024-06-20T02:00,26.0,94,1.5,979.2,0.0,0.7
2024-06-20T03:00,26.2,94,3.0,979.0,0.0,0.2
2024-06-20T04:00,26.2,94,5.1,979.1,0.0,0.0
2024-06-20T05:00,26.7,88,6.5,979.4,0.0,0.0
2024-06-20T06:00,26.3,91,8.2,980.1,0.0,0.3
2024-06-20T07:00,26.8,89,8.2,981.4,68.7,1.2
2024-06-20T08:00,26.6,93,8.0,982.0,3.9,2.3
2024-06-20T09:00,27.5,84,9.7,982.3,22.7,1.0
2024-06-20T10:00,28.4,81,8.4,982.0,50.5,0.2
2024-06-20T11:00,30.9,68,10.5,981.4,307.2,0.1
2024-06-20T12:00,32.2,62,9.9,980.5,293.8,0.0
2024-06-20T13:00,34.0,54,9.3,979.2,585.4,0.0
2024-06-20T14:00,35.0,50,11.7,978.2,483.4,0.0
2024-06-20T15:00,34.9,48,14.0,977.4,361.1,0.0
2024-06-20T16:00,30.9,67,6.1,977.2,36.0,0.6
2024-06-20T17:00,31.1,68,4.0,977.9,46.3,0.0
2024-06-20T18:00,30.9,57,8.7,978.2,168.4,0.0
2024-06-20T19:00,30.0,60,5.8,979.2,0.0,0.0
2024-06-20T20:00,29.5,65,10.5,979.7,0.0,0.0
2024-06-20T21:00,28.6,73,11.7,980.6,0.0,0.0
2024-06-20T22:00,28.5,72,9.7,981.0,0.0,0.0
2024-06-20T23:00,27.7,73,8.2,981.1,0.0,0.0
2024-06-21T00:00,26.7,78,10.5,980.5,0.0,0.1
2024-06-21T01:00,26.4,81,6.9,979.7,0.0,0.0
2024-06-21T02:00,25.6,86,10.6,980.0,0.0,0.6
2024-06-21T03:00,24.8,95,5.2,979.9,0.0,2.9
2024-06-21T04:00,24.9,96,6.5,979.9,0.0,0.4
2024-06-21T05:00,24.9,98,6.4,980.0,0.0,0.6
2024-06-21T06:00,26.0,94,1.5,980.5,16.8,0.1
2024-06-21T07:00,27.2,88,2.9,981.2,55.8,0.0
2024-06-21T08:00,29.0,78,5.0,981.6,237.8,0.1
2024-06-21T09:00,29.9,72,6.6,981.5,71.1,0.1
2024-06-21T10:00,31.7,64,9.2,981.4,308.9,0.0
2024-06-21T11:00,33.5,55,10.7,981.0,556.6,0.0
2024-06-21T12:00,33.9,52,11.0,980.2,329.0,0.0
2024-06-21T13:00,33.3,53,9.4,979.3,0.0,0.0
2024-06-21T14:00,34.2,51,8.0,978.1,87.2,0.0
2024-06-21T15:00,35.0,48,5.9,977.3,227.8,0.0
2024-06-21T16:00,34.3,55,2.6,976.7,13.1,0.0
2024-06-21T17:00,33.0,54,7.7,977.3,0.0,0.0
2024-06-21T18:00,27.8,84,7.5,978.3,5.2,0.0
2024-06-21T19:00,27.8,83,8.4,978.8,0.0,0.2
2024-06-21T20:00,27.6,83,3.9,979.6,0.0,0.1
2024-06-21T21:00,27.3,85,5.2,980.3,0.0,0.0
2024-06-21T22:00,27.2,86,7.3,980.9,0.0,0.0
2024-06-21T23:00,27.2,88,9.0,980.1,0.0,0.0
2024-06-22T00:00,26.4,90,7.6,979.9,0.0,7.5
2024-06-22T01:00,26.0,95,7.6,979.2,0.0,3.1
2024-06-22T02:00,25.6,95,7.6,978.6,0.0,0.9
2024-06-22T03:00,25.3,96,10.1,978.3,0.0,2.2
2024-06-22T04:00,25.1,96,8.6,978.2,0.0,1.4
2024-06-22T05:00,25.2,97,7.6,978.4,0.0,1.5
2024-06-22T06:00,24.8,96,4.1,979.5,0.0,2.6
2024-06-22T07:00,25.0,94,11.7,979.3,3.3,2.6
2024-06-22T08:00,25.5,94,5.8,980.4,7.7,1.6
2024-06-22T09:00,26.1,91,10.4,980.2,0.0,0.4
2024-06-22T10:00,27.8,83,8.7,980.4,51.7,0.1
2024-06-22T11:00,28.5,78,11.6,979.8,44.2,0.1
2024-06-22T12:00,28.6,78,11.0,979.2,30.2,0.1
2024-06-22T13:00,28.9,76,9.2,977.8,7.1,0.1
2024-06-22T14:00,29.3,73,9.3,976.7,22.1,0.1
2024-06-22T15:00,30.2,69,9.1,976.4,144.5,0.1
2024-06-22T16:00,29.8,72,8.1,976.1,37.5,0.0
2024-06-22T17:00,28.4,80,8.7,976.6,19.4,1.3
2024-06-22T18:00,28.2,79,3.7,977.6,26.1,0.7
2024-06-22T19:00,27.5,84,1.9,978.0,0.0,2.0
2024-06-22T20:00,26.7,92,5.9,978.9,0.0,0.3
2024-06-22T21:00,26.3,94,6.3,979.4,0.0,0.2
2024-06-22T22:00,26.1,95,7.3,979.7,0.0,0.2
2024-06-22T23:00,26.0,95,6.1,979.4,0.0,0.1
2024-06-23T00:00,25.7,94,5.6,979.1,0.0,0.6
2024-06-23T01:00,25.1,95,9.4,978.7,0.0,1.3
2024-06-23T02:00,24.9,96,10.2,978.0,0.0,1.5
2024-06-23T03:00,24.6,96,8.8,977.8,0.0,0.2
2024-06-23T04:00,24.4,97,9.3,977.9,0.0,0.1
2024-06-23T05:00,24.3,97,9.4,978.2,0.0,0.1
2024-06-23T06:00,25.8,92,9.4,978.7,25.4,0.1
2024-06-23T07:00,26.0,88,9.5,979.5,59.4,0.2
2024-06-23T08:00,26.2,90,7.4,980.0,17.4,0.6
2024-06-23T09:00,26.4,91,6.9,980.1,5.7,1.0
2024-06-23T10:00,27.4,88,8.0,979.9,38.8,1.1
2024-06-23T11:00,26.4,89,6.8,979.7,6.3,2.4
2024-06-23T12:00,26.9,89,3.6,978.6,13.1,2.4
2024-06-23T13:00,28.5,83,4.7,977.5,288.0,0.8
2024-06-23T14:00,30.5,73,8.7,976.5,519.2,0.1
2024-06-23T15:00,31.1,70,6.4,975.8,581.5,0.0
2024-06-23T16:00,31.2,67,4.9,975.4,475.8,0.0
2024-06-23T17:00,30.8,68,5.7,975.4,334.7,0.1
2024-06-23T18:00,28.8,82,2.5,976.1,88.5,0.0
2024-06-23T19:00,27.6,84,5.7,976.9,0.0,0.1
2024-06-23T20:00,25.7,95,2.6,978.3,0.0,6.9
2024-06-23T21:00,25.8,95,6.4,978.8,0.0,1.1
2024-06-23T22:00,25.8,95,4.0,979.4,0.0,0.1
2024-06-23T23:00,25.6,95,5.9,979.1,0.0,0.1
2024-06-24T00:00,25.4,95,7.0,978.7,0.0,0.3
2024-06-24T01:00,25.0,96,8.3,978.4,0.0,0.6
2024-06-24T02:00,24.9,97,5.4,977.7,0.0,0.2
2024-06-24T03:00,24.9,98,6.3,977.8,0.0,0.1
2024-06-24T04:00,25.0,97,4.9,977.8,0.0,0.3
2024-06-24T05:00,25.0,96,3.7,978.0,0.0,0.1
2024-06-24T06:00,25.8,95,9.8,979.1,25.5,0.6
2024-06-24T07:00,26.7,90,7.6,979.6,76.1,0.5
2024-06-24T08:00,27.4,89,6.7,979.5,157.3,0.3
2024-06-24T09:00,28.8,81,7.4,979.5,337.6,0.2
2024-06-24T10:00,29.7,76,7.2,979.1,232.9,0.1
2024-06-24T11:00,31.3,68,9.7,978.4,497.0,0.1
2024-06-24T12:00,32.4,63,9.7,977.7,522.2,0.1
2024-06-24T13:00,33.0,62,8.2,976.9,561.6,0.1
2024-06-24T14:00,33.5,58,9.2,975.8,468.3,0.0
2024-06-24T15:00,32.9,60,8.4,975.0,63.9,0.0
2024-06-24T16:00,32.4,63,5.8,974.6,429.8,0.3
2024-06-24T17:00,31.0,71,3.3,974.7,278.5,1.0
2024-06-24T18:00,31.6,63,5.8,975.5,140.0,0.0
2024-06-24T19:00,31.0,60,9.2,976.5,0.0,0.0
2024-06-24T20:00,30.3,64,7.4,976.9,0.0,0.0
2024-06-24T21:00,29.5,68,9.0,977.5,0.0,0.0
2024-06-24T22:00,29.2,70,9.3,978.0,0.0,0.0
2024-06-24T23:00,28.8,70,9.8,977.9,0.0,0.0
2024-06-25T00:00,28.4,71,7.7,977.5,0.0,0.0
2024-06-25T01:00,27.9,74,6.5,977.5,0.0,0.0
2024-06-25T02:00,27.7,74,6.7,976.8,0.0,0.0
2024-06-25T03:00,27.2,75,6.8,976.7,0.0,0.0
2024-06-25T04:00,27.0,76,8.1,976.9,0.0,0.0
2024-06-25T05:00,26.9,77,7.6,977.0,0.0,0.0
2024-06-25T06:00,28.6,74,6.3,977.7,0.0,0.0
2024-06-25T07:00,29.4,70,6.8,978.3,185.7,0.0
2024-06-25T08:00,30.5,67,6.9,978.7,311.1,0.0
2024-06-25T09:00,30.9,66,6.3,978.5,135.5,0.0
2024-06-25T10:00,32.5,61,6.6,978.3,562.5,0.0
2024-06-25T11:00,33.2,58,4.6,977.7,566.6,0.0
2024-06-25T12:00,33.9,58,6.8,977.0,567.5,0.1
2024-06-25T13:00,34.2,57,7.3,976.4,594.1,0.0
2024-06-25T14:00,30.8,72,14.4,975.7,163.0,2.5
2024-06-25T15:00,30.4,75,6.5,975.2,148.1,0.5
2024-06-25T16:00,31.9,68,7.6,974.5,224.4,0.0
2024-06-25T17:00,31.6,68,9.2,974.6,287.7,0.0
2024-06-25T18:00,31.5,64,8.1,974.7,186.1,0.0
2024-06-25T19:00,31.0,64,11.2,975.9,0.0,0.0
2024-06-25T20:00,30.7,66,13.6,976.8,0.0,0.0
2024-06-25T21:00,30.5,67,12.1,977.2,0.0,0.0
2024-06-25T22:00,30.1,68,10.2,977.5,0.0,0.0
2024-06-25T23:00,29.5,70,8.0,977.6,0.0,0.0
2024-06-26T00:00,29.2,71,8.4,977.1,0.0,0.0
2024-06-26T01:00,28.8,72,7.8,976.6,0.0,0.0
2024-06-26T02:00,28.4,73,8.3,976.0,0.0,0.0
2024-06-26T03:00,28.0,75,8.4,976.1,0.0,0.0
2024-06-26T04:00,27.5,77,4.6,976.4,0.0,0.0
2024-06-26T05:00,27.3,78,5.1,976.8,0.0,0.0
2024-06-26T06:00,28.8,72,7.8,977.1,68.4,0.0
2024-06-26T07:00,29.7,69,9.9,977.5,269.5,0.0
2024-06-26T08:00,30.7,67,10.4,977.8,410.9,0.0
2024-06-26T09:00,31.8,63,10.2,977.9,503.8,0.0
2024-06-26T10:00,32.9,60,7.5,977.9,532.2,0.0
2024-06-26T11:00,34.0,57,4.9,977.6,582.6,0.0
2024-06-26T12:00,34.7,55,4.9,976.9,572.6,0.0
2024-06-26T13:00,34.8,55,5.6,975.9,414.4,0.1
2024-06-26T14:00,34.7,55,5.0,975.2,308.3,0.1
2024-06-26T15:00,34.9,54,5.8,974.4,428.6,0.0
2024-06-26T16:00,33.0,61,10.9,974.2,203.1,0.3
2024-06-26T17:00,32.6,61,10.7,974.9,127.9,0.0
2024-06-26T18:00,32.7,62,5.2,974.9,46.4,0.0
2024-06-26T19:00,31.1,64,12.4,976.4,0.0,0.1
2024-06-26T20:00,27.7,85,11.9,977.6,0.0,3.5
2024-06-26T21:00,26.9,92,3.1,978.9,0.0,1.7
2024-06-26T22:00,26.5,95,9.1,979.6,0.0,3.0
2024-06-26T23:00,26.0,95,9.4,979.9,0.0,5.0
2024-06-27T00:00,25.9,96,5.6,978.8,0.0,0.6
2024-06-27T01:00,25.6,96,3.3,978.7,0.0,2.3
2024-06-27T02:00,25.4,98,6.4,978.1,0.0,2.7
2024-06-27T03:00,25.5,97,2.6,977.4,0.0,1.0
2024-06-27T04:00,25.5,98,3.0,977.6,0.0,0.2
2024-06-27T05:00,25.5,97,4.8,977.6,0.0,0.1
2024-06-27T06:00,26.8,92,2.6,978.3,17.2,0.0
2024-06-27T07:00,27.8,87,5.1,979.2,90.1,0.0
2024-06-27T08:00,29.0,79,10.1,979.8,269.2,0.1
2024-06-27T09:00,30.2,72,11.2,980.0,378.5,0.1
2024-06-27T10:00,31.2,67,9.6,979.9,387.6,0.1
2024-06-27T11:00,31.9,64,7.4,979.5,315.1,0.1
2024-06-27T12:00,32.7,62,7.9,979.1,302.9,0.1
2024-06-27T13:00,31.6,66,11.8,978.0,201.0,1.7
2024-06-27T14:00,28.4,84,9.0,977.4,149.7,1.5
2024-06-27T15:00,30.6,77,4.4,977.0,248.6,0.2
2024-06-27T16:00,31.2,70,5.8,976.7,120.1,0.2
2024-06-27T17:00,31.1,67,5.6,976.7,53.0,0.0
2024-06-27T18:00,27.9,86,9.1,977.6,36.0,0.9
2024-06-27T19:00,27.0,93,6.4,978.9,0.0,0.6
2024-06-27T20:00,27.2,94,5.4,979.5,0.0,0.5
2024-06-27T21:00,27.1,95,5.4,980.2,0.0,0.2
2024-06-27T22:00,26.9,94,4.7,980.5,0.0,0.9
2024-06-27T23:00,26.5,92,5.7,980.3,0.0,3.1
2024-06-28T00:00,26.3,92,6.3,980.1,0.0,2.7
2024-06-28T01:00,25.9,93,8.2,979.5,0.0,1.6
2024-06-28T02:00,25.8,93,7.0,979.1,0.0,0.8
2024-06-28T03:00,25.7,94,8.7,979.0,0.0,0.8
2024-06-28T04:00,25.6,93,9.2,979.3,0.0,0.7
2024-06-28T05:00,25.4,93,12.4,979.4,0.0,1.7
2024-06-28T06:00,25.8,93,9.4,980.4,0.0,2.0
2024-06-28T07:00,25.8,92,10.4,981.1,0.0,1.2
2024-06-28T08:00,26.7,86,14.2,981.1,64.5,0.3
2024-06-28T09:00,28.4,78,15.2,981.2,238.8,0.1
2024-06-28T10:00,29.3,73,16.7,981.0,226.3,0.0
2024-06-28T11:00,30.7,66,18.6,980.5,287.7,0.0
2024-06-28T12:00,31.5,62,21.0,979.7,535.4,0.2
2024-06-28T13:00,31.5,64,20.6,978.9,451.0,0.3
2024-06-28T14:00,31.9,63,20.6,978.0,414.8,0.0
2024-06-28T15:00,32.2,63,18.7,977.3,352.9,0.0
2024-06-28T16:00,30.2,71,15.5,977.2,97.3,0.4
2024-06-28T17:00,30.5,71,11.9,977.3,77.0,0.0
2024-06-28T18:00,28.2,79,9.7,978.4,35.9,0.0
2024-06-28T19:00,28.1,77,11.0,978.8,0.0,0.0
2024-06-28T20:00,28.1,77,10.5,979.7,0.0,0.0
2024-06-28T21:00,27.9,80,9.7,980.4,0.0,0.0
2024-06-28T22:00,27.5,81,8.9,980.7,0.0,0.0
2024-06-28T23:00,27.4,79,16.6,980.9,0.0,0.1
2024-06-29T00:00,25.0,95,16.6,980.8,0.0,2.4
2024-06-29T01:00,24.8,97,8.7,979.9,0.0,6.8
2024-06-29T02:00,24.8,99,7.1,979.6,0.0,3.1
2024-06-29T03:00,25.0,98,7.9,979.5,0.0,1.0
2024-06-29T04:00,25.3,98,8.6,979.8,0.0,0.2
2024-06-29T05:00,25.7,93,9.6,980.3,0.0,0.4
2024-06-29T06:00,26.1,92,8.4,980.6,17.3,0.3
2024-06-29T07:00,27.0,89,8.0,981.2,120.9,0.2
2024-06-29T08:00,28.1,82,14.1,981.6,289.6,0.1
2024-06-29T09:00,29.9,72,14.8,981.7,403.6,0.0
2024-06-29T10:00,31.0,68,13.3,982.1,445.8,0.1
2024-06-29T11:00,31.0,67,12.3,981.9,113.9,0.1
2024-06-29T12:00,31.5,65,11.2,981.2,85.5,0.0
2024-06-29T13:00,31.4,64,10.5,980.5,19.4,0.0
2024-06-29T14:00,27.8,84,11.8,980.1,36.3,1.1
2024-06-29T15:00,28.8,81,8.0,979.4,59.8,0.3
2024-06-29T16:00,30.1,73,9.4,979.0,108.6,0.0
2024-06-29T17:00,30.2,72,9.6,979.1,50.5,0.0
2024-06-29T18:00,27.5,84,10.2,980.1,25.6,0.0
2024-06-29T19:00,26.4,89,10.4,981.2,0.0,0.4
2024-06-29T20:00,26.0,94,9.0,981.9,0.0,2.5
2024-06-29T21:00,26.0,95,9.7,982.1,0.0,0.0
2024-06-29T22:00,26.3,95,7.3,982.3,0.0,0.0
2024-06-29T23:00,26.6,93,6.2,981.9,0.0,0.0
2024-06-30T00:00,26.8,92,6.3,981.3,0.0,0.0
2024-06-30T01:00,26.3,92,4.8,980.7,0.0,0.0
2024-06-30T02:00,26.4,90,6.1,980.2,0.0,0.0
2024-06-30T03:00,26.6,88,8.7,980.0,0.0,0.0
2024-06-30T04:00,26.6,87,8.3,980.2,0.0,0.0
2024-06-30T05:00,26.6,86,9.1,980.9,0.0,0.0
2024-06-30T06:00,25.8,94,7.4,981.6,0.0,0.6
2024-06-30T07:00,26.1,93,4.0,982.2,0.0,0.7
2024-06-30T08:00,26.7,92,4.9,982.8,2.0,0.5
2024-06-30T09:00,27.5,88,8.2,982.8,8.6,0.4
2024-06-30T10:00,28.8,82,8.6,982.9,67.3,0.3
2024-06-30T11:00,30.3,75,10.5,982.5,221.4,0.1
2024-06-30T12:00,31.2,68,10.8,981.9,189.2,0.0
2024-06-30T13:00,32.0,63,10.5,980.9,208.1,0.0
2024-06-30T14:00,32.2,61,11.5,979.6,119.8,0.0
2024-06-30T15:00,32.0,61,13.5,979.1,157.8,0.0
2024-06-30T16:00,30.3,70,10.1,979.1,182.9,0.5
2024-06-30T17:00,30.4,71,6.1,979.2,67.2,0.0
2024-06-30T18:00,29.6,69,10.7,979.6,56.1,0.0
2024-06-30T19:00,29.2,71,10.5,980.5,0.0,0.0
2024-06-30T20:00,28.9,71,10.7,981.5,0.0,0.0
2024-06-30T21:00,27.4,80,7.2,982.3,0.0,0.6
2024-06-30T22:00,27.1,82,9.7,982.5,0.0,0.1
2024-06-30T23:00,26.6,84,12.8,982.4,0.0,0.1
2024-07-01T00:00,25.5,92,8.3,981.8,0.0,1.3
2024-07-01T01:00,25.5,92,9.8,981.0,0.0,0.6
2024-07-01T02:00,25.3,95,8.4,980.5,0.0,2.2
2024-07-01T03:00,25.5,94,8.2,980.1,0.0,3.0
2024-07-01T04:00,25.5,94,9.4,980.0,0.0,1.2
2024-07-01T05:00,25.5,93,11.2,980.2,0.0,0.6
2024-07-01T06:00,26.2,92,8.5,981.2,0.0,0.0
2024-07-01T07:00,27.2,85,12.7,981.5,118.4,0.0
2024-07-01T08:00,28.6,77,13.6,981.8,320.1,0.1
2024-07-01T09:00,29.5,72,15.5,982.0,262.4,0.1
2024-07-01T10:00,30.6,66,16.6,982.0,318.7,0.0
2024-07-01T11:00,31.4,63,17.7,981.6,294.3,0.0
2024-07-01T12:00,31.5,61,19.5,980.8,267.7,0.0
2024-07-01T13:00,31.0,62,18.6,979.9,161.1,0.0
2024-07-01T14:00,31.0,62,16.5,979.1,196.7,0.0
2024-07-01T15:00,31.3,60,18.3,978.6,190.8,0.0
2024-07-01T16:00,30.8,61,17.4,978.4,168.2,0.0
2024-07-01T17:00,29.9,66,10.2,978.4,31.2,0.0
2024-07-01T18:00,29.7,67,7.4,978.8,40.7,0.0
2024-07-01T19:00,29.3,68,8.2,979.8,0.0,0.0
2024-07-01T20:00,28.5,73,11.1,980.7,0.0,0.0
2024-07-01T21:00,27.6,78,7.4,981.2,0.0,0.0
2024-07-01T22:00,27.0,83,4.6,981.0,0.0,0.0
2024-07-01T23:00,27.0,81,7.3,980.4,0.0,0.0
2024-07-02T00:00,27.0,81,6.4,979.9,0.0,0.0
2024-07-02T01:00,27.1,79,7.5,979.4,0.0,0.0
2024-07-02T02:00,27.4,75,9.7,978.5,0.0,0.0
2024-07-02T03:00,27.3,74,9.6,978.5,0.0,0.0
2024-07-02T04:00,27.3,73,10.3,978.6,0.0,0.0
2024-07-02T05:00,27.4,72,11.5,979.0,0.0,0.0
2024-07-02T06:00,26.2,83,13.5,979.7,0.0,0.0
2024-07-02T07:00,26.5,82,12.8,980.3,10.2,0.1
2024-07-02T08:00,27.9,75,14.1,980.8,200.6,0.3
2024-07-02T09:00,28.0,75,13.4,981.4,183.7,0.3
2024-07-02T10:00,28.4,73,14.0,981.3,100.4,0.2
2024-07-02T11:00,30.4,64,14.9,980.6,250.0,0.0
2024-07-02T12:00,32.6,54,22.9,979.7,622.9,0.0
2024-07-02T13:00,33.1,53,19.8,978.9,541.3,0.0
2024-07-02T14:00,32.9,54,17.3,977.9,397.7,0.0
2024-07-02T15:00,33.4,51,17.2,976.8,383.9,0.0
2024-07-02T16:00,32.9,52,18.2,976.4,198.8,0.1
2024-07-02T17:00,30.0,64,17.0,977.4,119.8,0.5
2024-07-02T18:00,27.2,87,3.9,978.2,0.0,4.0
2024-07-02T19:00,26.2,92,8.5,978.9,0.0,2.4
2024-07-02T20:00,26.4,93,3.8,979.8,0.0,0.6
2024-07-02T21:00,26.7,89,9.2,980.5,0.0,0.1
2024-07-02T22:00,26.5,89,11.4,981.0,0.0,0.0
2024-07-02T23:00,25.7,93,9.5,980.5,0.0,0.8
2024-07-03T00:00,25.8,93,7.0,980.0,0.0,0.5
2024-07-03T01:00,25.8,93,6.4,979.4,0.0,0.3
2024-07-03T02:00,25.9,92,7.1,978.9,0.0,0.0
2024-07-03T03:00,25.8,90,10.0,979.1,0.0,0.0
2024-07-03T04:00,25.8,87,11.8,979.5,0.0,0.0
2024-07-03T05:00,25.8,86,12.8,979.8,0.0,0.0
2024-07-03T06:00,25.6,87,12.8,980.7,8.8,0.0
2024-07-03T07:00,26.5,85,10.9,980.9,30.7,0.0
2024-07-03T08:00,27.5,81,13.4,980.8,80.8,0.0
2024-07-03T09:00,28.8,73,18.7,981.2,106.3,0.0
2024-07-03T10:00,29.8,67,17.9,981.5,218.6,0.0
2024-07-03T11:00,30.2,66,16.5,981.3,38.0,0.0
2024-07-03T12:00,31.0,63,16.6,980.7,80.5,0.0
2024-07-03T13:00,31.2,63,14.7,979.8,65.2,0.0
2024-07-03T14:00,30.7,65,16.9,978.9,81.3,0.3
2024-07-03T15:00,31.7,63,10.0,978.2,144.8,0.0
2024-07-03T16:00,32.7,56,13.5,977.7,428.0,0.0
2024-07-03T17:00,31.7,62,9.2,977.7,241.7,0.0
2024-07-03T18:00,30.6,64,10.5,978.4,65.9,0.0
2024-07-03T19:00,29.5,69,6.2,979.3,0.0,0.0
2024-07-03T20:00,29.0,71,7.4,979.9,0.0,0.0
2024-07-03T21:00,28.8,71,7.8,980.7,0.0,0.0
2024-07-03T22:00,28.6,71,9.1,981.3,0.0,0.0
2024-07-03T23:00,28.1,70,6.3,981.2,0.0,0.0
2024-07-04T00:00,27.7,73,5.0,980.8,0.0,0.0
2024-07-04T01:00,27.1,78,5.4,980.1,0.0,0.0
2024-07-04T02:00,27.4,76,7.9,979.8,0.0,0.0
2024-07-04T03:00,27.7,73,11.4,979.9,0.0,0.0
2024-07-04T04:00,27.8,72,13.8,980.0,0.0,0.0
2024-07-04T05:00,27.8,72,14.3,980.5,0.0,0.0
2024-07-04T06:00,28.0,74,8.7,981.4,0.0,0.0
2024-07-04T07:00,28.7,72,10.8,982.1,109.4,0.0
2024-07-04T08:00,28.8,71,12.4,982.6,25.7,0.0
2024-07-04T09:00,29.0,70,14.1,982.9,17.3,0.0
2024-07-04T10:00,29.3,69,13.5,983.0,7.1,0.0
2024-07-04T11:00,29.0,72,13.3,983.0,12.7,0.4
2024-07-04T12:00,28.8,75,11.4,982.3,16.1,0.6
2024-07-04T13:00,29.7,72,11.3,981.3,123.3,0.3
2024-07-04T14:00,30.1,70,11.7,980.4,80.1,0.1
2024-07-04T15:00,31.1,64,12.9,979.6,335.2,0.0
2024-07-04T16:00,30.6,66,9.9,979.6,37.1,0.0
2024-07-04T17:00,30.6,68,5.4,979.6,64.6,0.0
2024-07-04T18:00,29.6,74,4.0,979.5,15.2,0.0
2024-07-04T19:00,28.9,75,4.8,980.1,0.0,0.0
2024-07-04T20:00,28.7,72,8.7,980.6,0.0,0.0
2024-07-04T21:00,28.7,71,12.1,981.6,0.0,0.0
2024-07-04T22:00,28.0,75,11.6,982.5,0.0,0.1
2024-07-04T23:00,26.0,87,11.5,982.2,0.0,0.4
2024-07-05T00:00,25.5,91,8.7,981.0,0.0,0.3
2024-07-05T01:00,24.8,96,7.6,980.6,0.0,2.0
2024-07-05T02:00,25.0,96,3.7,979.9,0.0,1.6
2024-07-05T03:00,24.9,96,4.3,979.9,0.0,1.4
2024-07-05T04:00,24.8,98,5.5,979.9,0.0,0.0
2024-07-05T05:00,25.2,94,5.9,980.2,0.0,0.0
2024-07-05T06:00,25.6,94,7.6,980.7,8.9,0.0
2024-07-05T07:00,27.1,86,7.5,981.3,72.1,0.0
2024-07-05T08:00,29.0,75,13.0,981.4,377.6,0.0
2024-07-05T09:00,30.4,68,14.5,981.5,485.1,0.0
2024-07-05T10:00,31.8,63,14.8,981.4,611.6,0.0
2024-07-05T11:00,32.3,60,16.2,981.0,543.6,0.0
2024-07-05T12:00,32.7,59,15.0,980.0,376.3,0.0
2024-07-05T13:00,32.3,59,20.4,978.7,647.0,0.7
2024-07-05T14:00,33.1,61,12.9,977.6,586.0,0.1
2024-07-05T15:00,30.4,73,9.7,977.2,450.5,4.2
2024-07-05T16:00,31.1,69,6.1,976.6,287.1,0.0
2024-07-05T17:00,31.2,69,4.7,976.5,272.4,0.0
2024-07-05T18:00,30.7,67,2.6,977.3,86.0,0.0
2024-07-05T19:00,29.2,75,4.2,977.7,0.0,0.1
2024-07-05T20:00,29.2,72,9.1,978.7,0.0,0.0
2024-07-05T21:00,28.3,77,6.2,979.5,0.0,0.0
2024-07-05T22:00,27.3,82,9.8,980.1,0.0,0.2
2024-07-05T23:00,26.6,87,2.9,979.5,0.0,0.5
2024-07-06T00:00,26.6,86,6.2,978.9,0.0,0.1
2024-07-06T01:00,26.6,85,7.7,978.5,0.0,0.0
2024-07-06T02:00,26.2,86,6.2,978.2,0.0,0.7
2024-07-06T03:00,25.7,90,8.3,978.1,0.0,0.6
2024-07-06T04:00,25.6,91,6.8,978.4,0.0,0.0
2024-07-06T05:00,25.7,90,7.8,978.6,0.0,0.0
2024-07-06T06:00,26.4,87,9.8,979.1,9.0,0.0
2024-07-06T07:00,27.1,83,11.5,979.8,10.3,0.0
2024-07-06T08:00,27.8,78,11.4,980.1,5.9,0.0
2024-07-06T09:00,29.6,70,15.3,980.2,311.2,0.0
2024-07-06T10:00,30.6,66,17.2,979.8,396.5,0.0
2024-07-06T11:00,31.7,60,15.6,979.1,438.1,0.0
2024-07-06T12:00,32.4,57,16.3,978.7,361.2,0.0
2024-07-06T13:00,32.6,57,15.7,977.9,382.0,0.2
2024-07-06T14:00,32.4,59,14.1,976.9,209.5,0.0
2024-07-06T15:00,31.9,63,10.5,976.3,314.6,0.0
2024-07-06T16:00,29.3,75,11.2,976.6,177.4,1.7
2024-07-06T17:00,28.3,84,0.8,976.6,145.7,1.0
2024-07-06T18:00,28.2,76,9.3,977.8,0.0,1.4
2024-07-06T19:00,26.2,92,7.2,978.9,0.0,5.3
2024-07-06T20:00,26.2,93,8.2,979.6,0.0,2.0
2024-07-06T21:00,25.8,94,6.7,980.6,0.0,2.9
2024-07-06T22:00,25.5,94,8.6,980.9,0.0,3.5
2024-07-06T23:00,25.3,94,8.7,980.5,0.0,3.0
2024-07-07T00:00,25.2,94,8.4,979.9,0.0,0.5
2024-07-07T01:00,25.1,95,7.6,979.6,0.0,0.1
2024-07-07T02:00,25.1,95,5.2,979.2,0.0,0.1
2024-07-07T03:00,25.0,94,4.7,978.8,0.0,0.1
2024-07-07T04:00,25.1,93,6.5,978.8,0.0,0.0
2024-07-07T05:00,25.0,93,6.8,979.2,0.0,0.0
2024-07-07T06:00,25.4,93,7.7,979.5,0.0,1.7
2024-07-07T07:00,25.6,93,6.2,980.6,0.0,1.8
2024-07-07T08:00,26.1,91,7.2,981.0,13.9,1.1
2024-07-07T09:00,27.2,84,12.7,981.7,102.4,0.4
2024-07-07T10:00,27.5,82,13.1,981.3,66.3,0.1
2024-07-07T11:00,28.1,79,11.4,981.2,57.0,0.0
2024-07-07T12:00,28.7,76,10.8,980.8,48.3,0.0
2024-07-07T13:00,29.8,72,10.1,979.6,47.9,0.0
2024-07-07T14:00,30.9,68,8.4,978.5,322.4,0.0
2024-07-07T15:00,31.6,65,8.0,978.1,385.5,0.0
2024-07-07T16:00,28.9,77,14.8,978.1,204.7,2.6
2024-07-07T17:00,27.0,89,6.9,978.4,64.4,0.1
2024-07-07T18:00,27.0,85,0.5,979.5,0.0,0.1
2024-07-07T19:00,26.4,90,2.9,979.9,0.0,0.0
2024-07-07T20:00,26.2,91,6.3,980.5,0.0,0.0
2024-07-07T21:00,26.0,93,3.4,980.8,0.0,0.0
2024-07-07T22:00,25.8,94,4.5,981.4,0.0,0.0
2024-07-07T23:00,25.9,93,6.1,981.2,0.0,0.0
2024-07-08T00:00,25.9,92,3.1,980.5,0.0,0.0
2024-07-08T01:00,25.4,94,3.3,980.0,0.0,0.0
2024-07-08T02:00,25.3,94,3.1,979.6,0.0,0.1
2024-07-08T03:00,25.3,94,5.9,979.5,0.0,0.5
2024-07-08T04:00,25.1,96,4.0,979.6,0.0,0.7
2024-07-08T05:00,25.1,96,3.6,980.1,0.0,0.1
2024-07-08T06:00,25.6,93,4.5,980.4,0.0,0.2
2024-07-08T07:00,25.9,90,6.9,980.8,0.0,0.2
2024-07-08T08:00,26.6,89,5.4,980.9,31.8,0.2
2024-07-08T09:00,27.7,82,7.2,980.9,173.2,0.1
2024-07-08T10:00,29.1,74,6.6,981.0,240.5,0.0
2024-07-08T11:00,30.3,70,5.1,980.8,345.3,0.1
2024-07-08T12:00,31.0,68,4.0,979.8,397.4,0.2
2024-07-08T13:00,32.0,65,4.4,978.7,643.5,0.1
2024-07-08T14:00,32.2,63,4.1,978.0,450.6,0.1
2024-07-08T15:00,30.7,67,6.8,977.6,78.6,0.1
2024-07-08T16:00,29.9,72,1.6,977.6,14.5,0.1
2024-07-08T17:00,29.5,75,4.4,977.6,47.7,0.0
2024-07-08T18:00,28.1,82,6.6,977.7,10.1,0.1
2024-07-08T19:00,27.4,85,5.9,978.6,0.0,0.0
2024-07-08T20:00,26.2,91,10.8,980.0,0.0,1.9
2024-07-08T21:00,26.0,95,6.8,980.5,0.0,0.2
2024-07-08T22:00,25.5,96,5.5,981.3,0.0,4.7
2024-07-08T23:00,25.6,96,3.3,980.9,0.0,0.4
2024-07-09T00:00,25.4,97,7.2,980.1,0.0,0.1
2024-07-09T01:00,25.2,97,4.1,980.2,0.0,2.2
2024-07-09T02:00,25.1,96,5.9,979.6,0.0,0.2
2024-07-09T03:00,24.9,97,3.0,979.7,0.0,0.3
2024-07-09T04:00,24.9,95,7.1,979.4,0.0,0.1
2024-07-09T05:00,24.6,98,3.3,980.0,0.0,0.0
2024-07-09T06:00,25.7,95,2.8,980.5,27.3,0.1
2024-07-09T07:00,26.4,90,6.2,981.5,38.3,0.3
2024-07-09T08:00,27.2,86,4.1,981.2,131.4,0.1
2024-07-09T09:00,28.7,80,4.1,981.6,455.0,0.0
2024-07-09T10:00,29.4,75,4.4,981.7,93.6,0.1
2024-07-09T11:00,30.6,70,4.0,981.5,196.5,0.1
2024-07-09T12:00,31.2,68,6.1,980.9,136.8,0.1
2024-07-09T13:00,28.8,79,13.4,980.7,330.9,3.0
2024-07-09T14:00,29.3,77,8.4,979.7,156.7,1.3
2024-07-09T15:00,30.0,72,7.4,978.9,129.2,0.0
2024-07-09T16:00,30.4,71,5.6,978.6,186.8,0.0
2024-07-09T17:00,30.3,71,3.8,978.9,121.6,0.0
2024-07-09T18:00,28.5,83,4.3,980.2,55.6,0.0
2024-07-09T19:00,27.7,85,7.3,981.1,0.0,0.8
2024-07-09T20:00,27.4,86,7.5,981.7,0.0,1.2
2024-07-09T21:00,26.4,90,11.3,982.5,0.0,1.2
2024-07-09T22:00,26.0,92,9.0,982.9,0.0,1.2
2024-07-09T23:00,25.8,90,10.5,983.2,0.0,0.0
2024-07-10T00:00,25.4,91,12.2,982.7,0.0,0.0
2024-07-10T01:00,25.0,93,5.9,982.1,0.0,0.0
2024-07-10T02:00,24.9,94,5.4,981.7,0.0,0.0
2024-07-10T03:00,24.9,95,7.4,981.7,0.0,0.0
2024-07-10T04:00,24.9,95,7.4,981.8,0.0,0.0
2024-07-10T05:00,24.8,95,7.9,982.3,0.0,0.0
2024-07-10T06:00,25.6,96,7.4,983.5,36.6,0.0
2024-07-10T07:00,26.7,90,7.9,983.9,108.4,0.0
2024-07-10T08:00,28.2,81,8.9,984.1,446.6,0.2
2024-07-10T09:00,29.4,75,8.7,984.3,404.8,0.1
2024-07-10T10:00,30.5,70,8.7,983.9,417.3,0.1
2024-07-10T11:00,30.5,69,6.1,983.4,48.6,0.1
2024-07-10T12:00,30.5,70,13.4,983.0,309.9,1.5
2024-07-10T13:00,29.8,73,9.3,982.4,393.9,1.7
2024-07-10T14:00,30.7,71,9.7,981.3,437.2,0.1
2024-07-10T15:00,31.7,68,8.7,980.3,584.0,0.1
2024-07-10T16:00,30.2,70,13.4,980.5,483.0,0.5
2024-07-10T17:00,26.8,87,8.5,981.0,166.9,3.6
2024-07-10T18:00,28.0,85,7.6,982.1,136.6,1.8
2024-07-10T19:00,27.0,89,4.7,982.7,0.0,0.1
2024-07-10T20:00,26.5,92,3.6,983.3,0.0,0.0
2024-07-10T21:00,26.1,95,3.9,983.7,0.0,0.0
2024-07-10T22:00,25.8,96,5.4,983.8,0.0,0.0
2024-07-10T23:00,25.9,95,5.4,983.6,0.0,0.1
2024-07-11T00:00,26.2,94,3.7,983.0,0.0,0.0
2024-07-11T01:00,25.6,97,3.9,982.5,0.0,0.0
2024-07-11T02:00,26.0,95,3.9,982.0,0.0,0.1
2024-07-11T03:00,25.9,95,5.2,981.7,0.0,0.1
2024-07-11T04:00,25.7,94,5.4,982.0,0.0,0.1
2024-07-11T05:00,25.7,93,8.4,982.3,0.0,0.3
2024-07-11T06:00,25.9,91,5.4,983.3,55.2,0.0
2024-07-11T07:00,26.9,85,10.5,983.9,171.9,0.0
2024-07-11T08:00,27.9,82,11.3,983.9,249.6,0.1
2024-07-11T09:00,28.7,79,11.2,983.8,335.7,0.1
2024-07-11T10:00,30.0,73,11.9,983.8,501.6,0.1
2024-07-11T11:00,30.9,68,11.9,983.1,372.9,0.1
2024-07-11T12:00,31.7,63,11.6,981.7,181.1,0.0
2024-07-11T13:00,29.5,74,12.9,981.0,75.3,0.5
2024-07-11T14:00,29.9,72,8.1,979.8,198.3,0.0
2024-07-11T15:00,30.9,69,7.4,978.9,229.2,0.0
2024-07-11T16:00,31.2,69,4.8,978.4,119.1,0.0
2024-07-11T17:00,31.1,70,4.2,978.7,217.1,0.1
2024-07-11T18:00,29.7,83,3.3,978.5,192.5,0.0
2024-07-11T19:00,28.4,81,3.7,979.2,0.0,0.0
2024-07-11T20:00,28.0,82,4.7,980.0,0.0,0.0
2024-07-11T21:00,27.8,82,6.5,980.5,0.0,0.0
2024-07-11T22:00,27.8,81,8.0,980.5,0.0,0.0
2024-07-11T23:00,27.3,81,8.9,980.5,0.0,0.1
2024-07-12T00:00,25.4,93,9.9,980.5,0.0,8.9
2024-07-12T01:00,25.5,90,16.0,979.8,0.0,2.5
2024-07-12T02:00,24.7,93,13.3,979.8,0.0,2.5
2024-07-12T03:00,24.8,93,8.7,979.5,0.0,0.4
2024-07-12T04:00,24.8,95,8.2,979.1,0.0,0.1
2024-07-12T05:00,24.8,95,10.4,979.1,0.0,0.1
2024-07-12T06:00,25.9,91,12.4,980.3,18.5,0.0
2024-07-12T07:00,26.7,89,13.8,980.5,95.1,0.0
2024-07-12T08:00,28.0,80,16.2,981.1,286.0,0.0
2024-07-12T09:00,29.1,74,15.8,981.5,330.1,0.0
2024-07-12T10:00,30.5,67,14.8,981.0,411.7,0.0
2024-07-12T11:00,31.5,64,13.0,980.6,457.5,0.1
2024-07-12T12:00,28.7,76,17.6,980.2,334.0,1.0
2024-07-12T13:00,30.2,71,12.2,978.8,207.6,0.1
2024-07-12T14:00,30.9,69,15.2,977.8,343.9,0.1
2024-07-12T15:00,30.9,67,13.3,977.3,179.8,0.0
2024-07-12T16:00,29.5,75,7.8,977.2,144.9,0.6
2024-07-12T17:00,28.8,80,10.1,977.7,26.2,0.2
2024-07-12T18:00,29.2,72,8.3,977.9,50.7,0.0
2024-07-12T19:00,28.3,76,6.9,979.0,0.0,0.0
2024-07-12T20:00,27.5,80,8.4,979.7,0.0,0.5
2024-07-12T21:00,26.6,88,9.1,980.0,0.0,1.9
2024-07-12T22:00,26.6,88,9.4,979.8,0.0,0.1
2024-07-12T23:00,26.3,90,6.1,979.6,0.0,0.0
2024-07-13T00:00,26.2,89,10.8,979.4,0.0,0.3
2024-07-13T01:00,25.3,93,11.5,979.1,0.0,1.4
2024-07-13T02:00,25.1,94,10.9,978.1,0.0,0.6
2024-07-13T03:00,25.0,94,12.3,978.0,0.0,0.6
2024-07-13T04:00,25.1,93,13.3,978.0,0.0,0.3
2024-07-13T05:00,24.9,94,12.8,978.5,0.0,0.6
2024-07-13T06:00,26.0,90,13.0,979.4,9.3,0.1
2024-07-13T07:00,26.9,83,16.7,979.8,113.1,0.0
2024-07-13T08:00,28.2,76,15.1,979.8,300.5,0.0
2024-07-13T09:00,28.7,72,19.6,980.1,126.1,0.0
2024-07-13T10:00,29.2,69,20.9,980.2,109.2,0.0
2024-07-13T11:00,29.8,68,19.6,979.4,117.3,0.0
2024-07-13T12:00,31.0,64,19.6,978.4,337.0,0.1
2024-07-13T13:00,31.6,64,18.6,977.5,444.6,0.0
2024-07-13T14:00,29.8,75,13.6,976.9,133.6,0.9
2024-07-13T15:00,29.8,72,13.9,976.6,70.9,0.8
2024-07-13T16:00,29.2,77,8.3,976.3,40.2,0.7
2024-07-13T17:00,28.6,78,15.8,977.0,54.9,0.0
2024-07-13T18:00,27.9,81,12.3,976.9,25.4,0.0
2024-07-13T19:00,27.4,84,10.4,977.6,0.0,0.1
2024-07-13T20:00,27.0,84,7.9,978.1,0.0,0.3
2024-07-13T21:00,26.6,88,6.8,978.4,0.0,0.4
2024-07-13T22:00,26.3,92,10.0,978.9,0.0,0.3
2024-07-13T23:00,26.3,90,12.7,978.5,0.0,0.1
2024-07-14T00:00,25.9,91,11.7,977.8,0.0,0.2
2024-07-14T01:00,25.5,93,11.9,977.1,0.0,1.0
2024-07-14T02:00,25.4,93,11.7,976.5,0.0,1.4
2024-07-14T03:00,25.3,94,11.9,976.3,0.0,1.7
2024-07-14T04:00,25.1,94,13.0,976.2,0.0,2.3
2024-07-14T05:00,25.0,94,11.9,976.5,0.0,1.8
2024-07-14T06:00,25.2,93,12.6,977.7,0.0,0.2
2024-07-14T07:00,26.1,88,14.5,977.9,31.9,0.0
2024-07-14T08:00,26.8,85,14.3,978.2,38.1,0.1
2024-07-14T09:00,28.1,78,16.3,978.3,172.6,0.1
2024-07-14T10:00,29.4,75,14.3,978.0,264.7,0.1
2024-07-14T11:00,31.1,69,11.4,977.4,582.3,0.1
2024-07-14T12:00,30.8,68,10.1,976.0,100.6,0.0
2024-07-14T13:00,30.1,74,11.9,975.2,174.0,0.1
2024-07-14T14:00,29.6,77,10.2,974.8,329.6,2.0
2024-07-14T15:00,29.3,77,9.7,974.3,124.1,0.3
2024-07-14T16:00,29.2,78,4.7,974.0,14.5,0.1
2024-07-14T17:00,28.5,82,8.7,974.1,35.8,0.1
2024-07-14T18:00,26.2,93,4.9,975.4,50.9,2.2
2024-07-14T19:00,25.3,97,8.3,976.0,0.0,1.9
2024-07-14T20:00,25.3,98,4.3,976.5,0.0,0.4
2024-07-14T21:00,25.5,97,3.9,977.0,0.0,0.7
2024-07-14T22:00,25.7,96,5.0,977.3,0.0,0.2
2024-07-14T23:00,25.6,95,7.1,977.1,0.0,0.1
2024-07-15T00:00,25.5,95,5.6,976.7,0.0,0.1
2024-07-15T01:00,25.3,95,7.1,976.1,0.0,0.9
2024-07-15T02:00,25.3,96,6.8,975.7,0.0,1.2
2024-07-15T03:00,25.2,97,4.8,975.2,0.0,0.1
2024-07-15T04:00,25.0,98,5.3,975.3,0.0,0.0
2024-07-15T05:00,25.1,97,6.4,975.7,0.0,0.0
2024-07-15T06:00,25.6,93,6.5,976.8,9.4,0.1
2024-07-15T07:00,26.3,91,5.2,977.1,78.3,0.1
2024-07-15T08:00,27.9,83,3.1,977.3,301.4,0.1
2024-07-15T09:00,28.9,80,2.3,977.2,373.0,0.1
2024-07-15T10:00,30.1,76,3.0,976.7,412.1,0.2
2024-07-15T11:00,30.8,72,4.9,975.8,217.7,0.1
2024-07-15T12:00,30.8,72,5.4,975.2,82.5,0.2
2024-07-15T13:00,31.9,68,4.3,974.2,191.2,0.2
2024-07-15T14:00,30.6,74,4.3,973.7,197.1,3.7
2024-07-15T15:00,27.4,89,3.9,974.0,26.6,24.2
2024-07-15T16:00,27.7,87,2.5,973.0,128.8,3.8
2024-07-15T17:00,27.5,89,5.5,973.9,26.3,0.1
2024-07-15T18:00,27.1,94,2.9,975.6,15.3,1.0
2024-07-15T19:00,26.0,94,7.9,976.2,0.0,3.7
2024-07-15T20:00,25.6,95,3.3,976.2,0.0,0.0
2024-07-15T21:00,25.5,96,4.8,977.0,0.0,0.0
2024-07-15T22:00,25.4,97,3.2,977.3,0.0,0.0
2024-07-15T23:00,25.4,97,3.5,977.1,0.0,0.0
2024-07-16T00:00,25.5,96,4.4,976.5,0.0,0.0
2024-07-16T01:00,25.2,97,3.9,976.4,0.0,0.0
2024-07-16T02:00,25.1,96,5.9,976.2,0.0,0.4
2024-07-16T03:00,24.9,96,5.8,975.9,0.0,0.0
2024-07-16T04:00,25.0,96,6.8,976.1,0.0,0.0
2024-07-16T05:00,25.0,96,8.0,976.4,0.0,0.0
2024-07-16T06:00,25.4,95,8.4,976.5,18.9,0.1
2024-07-16T07:00,26.1,92,6.7,977.0,7.1,0.0
2024-07-16T08:00,27.2,88,5.8,977.6,50.3,0.2
2024-07-16T09:00,28.2,82,6.6,977.7,81.3,0.3
2024-07-16T10:00,29.4,81,4.3,977.7,382.6,0.2
2024-07-16T11:00,30.6,77,0.4,976.9,372.1,0.3
2024-07-16T12:00,30.2,76,2.6,976.0,27.2,0.2
2024-07-16T13:00,28.3,85,9.3,975.8,136.3,1.7
2024-07-16T14:00,28.7,84,8.5,975.3,140.1,0.6
2024-07-16T15:00,29.2,83,6.4,974.7,158.2,0.3
2024-07-16T16:00,29.5,81,8.9,974.3,190.0,0.3
2024-07-16T17:00,28.0,86,8.6,975.1,64.5,2.8
2024-07-16T18:00,28.6,82,5.0,975.3,61.4,0.0
2024-07-16T19:00,27.4,88,3.3,976.1,0.0,0.0
2024-07-16T20:00,27.0,95,1.1,976.6,0.0,0.0
2024-07-16T21:00,26.4,96,6.4,977.4,0.0,2.0
2024-07-16T22:00,26.3,95,6.3,977.6,0.0,0.8
2024-07-16T23:00,26.2,96,2.9,977.6,0.0,0.3
2024-07-17T00:00,26.1,96,5.9,977.1,0.0,0.1
2024-07-17T01:00,25.9,95,7.6,976.6,0.0,0.0
2024-07-17T02:00,25.6,96,8.0,976.4,0.0,0.0
2024-07-17T03:00,25.3,97,7.2,976.4,0.0,4.1
2024-07-17T04:00,25.1,97,10.2,976.7,0.0,10.6
2024-07-17T05:00,24.7,97,8.5,977.0,0.0,12.3
2024-07-17T06:00,25.8,95,6.1,978.1,0.0,2.2
2024-07-17T07:00,25.8,95,11.2,978.4,3.6,0.8
2024-07-17T08:00,26.4,91,14.8,979.2,10.1,2.0
2024-07-17T09:00,26.6,90,16.0,979.4,7.3,0.3
2024-07-17T10:00,26.9,88,15.9,979.1,11.9,0.1
2024-07-17T11:00,28.1,82,20.3,978.8,92.0,0.3
2024-07-17T12:00,27.9,82,20.3,978.2,43.2,0.2
2024-07-17T13:00,27.3,84,19.1,977.2,9.2,0.5
2024-07-17T14:00,27.6,84,15.9,977.0,19.7,0.3
2024-07-17T15:00,27.2,86,12.3,976.3,13.9,0.2
2024-07-17T16:00,26.8,92,8.9,976.2,3.2,4.2
2024-07-17T17:00,26.3,93,11.0,976.5,0.0,3.3
2024-07-17T18:00,25.9,94,9.1,977.3,0.0,2.7
2024-07-17T19:00,25.8,95,9.5,978.1,0.0,0.6
2024-07-17T20:00,25.7,94,10.3,978.6,0.0,0.0
2024-07-17T21:00,25.6,95,8.3,979.1,0.0,0.1
2024-07-17T22:00,25.5,96,8.2,979.5,0.0,0.2
2024-07-17T23:00,25.4,96,8.5,979.4,0.0,0.5
2024-07-18T00:00,25.3,96,9.5,978.7,0.0,0.2
2024-07-18T01:00,25.2,95,10.0,978.0,0.0,0.2
2024-07-18T02:00,25.0,96,9.7,977.7,0.0,1.2
2024-07-18T03:00,25.0,96,10.2,977.5,0.0,0.8
2024-07-18T04:00,25.0,95,11.3,977.3,0.0,0.3
2024-07-18T05:00,25.0,94,12.1,977.6,0.0,0.1
2024-07-18T06:00,25.2,95,9.1,978.6,0.0,4.1
2024-07-18T07:00,26.0,91,10.6,978.9,50.4,0.2
2024-07-18T08:00,26.1,93,13.8,979.2,32.3,0.5
2024-07-18T09:00,26.8,89,13.4,979.2,0.0,0.1
2024-07-18T10:00,28.8,80,17.3,979.1,137.9,0.1
2024-07-18T11:00,30.4,73,18.3,978.6,437.7,0.2
2024-07-18T12:00,28.9,80,13.4,977.7,78.4,2.2
2024-07-18T13:00,29.2,77,15.4,976.9,107.8,0.3
2024-07-18T14:00,29.1,77,16.9,975.8,58.0,0.0
2024-07-18T15:00,28.9,79,14.7,975.2,26.6,0.0
2024-07-18T16:00,28.1,83,15.2,975.3,9.7,0.2
2024-07-18T17:00,27.4,87,14.7,975.7,74.2,0.1
2024-07-18T18:00,27.9,85,6.0,976.7,92.7,0.0
2024-07-18T19:00,27.2,88,7.3,977.1,0.0,0.0
2024-07-18T20:00,26.9,88,8.4,977.4,0.0,0.0
2024-07-18T21:00,26.9,86,11.9,978.1,0.0,0.0
2024-07-18T22:00,26.8,85,13.3,978.4,0.0,0.0
2024-07-18T23:00,26.3,88,11.4,978.0,0.0,0.7
2024-07-19T00:00,25.6,93,11.0,978.0,0.0,3.4
2024-07-19T01:00,25.2,93,13.0,977.3,0.0,0.1
2024-07-19T02:00,25.0,93,11.6,976.6,0.0,0.0
2024-07-19T03:00,24.9,94,8.7,976.2,0.0,0.0
2024-07-19T04:00,25.1,94,11.5,975.8,0.0,0.0
2024-07-19T05:00,25.2,93,11.3,976.1,0.0,0.0
2024-07-19T06:00,25.4,92,14.0,977.1,0.0,0.1
2024-07-19T07:00,26.4,87,17.4,977.4,151.9,0.0
2024-07-19T08:00,27.7,80,20.1,977.7,258.9,0.0
2024-07-19T09:00,28.0,79,18.5,978.1,58.2,0.2
2024-07-19T10:00,27.9,81,17.9,977.3,65.4,0.1
2024-07-19T11:00,28.0,82,16.1,976.8,49.7,0.2
2024-07-19T12:00,28.2,79,17.4,976.1,5.0,0.2
2024-07-19T13:00,28.8,78,15.5,975.7,44.7,0.8
2024-07-19T14:00,29.9,73,18.1,974.7,183.8,0.2
2024-07-19T15:00,29.9,73,15.1,973.6,179.7,0.0
2024-07-19T16:00,30.1,72,13.2,973.3,96.7,0.0
2024-07-19T17:00,29.9,74,10.9,973.5,47.9,0.0
2024-07-19T18:00,28.2,80,12.6,975.1,124.0,0.0
2024-07-19T19:00,27.9,79,13.7,975.4,0.0,0.0
2024-07-19T20:00,27.4,81,13.8,976.0,0.0,0.0
2024-07-19T21:00,27.3,81,14.4,976.4,0.0,0.0
2024-07-19T22:00,27.0,83,12.6,977.1,0.0,0.9
2024-07-19T23:00,26.2,89,13.8,976.9,0.0,0.9
2024-07-20T00:00,25.7,91,15.3,976.3,0.0,4.1
2024-07-20T01:00,25.4,92,19.6,974.8,0.0,2.5
2024-07-20T02:00,25.5,92,17.0,974.9,0.0,1.0
2024-07-20T03:00,25.4,93,18.6,974.9,0.0,0.4
2024-07-20T04:00,25.3,92,21.4,974.7,0.0,1.9
2024-07-20T05:00,25.1,91,21.8,974.7,0.0,2.0
2024-07-20T06:00,24.9,92,34.9,973.3,0.0,11.5
2024-07-20T07:00,24.8,94,10.8,974.7,0.0,30.3
2024-07-20T08:00,24.8,91,12.0,976.7,0.0,103.6
2024-07-20T09:00,24.7,91,5.5,976.4,0.0,64.1
2024-07-20T10:00,24.8,96,9.4,977.5,0.0,38.5
2024-07-20T11:00,24.7,94,13.1,976.6,0.0,19.8
2024-07-20T12:00,24.7,93,21.7,975.5,0.0,4.8
2024-07-20T13:00,25.6,95,16.5,974.9,45.8,4.4
2024-07-20T14:00,25.3,92,22.7,974.1,0.0,2.5
2024-07-20T15:00,26.8,89,16.2,973.9,148.1,2.8
2024-07-20T16:00,26.1,92,15.9,974.3,119.3,8.7
2024-07-20T17:00,25.9,93,14.4,974.3,0.0,6.8
2024-07-20T18:00,26.0,90,16.3,975.5,15.6,0.1
2024-07-20T19:00,25.3,94,16.1,975.7,0.0,4.2
2024-07-20T20:00,25.1,94,16.2,976.5,0.0,18.4
2024-07-20T21:00,25.2,93,18.8,976.8,0.0,1.0
2024-07-20T22:00,25.1,94,19.8,977.0,0.0,3.2
2024-07-20T23:00,25.1,93,20.9,976.4,0.0,5.5
2024-07-21T00:00,25.2,93,20.1,975.7,0.0,0.7
2024-07-21T01:00,25.2,93,18.0,975.5,0.0,1.8
2024-07-21T02:00,25.1,92,18.1,975.2,0.0,4.2
2024-07-21T03:00,24.8,92,19.1,974.8,0.0,5.9
2024-07-21T04:00,24.6,92,22.4,974.6,0.0,9.5
2024-07-21T05:00,24.5,92,20.5,975.1,0.0,7.0
2024-07-21T06:00,24.5,92,22.1,976.2,0.0,8.9
2024-07-21T07:00,24.5,92,21.0,976.7,0.0,4.1
2024-07-21T08:00,24.8,92,18.7,976.9,8.1,1.1
2024-07-21T09:00,25.5,89,21.2,977.5,16.0,1.3
2024-07-21T10:00,25.1,92,19.8,977.7,0.0,2.0
2024-07-21T11:00,25.6,90,19.8,977.4,1.1,1.1
2024-07-21T12:00,26.1,90,18.1,977.1,27.2,3.8
2024-07-21T13:00,26.0,92,18.0,976.3,5.1,5.5
2024-07-21T14:00,26.2,91,20.0,975.7,19.7,2.4
2024-07-21T15:00,26.7,88,17.7,975.0,5.1,0.4
2024-07-21T16:00,27.1,87,15.9,975.3,75.8,1.5
2024-07-21T17:00,26.4,91,16.2,975.4,0.0,1.5
2024-07-21T18:00,26.1,90,16.2,975.7,0.0,0.5
2024-07-21T19:00,25.7,93,12.9,976.6,0.0,0.7
2024-07-21T20:00,25.6,93,14.6,977.1,0.0,0.9
2024-07-21T21:00,25.5,93,17.8,977.5,0.0,3.2
2024-07-21T22:00,25.4,93,15.8,978.0,0.0,5.6
2024-07-21T23:00,25.2,93,15.6,977.7,0.0,2.9
2024-07-22T00:00,25.1,93,18.4,977.3,0.0,0.9
2024-07-22T01:00,24.9,93,16.6,977.0,0.0,2.0
2024-07-22T02:00,24.8,93,17.1,976.4,0.0,2.3
2024-07-22T03:00,24.9,94,18.6,976.1,0.0,3.2
2024-07-22T04:00,24.9,93,17.3,976.1,0.0,1.7
2024-07-22T05:00,24.8,93,16.2,976.7,0.0,3.1
2024-07-22T06:00,24.8,92,13.7,978.5,0.0,2.3
2024-07-22T07:00,25.2,92,14.5,978.7,7.3,1.7
2024-07-22T08:00,26.1,88,16.9,979.4,81.3,0.7
2024-07-22T09:00,26.2,87,18.2,979.6,8.8,0.3
2024-07-22T10:00,27.2,82,22.0,979.9,98.8,0.3
2024-07-22T11:00,27.8,79,23.1,979.7,89.9,0.3
2024-07-22T12:00,28.2,77,23.5,979.3,100.6,0.1
2024-07-22T13:00,28.2,78,21.8,978.6,85.4,0.2
2024-07-22T14:00,28.2,79,21.7,977.8,105.1,0.2
2024-07-22T15:00,28.0,80,19.8,977.5,55.7,0.3
2024-07-22T16:00,27.2,85,19.9,977.5,27.4,0.8
2024-07-22T17:00,26.7,88,17.7,977.5,0.0,1.1
2024-07-22T18:00,26.1,91,13.2,978.1,0.0,1.6
2024-07-22T19:00,26.0,90,16.7,978.7,0.0,2.7
2024-07-22T20:00,25.8,90,17.8,979.0,0.0,1.9
2024-07-22T21:00,25.6,90,18.2,979.7,0.0,1.8
2024-07-22T22:00,25.4,90,18.0,980.5,0.0,2.3
2024-07-22T23:00,25.2,91,16.9,980.2,0.0,2.3
2024-07-23T00:00,25.0,92,17.5,979.5,0.0,1.1
2024-07-23T01:00,24.9,92,15.4,979.2,0.0,1.6
2024-07-23T02:00,24.7,92,16.0,978.9,0.0,0.7
2024-07-23T03:00,24.6,92,14.8,979.0,0.0,1.5
2024-07-23T04:00,24.4,92,16.6,978.8,0.0,0.7
2024-07-23T05:00,24.4,92,15.9,978.8,0.0,0.6
2024-07-23T06:00,25.0,90,14.2,979.5,19.6,0.0
2024-07-23T07:00,26.1,86,17.1,980.5,102.9,0.0
2024-07-23T08:00,26.9,82,18.3,980.8,14.2,0.0
2024-07-23T09:00,26.9,85,14.0,981.2,11.7,1.7
2024-07-23T10:00,27.3,83,16.5,981.1,9.5,0.1
2024-07-23T11:00,27.7,81,16.1,980.7,4.2,0.0
2024-07-23T12:00,27.5,83,17.0,980.1,16.1,0.3
2024-07-23T13:00,27.3,86,17.5,979.1,16.3,1.9
2024-07-23T14:00,27.3,84,19.7,978.1,73.3,0.6
2024-07-23T15:00,27.2,84,21.4,977.7,82.3,0.5
2024-07-23T16:00,26.8,87,20.1,977.4,6.5,0.5
2024-07-23T17:00,26.5,89,19.0,977.6,0.0,0.5
2024-07-23T18:00,26.0,88,17.7,978.3,0.0,0.2
2024-07-23T19:00,25.5,92,17.2,978.8,0.0,0.6
2024-07-23T20:00,25.3,92,15.6,979.0,0.0,0.9
2024-07-23T21:00,25.3,93,14.2,979.4,0.0,0.3
2024-07-23T22:00,25.2,93,15.2,979.8,0.0,0.5
2024-07-23T23:00,25.1,92,15.5,979.2,0.0,0.2
2024-07-24T00:00,25.1,91,15.8,978.7,0.0,0.1
2024-07-24T01:00,24.8,93,17.6,977.7,0.0,0.3
2024-07-24T02:00,24.7,93,16.8,977.3,0.0,1.4
2024-07-24T03:00,24.6,92,16.1,977.0,0.0,0.8
2024-07-24T04:00,24.6,92,17.1,976.9,0.0,0.9
2024-07-24T05:00,24.4,93,17.6,976.9,0.0,0.5
2024-07-24T06:00,24.5,93,15.2,977.5,0.0,1.9
2024-07-24T07:00,24.6,93,14.2,977.7,0.0,2.1
2024-07-24T08:00,24.7,93,16.1,978.0,0.0,2.1
2024-07-24T09:00,24.8,93,17.2,978.1,0.0,3.3
2024-07-24T10:00,25.3,92,21.0,978.2,0.0,2.0
2024-07-24T11:00,25.4,92,20.3,977.7,0.0,1.7
2024-07-24T12:00,25.7,91,20.9,977.2,3.0,3.0
2024-07-24T13:00,25.7,91,21.0,976.5,2.0,1.8
2024-07-24T14:00,25.5,91,20.9,975.8,5.5,2.2
2024-07-24T15:00,25.5,91,20.5,975.1,19.0,1.5
2024-07-24T16:00,25.6,91,19.2,974.8,16.2,1.6
2024-07-24T17:00,25.2,91,17.8,974.7,26.6,3.8
2024-07-24T18:00,24.9,92,15.3,975.6,0.0,2.0
2024-07-24T19:00,24.7,92,13.6,976.1,0.0,1.2
2024-07-24T20:00,24.6,92,13.9,976.5,0.0,0.8
2024-07-24T21:00,24.6,92,13.6,977.3,0.0,0.9
2024-07-24T22:00,24.5,92,14.6,977.5,0.0,0.9
2024-07-24T23:00,24.4,93,15.7,977.0,0.0,0.5
2024-07-25T00:00,24.4,93,14.3,976.4,0.0,0.4
2024-07-25T01:00,24.3,93,15.2,975.6,0.0,0.5
2024-07-25T02:00,24.3,93,15.9,975.4,0.0,2.2
2024-07-25T03:00,24.1,93,15.3,975.0,0.0,2.0
2024-07-25T04:00,24.1,93,16.1,975.1,0.0,2.4
2024-07-25T05:00,24.0,93,15.0,975.5,0.0,1.1
2024-07-25T06:00,24.3,94,13.9,975.5,0.0,2.4
2024-07-25T07:00,24.4,93,14.2,976.1,0.0,1.0
2024-07-25T08:00,24.8,92,14.5,976.7,2.0,0.3
2024-07-25T09:00,25.2,91,15.0,976.8,0.0,0.0
2024-07-25T10:00,26.4,86,18.9,976.7,29.8,0.2
2024-07-25T11:00,28.2,81,19.1,976.5,232.8,0.0
2024-07-25T12:00,29.5,73,20.6,975.7,344.0,0.0
2024-07-25T13:00,29.2,76,17.7,974.5,126.1,2.2
2024-07-25T14:00,28.5,79,20.5,974.0,237.5,1.2
2024-07-25T15:00,29.6,71,22.1,973.3,394.2,0.1
2024-07-25T16:00,29.5,71,20.8,973.1,331.5,0.0
2024-07-25T17:00,29.1,72,18.0,973.2,290.2,0.0
2024-07-25T18:00,25.7,89,17.2,974.9,16.0,0.2
2024-07-25T19:00,25.3,89,17.2,975.6,0.0,0.1
2024-07-25T20:00,25.1,89,16.6,976.4,0.0,0.0
2024-07-25T21:00,24.9,89,16.2,976.9,0.0,0.0
2024-07-25T22:00,24.9,89,16.0,977.3,0.0,0.0
2024-07-25T23:00,24.8,89,16.0,976.9,0.0,0.1
2024-07-26T00:00,24.7,90,14.5,976.4,0.0,0.0
2024-07-26T01:00,24.5,90,14.5,976.1,0.0,0.0
2024-07-26T02:00,24.6,87,15.8,976.0,0.0,0.0
2024-07-26T03:00,24.6,87,15.5,975.9,0.0,0.0
2024-07-26T04:00,24.7,86,15.9,976.0,0.0,0.0
2024-07-26T05:00,24.9,85,16.6,976.4,0.0,0.0
2024-07-26T06:00,25.5,86,13.7,976.3,0.0,0.0
2024-07-26T07:00,26.0,85,14.5,977.2,11.2,0.0
2024-07-26T08:00,26.9,82,15.3,977.3,12.3,0.0
2024-07-26T09:00,27.6,78,22.0,977.6,57.1,0.1
2024-07-26T10:00,28.5,74,22.3,977.6,149.0,0.1
2024-07-26T11:00,29.2,73,22.7,977.6,381.0,0.2
2024-07-26T12:00,29.5,71,22.0,976.7,290.7,0.1
2024-07-26T13:00,30.1,69,21.6,975.9,255.2,0.1
2024-07-26T14:00,30.4,67,22.7,975.0,250.7,0.0
2024-07-26T15:00,28.6,76,20.5,974.7,120.5,1.1
2024-07-26T16:00,28.2,84,16.6,974.1,89.0,0.6
2024-07-26T17:00,27.9,82,17.3,974.6,174.5,0.4
2024-07-26T18:00,26.7,87,15.9,975.8,16.1,0.1
2024-07-26T19:00,26.3,88,14.1,976.4,0.0,0.1
2024-07-26T20:00,26.0,88,13.8,977.1,0.0,0.1
2024-07-26T21:00,25.8,88,14.4,978.1,0.0,0.2
2024-07-26T22:00,25.4,92,14.2,978.3,0.0,0.6
2024-07-26T23:00,25.1,92,17.1,977.8,0.0,0.9
2024-07-27T00:00,25.0,93,16.2,977.4,0.0,0.4
2024-07-27T01:00,25.1,91,17.0,976.9,0.0,0.1
2024-07-27T02:00,25.0,91,16.6,976.6,0.0,0.1
2024-07-27T03:00,24.7,92,16.2,976.4,0.0,0.3
2024-07-27T04:00,24.5,92,18.0,976.1,0.0,0.7
2024-07-27T05:00,24.4,92,17.0,976.4,0.0,1.0
2024-07-27T06:00,24.9,92,19.2,977.0,0.0,0.5
2024-07-27T07:00,25.1,92,17.9,977.7,0.0,0.7
2024-07-27T08:00,25.5,91,19.2,978.0,0.0,0.8
2024-07-27T09:00,25.6,91,18.8,978.0,0.0,1.3
2024-07-27T10:00,25.8,91,21.7,977.8,0.0,1.2
2024-07-27T11:00,25.6,91,19.8,977.4,0.0,1.4
2024-07-27T12:00,25.9,92,19.1,977.4,2.0,2.2
2024-07-27T13:00,25.4,92,20.9,976.0,0.0,2.7
2024-07-27T14:00,25.4,92,19.9,975.2,1.1,2.3
2024-07-27T15:00,25.5,92,15.1,975.3,0.0,1.7
2024-07-27T16:00,25.6,92,19.8,974.8,0.0,2.0
2024-07-27T17:00,25.5,92,16.2,974.8,0.0,3.0
2024-07-27T18:00,25.3,93,16.6,975.7,0.0,2.0
2024-07-27T19:00,25.2,93,14.8,976.4,0.0,2.2
2024-07-27T20:00,25.1,93,17.3,976.7,0.0,1.8
2024-07-27T21:00,25.1,93,16.9,977.4,0.0,1.5
2024-07-27T22:00,25.0,92,16.9,977.4,0.0,1.4
2024-07-27T23:00,24.9,92,14.9,976.9,0.0,1.0
2024-07-28T00:00,24.7,93,12.6,976.9,0.0,0.8
2024-07-28T01:00,24.6,94,14.8,976.1,0.0,1.3
2024-07-28T02:00,24.5,94,16.9,975.6,0.0,0.4
2024-07-28T03:00,24.4,94,16.9,975.2,0.0,0.5
2024-07-28T04:00,24.4,93,17.3,975.2,0.0,0.8
2024-07-28T05:00,24.3,93,19.4,975.4,0.0,1.1
2024-07-28T06:00,24.9,90,17.3,975.6,30.3,0.2
2024-07-28T07:00,25.4,89,18.3,976.3,56.2,0.1
2024-07-28T08:00,25.9,87,18.9,976.6,110.8,1.1
2024-07-28T09:00,25.5,90,17.9,976.5,0.0,1.3
2024-07-28T10:00,25.5,91,18.6,976.0,0.0,1.0
2024-07-28T11:00,26.4,90,18.1,975.7,117.5,6.5
2024-07-28T12:00,26.1,91,19.0,975.0,0.0,6.3
2024-07-28T13:00,26.0,91,21.9,974.4,29.5,8.2
2024-07-28T14:00,26.0,91,19.6,973.9,73.4,10.4
2024-07-28T15:00,26.1,91,19.9,973.6,203.1,6.0
2024-07-28T16:00,25.9,92,18.7,973.3,76.2,2.6
2024-07-28T17:00,25.9,91,18.1,973.4,148.5,2.2
2024-07-28T18:00,25.3,88,16.7,974.2,0.0,0.1
2024-07-28T19:00,24.8,88,15.9,974.7,0.0,0.1
2024-07-28T20:00,24.6,88,15.1,975.2,0.0,0.2
2024-07-28T21:00,24.7,88,14.1,975.8,0.0,0.1
2024-07-28T22:00,25.0,86,13.2,976.0,0.0,0.0
2024-07-28T23:00,25.2,86,12.8,975.9,0.0,0.0
2024-07-29T00:00,25.2,86,12.4,975.4,0.0,0.0
2024-07-29T01:00,25.3,85,12.2,974.9,0.0,0.0
2024-07-29T02:00,25.3,86,10.7,975.1,0.0,0.0
2024-07-29T03:00,25.2,87,9.7,975.0,0.0,0.0
2024-07-29T04:00,25.1,88,10.2,975.4,0.0,0.2
2024-07-29T05:00,25.2,87,10.2,975.7,0.0,0.0
2024-07-29T06:00,25.0,91,11.1,976.0,20.3,0.0
2024-07-29T07:00,25.8,87,13.6,976.8,71.4,0.0
2024-07-29T08:00,26.2,86,12.1,977.5,0.0,0.0
2024-07-29T09:00,27.0,83,10.8,977.6,35.2,0.0
2024-07-29T10:00,27.6,80,11.5,977.4,22.7,0.0
2024-07-29T11:00,28.3,74,10.6,976.9,11.6,0.0
2024-07-29T12:00,29.9,69,11.2,976.4,85.5,0.0
2024-07-29T13:00,31.5,63,12.6,975.7,418.0,0.0
2024-07-29T14:00,32.3,58,10.8,975.0,488.6,0.0
2024-07-29T15:00,32.7,57,9.5,974.5,534.6,0.1
2024-07-29T16:00,32.5,57,8.5,974.1,529.3,0.1
2024-07-29T17:00,31.3,64,7.1,974.4,314.8,0.2
2024-07-29T18:00,29.1,74,2.4,976.5,147.5,0.0
2024-07-29T19:00,27.2,81,11.6,977.3,0.0,0.0
2024-07-29T20:00,26.3,86,6.6,978.2,0.0,0.1
2024-07-29T21:00,26.0,91,2.7,978.8,0.0,0.1
2024-07-29T22:00,25.8,91,4.7,979.5,0.0,1.2
2024-07-29T23:00,25.4,94,3.0,979.1,0.0,0.3
2024-07-30T00:00,25.4,93,7.4,978.8,0.0,0.0
2024-07-30T01:00,25.4,94,5.4,978.6,0.0,0.0
2024-07-30T02:00,25.2,95,4.6,978.2,0.0,0.0
2024-07-30T03:00,25.0,96,3.9,978.2,0.0,0.0
2024-07-30T04:00,24.6,97,5.2,978.5,0.0,0.0
2024-07-30T05:00,24.6,96,5.7,978.9,0.0,0.0
2024-07-30T06:00,25.7,94,5.6,979.7,0.0,0.0
2024-07-30T07:00,26.8,89,4.9,980.3,249.1,0.0
2024-07-30T08:00,28.0,81,10.3,980.9,413.4,0.0
2024-07-30T09:00,29.1,74,14.3,981.2,491.5,0.0
2024-07-30T10:00,30.2,69,13.5,981.1,491.7,0.0
2024-07-30T11:00,31.2,64,13.7,980.5,572.8,0.1
2024-07-30T12:00,31.8,65,13.0,980.1,504.1,0.1
2024-07-30T13:00,31.9,64,13.1,979.4,492.4,0.0
2024-07-30T14:00,29.8,73,16.3,978.8,181.9,0.8
2024-07-30T15:00,29.5,78,8.7,978.5,261.8,0.2
2024-07-30T16:00,29.9,76,8.2,978.1,169.1,0.0
2024-07-30T17:00,30.0,74,5.1,978.1,97.9,0.0
2024-07-30T18:00,28.4,84,1.8,979.7,82.6,0.4
2024-07-30T19:00,26.9,91,5.1,980.6,0.0,2.4
2024-07-30T20:00,26.7,93,3.9,981.0,0.0,0.1
2024-07-30T21:00,26.5,92,6.4,981.8,0.0,0.1
2024-07-30T22:00,26.2,92,7.9,981.7,0.0,0.0
2024-07-30T23:00,25.8,91,8.4,981.6,0.0,0.0
2024-07-31T00:00,25.6,91,8.8,981.2,0.0,0.0
2024-07-31T01:00,25.3,91,11.2,980.7,0.0,0.6
2024-07-31T02:00,24.8,95,10.4,980.9,0.0,2.2
2024-07-31T03:00,25.1,94,11.0,980.8,0.0,1.2
2024-07-31T04:00,25.1,94,10.1,981.0,0.0,0.8
2024-07-31T05:00,25.1,95,9.8,981.3,0.0,0.2
2024-07-31T06:00,25.5,93,13.0,981.1,10.3,0.0
2024-07-31T07:00,26.5,87,15.1,982.1,109.8,0.0
2024-07-31T08:00,26.8,87,13.3,982.5,18.5,0.3
2024-07-31T09:00,26.8,87,13.8,982.8,20.6,0.1
2024-07-31T10:00,28.5,81,13.7,982.6,167.1,0.1
2024-07-31T11:00,30.1,74,14.1,982.2,278.5,0.0
2024-07-31T12:00,28.9,76,14.1,981.8,51.3,0.5
2024-07-31T13:00,28.6,78,13.4,980.7,32.6,0.1
2024-07-31T14:00,29.2,75,15.1,979.6,65.8,0.0
2024-07-31T15:00,29.8,73,14.2,978.5,124.6,0.0
2024-07-31T16:00,29.6,74,14.8,978.3,105.8,0.0
2024-07-31T17:00,29.1,77,12.0,978.7,142.3,0.0
2024-07-31T18:00,28.4,79,6.9,979.7,127.7,0.0
2024-07-31T19:00,27.6,82,7.9,980.4,0.0,0.0
2024-07-31T20:00,27.2,84,5.1,980.8,0.0,0.0
2024-07-31T21:00,26.9,86,4.9,981.6,0.0,0.0
2024-07-31T22:00,26.9,85,7.6,981.6,0.0,0.0
2024-07-31T23:00,26.5,84,12.1,981.4,0.0,0.5
2024-08-01T00:00,25.2,96,10.3,981.2,0.0,5.7
2024-08-01T01:00,25.3,95,10.9,980.5,0.0,1.2
2024-08-01T02:00,25.0,95,11.7,980.1,0.0,1.4
2024-08-01T03:00,25.0,95,13.0,980.0,0.0,0.5
2024-08-01T04:00,24.9,95,13.3,980.2,0.0,0.9
2024-08-01T05:00,24.9,94,12.3,980.7,0.0,0.5
2024-08-01T06:00,25.1,95,11.2,980.6,0.0,1.2
2024-08-01T07:00,25.4,94,12.2,981.0,0.0,1.0
2024-08-01T08:00,25.7,94,13.0,981.2,0.0,1.7
2024-08-01T09:00,25.9,93,14.1,981.9,5.9,1.7
2024-08-01T10:00,26.0,92,14.3,982.1,4.8,1.3
2024-08-01T11:00,26.3,91,14.9,981.7,5.3,1.1
2024-08-01T12:00,26.3,91,13.6,981.2,1.0,1.4
2024-08-01T13:00,26.2,92,11.7,980.2,0.0,1.8
2024-08-01T14:00,26.4,92,11.3,979.6,2.2,1.0
2024-08-01T15:00,27.1,87,13.2,979.1,38.2,0.7
2024-08-01T16:00,27.2,88,11.0,978.9,29.3,0.3
2024-08-01T17:00,27.3,87,12.4,979.3,61.5,0.2
2024-08-01T18:00,26.3,93,7.5,980.1,0.0,1.1
2024-08-01T19:00,25.2,94,6.5,980.6,0.0,5.9
2024-08-01T20:00,25.4,94,9.0,980.8,0.0,1.1
2024-08-01T21:00,25.5,94,11.3,981.5,0.0,0.4
2024-08-01T22:00,25.4,93,15.0,981.6,0.0,0.5
2024-08-01T23:00,25.0,94,13.3,981.4,0.0,0.9
2024-08-02T00:00,24.9,94,13.5,980.9,0.0,1.9
2024-08-02T01:00,24.9,94,14.8,980.3,0.0,2.2
2024-08-02T02:00,24.7,94,15.5,979.9,0.0,1.3
2024-08-02T03:00,24.5,94,13.0,979.7,0.0,1.0
2024-08-02T04:00,24.6,94,13.1,980.0,0.0,2.8
2024-08-02T05:00,24.6,94,12.7,980.3,0.0,1.7
2024-08-02T06:00,24.8,94,12.1,980.1,0.0,0.4
2024-08-02T07:00,25.3,92,13.4,980.6,0.0,0.1
2024-08-02T08:00,26.5,84,18.5,981.0,62.0,0.0
2024-08-02T09:00,27.4,80,18.6,981.1,98.5,0.0
2024-08-02T10:00,28.8,73,21.0,980.9,250.8,0.2
2024-08-02T11:00,29.1,72,19.9,980.5,164.2,0.3
2024-08-02T12:00,28.1,77,14.8,980.0,16.1,0.5
2024-08-02T13:00,28.0,81,10.0,979.1,15.3,0.5
2024-08-02T14:00,27.6,83,8.0,978.7,8.8,0.5
2024-08-02T15:00,26.9,87,10.7,978.7,0.0,2.1
2024-08-02T16:00,26.1,91,10.2,978.9,26.1,1.8
2024-08-02T17:00,25.8,92,10.1,979.3,0.0,1.3
2024-08-02T18:00,25.7,92,14.3,979.7,0.0,2.7
2024-08-02T19:00,25.4,93,12.2,980.3,0.0,1.7
2024-08-02T20:00,25.3,93,12.2,981.0,0.0,1.2
2024-08-02T21:00,25.1,92,12.2,981.8,0.0,1.0
2024-08-02T22:00,25.1,93,11.0,982.0,0.0,1.3
2024-08-02T23:00,25.0,93,11.8,981.7,0.0,1.3
2024-08-03T00:00,25.0,94,10.8,981.2,0.0,0.9
2024-08-03T01:00,25.0,94,9.3,980.7,0.0,0.8
2024-08-03T02:00,24.9,94,9.9,980.2,0.0,0.9
2024-08-03T03:00,24.8,93,11.0,980.2,0.0,0.5
2024-08-03T04:00,24.7,93,11.9,980.5,0.0,0.3
2024-08-03T05:00,24.5,93,11.1,980.9,0.0,0.7
2024-08-03T06:00,24.5,93,12.0,981.1,0.0,1.9
2024-08-03T07:00,24.6,92,13.8,981.6,0.0,1.2
2024-08-03T08:00,24.7,92,14.0,981.8,0.0,1.1
2024-08-03T09:00,25.3,91,13.8,982.5,14.7,0.7
2024-08-03T10:00,26.0,86,14.2,982.5,0.0,0.1
2024-08-03T11:00,28.2,76,18.1,982.2,112.3,0.7
2024-08-03T12:00,27.7,78,15.0,981.7,0.0,0.0
2024-08-03T13:00,27.8,77,12.3,981.4,4.1,0.0
2024-08-03T14:00,28.1,76,10.6,980.5,5.5,0.0
2024-08-03T15:00,27.9,77,15.3,979.8,3.8,0.1
2024-08-03T16:00,27.1,80,14.0,979.7,1.6,0.3
2024-08-03T17:00,26.6,84,11.7,979.6,0.0,0.3
2024-08-03T18:00,26.3,83,12.6,980.3,0.0,0.0
2024-08-03T19:00,26.1,83,14.3,981.0,0.0,0.0
2024-08-03T20:00,26.0,83,13.7,981.9,0.0,0.0
2024-08-03T21:00,25.8,85,11.0,982.7,0.0,0.9
2024-08-03T22:00,25.7,86,11.0,983.4,0.0,0.2
2024-08-03T23:00,25.4,89,9.2,983.1,0.0,0.2
2024-08-04T00:00,25.1,92,8.7,982.3,0.0,0.2
2024-08-04T01:00,25.0,93,10.0,981.4,0.0,0.3
2024-08-04T02:00,24.9,91,11.1,981.2,0.0,0.2
2024-08-04T03:00,24.6,92,11.9,981.1,0.0,0.5
2024-08-04T04:00,24.5,92,10.2,981.2,0.0,0.7
2024-08-04T05:00,24.3,92,10.2,981.4,0.0,2.7
2024-08-04T06:00,25.3,90,11.2,981.6,0.0,0.1
2024-08-04T07:00,25.8,88,12.4,982.2,0.0,0.0
2024-08-04T08:00,26.4,84,13.0,982.8,4.1,0.0
2024-08-04T09:00,27.2,80,15.4,983.3,10.3,0.1
2024-08-04T10:00,28.7,75,17.8,983.5,233.1,0.2
2024-08-04T11:00,29.2,72,21.7,983.2,302.0,0.1
2024-08-04T12:00,28.0,78,18.3,982.6,34.2,2.3
2024-08-04T13:00,29.9,72,16.3,981.3,279.1,0.0
2024-08-04T14:00,27.8,80,22.5,980.5,430.6,2.7
2024-08-04T15:00,27.7,83,11.1,979.8,132.7,0.2
2024-08-04T16:00,28.5,81,10.4,979.6,72.1,0.3
2024-08-04T17:00,26.8,84,19.5,980.3,67.1,2.0
2024-08-04T18:00,26.9,83,10.9,981.1,0.0,0.6
2024-08-04T19:00,26.6,82,11.5,982.0,0.0,0.0
2024-08-04T20:00,26.1,84,10.4,983.0,0.0,0.0
2024-08-04T21:00,25.6,87,8.0,983.8,0.0,0.1
2024-08-04T22:00,25.3,90,6.6,984.3,0.0,0.1
2024-08-04T23:00,25.2,91,6.8,984.0,0.0,0.1
2024-08-05T00:00,24.9,92,6.7,983.8,0.0,0.2
2024-08-05T01:00,24.9,92,7.2,983.4,0.0,0.1
2024-08-05T02:00,24.6,94,6.8,983.1,0.0,0.3
2024-08-05T03:00,24.6,94,8.4,982.8,0.0,0.5
2024-08-05T04:00,24.4,94,8.6,982.9,0.0,0.1
2024-08-05T05:00,24.3,93,8.3,982.8,0.0,1.8
2024-08-05T06:00,25.1,92,7.2,983.5,21.1,0.0
2024-08-05T07:00,25.9,89,5.3,984.5,123.4,0.0
2024-08-05T08:00,27.0,83,7.8,984.7,188.7,0.0
2024-08-05T09:00,27.6,80,9.0,985.5,117.8,0.0
2024-08-05T10:00,27.9,78,10.7,985.2,3.6,0.0
2024-08-05T11:00,29.5,72,12.3,984.9,184.4,0.1
2024-08-05T12:00,30.1,68,13.7,983.9,219.5,0.1
2024-08-05T13:00,29.9,72,11.7,982.9,169.1,0.1
2024-08-05T14:00,28.8,77,6.6,982.1,131.9,5.2
2024-08-05T15:00,28.5,79,4.4,981.1,39.6,0.0
2024-08-05T16:00,28.4,80,6.5,981.1,54.2,0.1
2024-08-05T17:00,28.5,79,4.3,981.3,182.2,0.1
2024-08-05T18:00,27.5,84,5.8,982.0,64.1,0.0
2024-08-05T19:00,26.6,87,6.3,982.7,0.0,0.0
2024-08-05T20:00,25.8,91,4.0,983.5,0.0,0.0
2024-08-05T21:00,25.5,93,4.3,984.2,0.0,0.0
2024-08-05T22:00,25.5,93,5.2,984.3,0.0,0.0
2024-08-05T23:00,25.1,96,4.1,984.1,0.0,0.0
2024-08-06T00:00,25.1,95,6.2,983.6,0.0,0.0
2024-08-06T01:00,25.1,93,7.3,983.0,0.0,0.0
2024-08-06T02:00,25.1,92,8.4,982.4,0.0,0.0
2024-08-06T03:00,25.1,90,9.5,982.1,0.0,0.0
2024-08-06T04:00,25.2,88,11.9,982.2,0.0,0.0
2024-08-06T05:00,25.0,89,11.2,982.2,0.0,0.0
2024-08-06T06:00,25.8,88,10.5,982.9,0.0,0.0
2024-08-06T07:00,26.5,85,12.6,983.7,61.9,0.1
2024-08-06T08:00,26.9,83,12.3,983.6,31.1,0.1
2024-08-06T09:00,27.9,78,16.7,983.7,185.6,0.1
2024-08-06T10:00,29.1,73,15.3,983.5,430.5,0.2
2024-08-06T11:00,29.8,71,14.6,983.2,367.9,0.1
2024-08-06T12:00,30.0,70,13.6,982.4,248.8,0.1
2024-08-06T13:00,30.1,70,13.3,981.4,153.9,0.0
2024-08-06T14:00,29.1,74,12.1,980.6,49.5,0.0
2024-08-06T15:00,28.7,75,11.2,980.3,44.8,0.1
2024-08-06T16:00,28.6,77,6.6,980.2,23.0,0.0
2024-08-06T17:00,28.2,80,5.4,980.6,7.5,0.1
2024-08-06T18:00,26.8,83,11.3,981.7,0.0,0.2
2024-08-06T19:00,25.7,87,7.4,981.9,0.0,0.1
2024-08-06T20:00,25.2,90,6.6,982.4,0.0,0.2
2024-08-06T21:00,25.1,90,8.4,983.3,0.0,0.2
2024-08-06T22:00,25.0,91,8.2,983.4,0.0,0.3
2024-08-06T23:00,24.8,94,8.6,983.1,0.0,0.2
2024-08-07T00:00,24.7,95,4.7,982.7,0.0,0.2
2024-08-07T01:00,24.7,95,5.9,982.3,0.0,1.2
2024-08-07T02:00,24.5,96,8.8,981.4,0.0,1.0
2024-08-07T03:00,24.4,96,10.1,981.1,0.0,1.0
2024-08-07T04:00,24.3,96,9.3,981.3,0.0,1.0
2024-08-07T05:00,24.3,95,10.1,981.6,0.0,0.8
2024-08-07T06:00,24.5,95,11.0,982.5,0.0,0.6
2024-08-07T07:00,25.0,91,13.0,983.0,23.3,0.3
2024-08-07T08:00,25.3,90,14.1,983.4,10.4,0.1
2024-08-07T09:00,25.7,87,14.8,983.8,7.4,0.1
2024-08-07T10:00,26.5,85,11.5,983.6,13.2,0.1
2024-08-07T11:00,27.9,82,11.9,983.3,145.3,0.2
2024-08-07T12:00,28.1,80,12.2,982.5,46.4,0.1
2024-08-07T13:00,26.4,89,7.7,981.8,0.0,2.3
2024-08-07T14:00,25.9,91,4.5,981.0,0.0,1.9
2024-08-07T15:00,26.3,91,3.7,980.2,17.9,1.4
2024-08-07T16:00,26.2,92,6.4,980.2,6.6,0.9
2024-08-07T17:00,25.7,93,12.3,980.9,0.0,1.4
2024-08-07T18:00,25.3,95,6.2,982.0,0.0,0.1
2024-08-07T19:00,25.0,95,7.3,982.3,0.0,0.1
2024-08-07T20:00,24.8,95,9.5,982.9,0.0,0.1
2024-08-07T21:00,24.7,94,11.3,983.2,0.0,0.1
2024-08-07T22:00,24.5,94,11.4,983.7,0.0,0.2
2024-08-07T23:00,24.6,94,13.3,983.4,0.0,0.7
2024-08-08T00:00,24.6,95,11.2,983.1,0.0,0.5
2024-08-08T01:00,24.5,95,11.5,982.5,0.0,0.4
2024-08-08T02:00,24.2,95,13.7,981.9,0.0,0.5
2024-08-08T03:00,24.1,95,12.1,982.0,0.0,0.8
2024-08-08T04:00,24.0,96,8.7,982.4,0.0,1.3
2024-08-08T05:00,24.0,96,9.7,982.7,0.0,1.3
2024-08-08T06:00,24.6,94,12.3,982.9,0.0,0.1
2024-08-08T07:00,25.2,92,12.6,983.7,23.4,0.0
2024-08-08T08:00,25.9,88,14.1,984.3,22.9,0.0
2024-08-08T09:00,27.2,83,14.5,984.7,169.6,0.0
2024-08-08T10:00,27.9,79,16.1,984.7,180.7,0.1
2024-08-08T11:00,27.7,79,14.0,984.3,46.7,0.1
2024-08-08T12:00,28.2,77,16.1,983.7,61.5,0.1
2024-08-08T13:00,28.5,76,14.7,982.6,34.7,0.1
2024-08-08T14:00,27.1,83,14.1,982.2,62.8,1.2
2024-08-08T15:00,28.1,82,10.0,981.4,110.3,0.2
2024-08-08T16:00,28.9,77,12.9,981.2,122.3,0.1
2024-08-08T17:00,27.3,86,10.3,981.8,45.5,1.3
2024-08-08T18:00,25.7,91,7.7,983.0,0.0,0.2
2024-08-08T19:00,25.3,92,6.5,983.5,0.0,0.2
2024-08-08T20:00,25.2,91,9.1,984.1,0.0,0.0
2024-08-08T21:00,24.9,92,7.2,984.7,0.0,0.0
2024-08-08T22:00,24.7,93,8.9,985.0,0.0,0.0
2024-08-08T23:00,24.6,93,8.7,984.6,0.0,0.0
2024-08-09T00:00,24.6,92,8.6,984.1,0.0,0.0
2024-08-09T01:00,24.6,91,10.2,983.6,0.0,0.0
2024-08-09T02:00,24.6,89,11.0,983.2,0.0,0.0
2024-08-09T03:00,24.4,88,10.4,983.3,0.0,0.0
2024-08-09T04:00,24.0,90,7.4,983.6,0.0,0.0
2024-08-09T05:00,23.8,91,6.8,983.9,0.0,0.0
2024-08-09T06:00,24.5,91,6.3,985.0,0.0,0.0
2024-08-09T07:00,25.5,88,6.9,985.8,132.9,0.0
2024-08-09T08:00,26.8,83,9.4,985.7,339.6,0.0
2024-08-09T09:00,28.1,75,13.4,985.9,404.3,0.1
2024-08-09T10:00,29.3,70,13.5,985.8,556.6,0.1
2024-08-09T11:00,30.2,66,14.2,985.3,684.3,0.1
2024-08-09T12:00,30.4,65,14.4,984.7,581.8,0.2
2024-08-09T13:00,31.0,63,13.2,983.8,523.6,0.2
2024-08-09T14:00,31.3,65,12.4,982.8,608.5,0.1
2024-08-09T15:00,31.2,66,11.8,982.1,425.0,0.1
2024-08-09T16:00,29.7,73,10.5,982.2,255.0,0.8
2024-08-09T17:00,29.7,75,6.8,982.5,190.4,0.0
2024-08-09T18:00,27.4,76,9.5,983.5,73.0,0.0
2024-08-09T19:00,26.6,79,7.7,984.1,0.0,0.0
2024-08-09T20:00,26.2,82,8.3,984.9,0.0,0.0
2024-08-09T21:00,25.7,86,5.4,985.6,0.0,0.0
2024-08-09T22:00,25.7,87,8.3,985.8,0.0,0.0
2024-08-09T23:00,25.7,86,9.8,985.3,0.0,0.0
2024-08-10T00:00,25.3,88,7.9,984.8,0.0,0.0
2024-08-10T01:00,24.8,90,6.5,984.4,0.0,0.0
2024-08-10T02:00,24.6,91,7.7,984.2,0.0,0.0
2024-08-10T03:00,24.5,92,9.0,984.0,0.0,0.0
2024-08-10T04:00,24.5,91,10.9,984.3,0.0,0.1
2024-08-10T05:00,24.3,91,10.2,984.6,0.0,0.2
2024-08-10T06:00,25.2,88,10.3,985.5,0.0,0.1
2024-08-10T07:00,25.9,85,12.6,985.7,113.7,0.0
2024-08-10T08:00,26.9,80,15.8,985.7,227.4,0.0
2024-08-10T09:00,28.2,76,12.6,986.1,392.8,0.0
2024-08-10T10:00,29.2,73,10.8,986.0,367.6,0.0
2024-08-10T11:00,30.3,69,11.2,985.5,478.6,0.0
2024-08-10T12:00,30.9,67,11.2,984.4,472.0,0.0
2024-08-10T13:00,31.1,66,12.2,983.1,599.5,0.1
2024-08-10T14:00,31.2,64,12.3,981.6,638.9,0.1
2024-08-10T15:00,31.6,61,11.9,981.1,617.1,0.0
2024-08-10T16:00,31.3,61,10.8,980.7,569.4,0.0
2024-08-10T17:00,30.9,65,7.4,981.0,477.0,0.0
2024-08-10T18:00,28.0,73,8.4,982.2,238.6,0.0
2024-08-10T19:00,27.1,78,6.9,982.8,0.0,0.0
2024-08-10T20:00,26.5,81,7.1,983.6,0.0,0.0
2024-08-10T21:00,26.1,83,6.9,984.4,0.0,0.0
2024-08-10T22:00,25.6,85,5.6,984.8,0.0,0.0
2024-08-10T23:00,25.2,87,5.9,984.6,0.0,0.0
2024-08-11T00:00,24.9,88,6.8,983.7,0.0,0.0
2024-08-11T01:00,24.8,89,6.9,983.0,0.0,0.0
2024-08-11T02:00,24.7,90,5.8,982.7,0.0,0.0
2024-08-11T03:00,24.9,89,9.8,982.6,0.0,0.0
2024-08-11T04:00,24.9,89,12.7,982.8,0.0,0.1
2024-08-11T05:00,24.0,96,12.3,983.2,0.0,5.9
2024-08-11T06:00,24.7,94,9.0,983.8,0.0,0.0
2024-08-11T07:00,25.4,90,11.8,984.2,66.9,0.1
2024-08-11T08:00,26.1,87,12.6,984.3,106.5,0.0
2024-08-11T09:00,27.2,81,12.2,984.6,190.6,0.1
2024-08-11T10:00,28.6,76,11.2,984.6,275.5,0.1
2024-08-11T11:00,29.2,73,11.9,983.7,224.0,0.1
2024-08-11T12:00,29.5,70,10.5,983.1,160.4,0.3
2024-08-11T13:00,30.2,71,12.8,982.2,429.2,0.1
2024-08-11T14:00,30.6,68,12.4,981.0,576.5,0.0
2024-08-11T15:00,30.1,67,13.4,980.5,191.9,0.0
2024-08-11T16:00,29.7,71,10.3,980.1,401.1,0.5
2024-08-11T17:00,29.5,72,8.3,979.9,364.0,0.0
2024-08-11T18:00,27.9,77,7.6,981.0,172.4,0.0
2024-08-11T19:00,27.1,80,5.7,981.7,0.0,0.0
2024-08-11T20:00,26.4,85,3.9,982.6,0.0,0.0
2024-08-11T21:00,26.1,85,4.6,983.1,0.0,0.0
2024-08-11T22:00,25.7,88,4.1,983.1,0.0,0.0
2024-08-11T23:00,25.3,90,4.0,982.8,0.0,0.0
2024-08-12T00:00,25.1,92,5.1,982.6,0.0,0.0
2024-08-12T01:00,25.4,90,6.1,982.3,0.0,0.0
2024-08-12T02:00,25.5,89,7.2,982.1,0.0,0.1
2024-08-12T03:00,25.2,90,6.6,981.9,0.0,0.0
2024-08-12T04:00,25.1,91,7.2,981.9,0.0,0.0
2024-08-12T05:00,24.7,92,6.5,982.9,0.0,0.0
2024-08-12T06:00,25.3,89,6.8,983.2,10.9,0.0
2024-08-12T07:00,26.4,86,8.4,983.9,177.6,0.0
2024-08-12T08:00,27.7,80,10.5,984.2,422.4,0.0
2024-08-12T09:00,28.9,75,10.7,984.6,464.2,0.0
2024-08-12T10:00,29.4,73,11.7,984.4,364.3,0.0
2024-08-12T11:00,30.4,69,12.1,983.9,603.1,0.1
2024-08-12T12:00,31.0,66,12.7,983.0,467.4,0.0
2024-08-12T13:00,30.6,67,11.9,982.0,217.8,0.3
2024-08-12T14:00,31.6,64,10.8,980.9,629.0,0.1
2024-08-12T15:00,31.6,63,10.5,980.2,575.2,0.1
2024-08-12T16:00,31.5,63,9.0,980.1,540.6,0.0
2024-08-12T17:00,30.9,68,5.4,980.0,417.3,0.0
2024-08-12T18:00,28.7,82,4.3,981.2,204.5,0.0
2024-08-12T19:00,27.5,85,5.8,981.4,0.0,0.0
2024-08-12T20:00,27.0,86,4.8,982.9,0.0,0.0
2024-08-12T21:00,26.5,89,5.6,983.4,0.0,0.0
2024-08-12T22:00,26.1,90,5.6,983.9,0.0,0.0
2024-08-12T23:00,26.0,88,4.5,983.4,0.0,0.0
2024-08-13T00:00,25.8,88,6.1,983.2,0.0,0.0
2024-08-13T01:00,25.5,89,5.9,983.0,0.0,0.0
2024-08-13T02:00,25.3,90,5.9,982.6,0.0,0.0
2024-08-13T03:00,24.9,91,5.4,982.4,0.0,0.0
2024-08-13T04:00,24.7,92,5.4,982.6,0.0,0.0
2024-08-13T05:00,24.4,94,4.8,983.3,0.0,0.0
2024-08-13T06:00,25.5,91,6.1,984.5,32.9,0.0
2024-08-13T07:00,26.8,86,6.2,984.9,277.2,0.0
2024-08-13T08:00,28.2,79,9.2,985.1,521.3,0.0
2024-08-13T09:00,29.2,74,9.2,985.6,538.4,0.2
2024-08-13T10:00,29.8,74,9.0,985.4,460.3,0.1
2024-08-13T11:00,30.9,70,8.5,984.7,564.1,0.0
2024-08-13T12:00,31.3,66,7.9,983.7,320.1,0.0
2024-08-13T13:00,31.4,66,7.3,982.7,201.6,0.1
2024-08-13T14:00,31.9,67,8.6,981.5,633.0,0.1
2024-08-13T15:00,32.0,66,6.8,980.8,532.2,0.1
2024-08-13T16:00,31.4,68,9.3,980.6,527.1,0.1
2024-08-13T17:00,30.0,74,8.7,980.6,266.7,0.0
2024-08-13T18:00,29.5,84,4.2,981.9,156.0,0.0
2024-08-13T19:00,29.7,73,1.3,982.9,0.0,0.0
2024-08-13T20:00,29.1,76,2.0,983.5,0.0,0.0
2024-08-13T21:00,27.6,88,4.8,984.2,0.0,0.0
2024-08-13T22:00,27.2,90,5.1,984.6,0.0,0.0
2024-08-13T23:00,26.8,90,4.1,984.0,0.0,0.0
2024-08-14T00:00,26.4,91,3.9,983.5,0.0,0.0
2024-08-14T01:00,26.1,93,3.4,982.9,0.0,0.0
2024-08-14T02:00,26.0,93,4.2,982.3,0.0,0.0
2024-08-14T03:00,25.8,93,4.6,982.2,0.0,0.0
2024-08-14T04:00,25.7,93,4.5,982.6,0.0,0.0
2024-08-14T05:00,25.5,93,4.7,982.9,0.0,0.0
2024-08-14T06:00,26.7,91,3.1,983.8,0.0,0.0
2024-08-14T07:00,27.8,87,4.2,984.4,170.9,0.0
2024-08-14T08:00,28.4,79,11.2,984.8,333.3,0.4
2024-08-14T09:00,29.0,78,5.9,985.5,106.6,0.0
2024-08-14T10:00,29.9,75,5.2,985.1,149.9,0.0
2024-08-14T11:00,30.6,72,5.6,984.6,237.0,0.1
2024-08-14T12:00,30.0,73,6.8,983.6,47.5,0.1
2024-08-14T13:00,29.8,75,8.6,982.9,19.5,0.2
2024-08-14T14:00,29.2,80,8.9,982.1,13.3,0.0
2024-08-14T15:00,29.2,78,3.6,981.6,23.3,0.1
2024-08-14T16:00,28.8,80,3.5,981.6,1.7,0.0
2024-08-14T17:00,28.5,81,0.8,981.7,0.0,0.1
2024-08-14T18:00,27.6,91,2.1,982.3,0.0,0.0
2024-08-14T19:00,26.8,92,4.5,982.5,0.0,0.0
2024-08-14T20:00,26.7,91,4.7,983.7,0.0,0.1
2024-08-14T21:00,26.6,92,3.3,984.6,0.0,0.0
2024-08-14T22:00,26.4,93,3.5,984.6,0.0,0.0
2024-08-14T23:00,26.0,96,3.9,984.3,0.0,0.0
2024-08-15T00:00,25.9,96,2.6,983.5,0.0,0.0
2024-08-15T01:00,25.7,97,3.1,982.7,0.0,0.0
2024-08-15T02:00,25.5,97,3.2,982.0,0.0,0.0
2024-08-15T03:00,25.4,98,3.7,981.8,0.0,0.0
2024-08-15T04:00,25.1,99,2.3,982.3,0.0,0.0
2024-08-15T05:00,25.2,99,0.8,983.0,0.0,0.0
2024-08-15T06:00,24.9,97,5.9,984.3,22.2,5.8
2024-08-15T07:00,25.2,96,8.3,984.3,19.9,0.5
2024-08-15T08:00,26.9,88,6.6,984.7,350.5,0.5
2024-08-15T09:00,28.2,84,5.9,985.0,348.0,0.2
2024-08-15T10:00,28.9,80,8.3,984.6,97.2,0.1
2024-08-15T11:00,29.9,74,8.0,983.8,60.6,0.1
2024-08-15T12:00,30.3,71,9.8,982.8,40.4,0.0
2024-08-15T13:00,31.0,68,10.5,981.8,116.8,0.0
2024-08-15T14:00,29.8,75,10.2,981.4,200.7,2.2
2024-08-15T15:00,28.8,81,6.5,981.0,77.8,0.8
2024-08-15T16:00,28.5,83,5.4,980.5,21.9,0.5
2024-08-15T17:00,28.2,85,5.0,980.8,26.2,0.0
2024-08-15T18:00,27.4,87,4.7,981.2,0.0,0.0
2024-08-15T19:00,27.0,88,6.1,982.0,0.0,0.1
2024-08-15T20:00,26.5,91,3.5,982.6,0.0,0.1
2024-08-15T21:00,26.4,93,4.9,983.4,0.0,0.7
2024-08-15T22:00,26.2,95,5.2,983.7,0.0,0.7
2024-08-15T23:00,26.1,96,5.3,983.6,0.0,0.6
2024-08-16T00:00,25.9,96,5.6,982.9,0.0,0.3
2024-08-16T01:00,25.8,96,3.8,982.1,0.0,0.4
2024-08-16T02:00,25.7,97,4.5,981.5,0.0,0.1
2024-08-16T03:00,25.3,98,3.6,981.4,0.0,0.0
2024-08-16T04:00,25.4,96,4.2,981.3,0.0,0.0
2024-08-16T05:00,25.0,98,5.4,981.5,0.0,0.0
2024-08-16T06:00,26.1,95,1.5,981.8,0.0,0.4
2024-08-16T07:00,26.9,89,2.5,982.6,120.0,0.1
2024-08-16T08:00,27.6,87,2.1,983.2,254.3,0.1
2024-08-16T09:00,28.5,85,4.3,983.9,128.9,0.3
2024-08-16T10:00,27.5,89,2.2,984.1,37.2,3.1
2024-08-16T11:00,27.0,89,0.7,983.9,2.1,0.9
2024-08-16T12:00,27.7,88,0.7,983.2,52.6,0.5
2024-08-16T13:00,28.1,89,5.5,982.1,49.2,0.4
2024-08-16T14:00,29.1,84,6.1,981.3,177.7,0.2
2024-08-16T15:00,29.1,81,6.4,980.8,170.1,0.1
2024-08-16T16:00,29.1,80,4.6,980.5,168.8,0.0
2024-08-16T17:00,28.6,81,5.1,980.1,92.2,0.0
2024-08-16T18:00,27.4,86,2.5,980.9,0.0,0.5
2024-08-16T19:00,26.8,93,3.8,982.1,0.0,0.8
2024-08-16T20:00,26.8,92,2.9,982.9,0.0,0.7
2024-08-16T21:00,26.7,93,1.9,983.7,0.0,0.7
2024-08-16T22:00,26.3,95,3.8,984.1,0.0,0.9
2024-08-16T23:00,26.1,96,2.1,983.9,0.0,0.4
2024-08-17T00:00,25.9,96,2.8,983.3,0.0,0.2
2024-08-17T01:00,25.8,96,2.3,983.0,0.0,0.2
2024-08-17T02:00,25.7,97,2.9,982.8,0.0,0.2
2024-08-17T03:00,25.6,98,2.1,982.5,0.0,0.3
2024-08-17T04:00,25.5,97,3.5,982.8,0.0,0.3
2024-08-17T05:00,25.4,98,3.6,983.2,0.0,0.0
2024-08-17T06:00,25.8,94,5.1,983.9,0.0,0.2
2024-08-17T07:00,26.3,89,4.7,984.6,0.0,0.1
2024-08-17T08:00,26.9,90,5.4,985.2,107.3,0.2
2024-08-17T09:00,25.2,93,9.4,985.9,34.1,4.9
2024-08-17T10:00,26.3,89,5.2,986.0,60.0,0.7
2024-08-17T11:00,27.2,85,5.8,985.3,29.8,0.2
2024-08-17T12:00,27.6,83,4.2,984.5,2.0,0.0
2024-08-17T13:00,28.0,81,5.6,983.3,1.0,0.0
2024-08-17T14:00,28.4,80,9.5,982.4,20.0,0.0
2024-08-17T15:00,28.1,81,8.7,981.6,22.1,0.0
2024-08-17T16:00,27.8,83,5.6,981.2,11.9,0.0
2024-08-17T17:00,28.0,82,3.8,981.5,98.0,0.0
2024-08-17T18:00,27.2,83,4.3,981.9,12.8,0.0
2024-08-17T19:00,26.2,86,5.0,982.9,0.0,0.0
2024-08-17T20:00,25.8,88,4.1,983.8,0.0,0.0
2024-08-17T21:00,26.0,87,4.6,984.6,0.0,0.0
2024-08-17T22:00,25.9,88,4.3,985.1,0.0,0.0
2024-08-17T23:00,25.7,89,4.5,985.0,0.0,0.0
2024-08-18T00:00,25.6,90,4.6,984.1,0.0,0.0
2024-08-18T01:00,25.2,94,3.7,983.7,0.0,0.0
2024-08-18T02:00,25.2,93,3.6,983.2,0.0,0.0
2024-08-18T03:00,25.1,93,3.4,982.9,0.0,0.0
2024-08-18T04:00,24.4,96,4.1,983.0,0.0,0.0
2024-08-18T05:00,24.3,97,4.7,983.7,0.0,0.0
2024-08-18T06:00,25.4,95,2.9,984.5,11.2,0.0
2024-08-18T07:00,26.2,91,4.5,985.3,64.4,0.0
2024-08-18T08:00,27.5,84,7.9,985.7,252.8,0.1
2024-08-18T09:00,28.5,79,8.4,985.9,286.4,0.1
2024-08-18T10:00,29.1,77,6.4,985.8,192.2,0.1
2024-08-18T11:00,30.2,72,5.6,985.6,368.3,0.2
2024-08-18T12:00,30.9,70,5.2,984.6,445.6,0.1
2024-08-18T13:00,31.3,69,4.5,983.2,451.0,0.1
2024-08-18T14:00,31.6,67,4.3,982.1,523.2,0.1
2024-08-18T15:00,31.8,67,6.1,981.7,477.2,0.0
2024-08-18T16:00,29.7,77,9.6,981.3,451.9,1.6
2024-08-18T17:00,29.6,77,3.6,981.4,221.2,0.0
2024-08-18T18:00,28.7,81,4.6,982.8,51.8,0.1
2024-08-18T19:00,27.9,88,2.2,983.5,0.0,0.0
2024-08-18T20:00,26.9,92,4.4,984.5,0.0,0.0
2024-08-18T21:00,26.5,93,5.7,984.8,0.0,0.0
2024-08-18T22:00,26.1,93,4.7,984.9,0.0,0.0
2024-08-18T23:00,25.8,93,4.8,984.8,0.0,0.0
2024-08-19T00:00,25.5,96,4.5,984.1,0.0,0.0
2024-08-19T01:00,25.3,96,3.3,983.7,0.0,0.0
2024-08-19T02:00,25.2,97,3.7,983.1,0.0,0.0
2024-08-19T03:00,25.1,97,3.8,982.9,0.0,0.0
2024-08-19T04:00,24.6,98,8.7,983.2,0.0,1.5
2024-08-19T05:00,24.6,97,6.6,983.0,0.0,0.0
2024-08-19T06:00,26.0,97,4.1,983.8,11.3,0.0
2024-08-19T07:00,26.7,93,6.6,984.2,36.3,0.2
2024-08-19T08:00,27.4,88,7.6,984.9,109.7,0.1
2024-08-19T09:00,28.1,85,5.4,985.0,190.1,0.1
2024-08-19T10:00,28.9,82,5.5,985.2,301.7,0.2
2024-08-19T11:00,30.0,77,6.1,984.3,352.5,0.1
2024-08-19T12:00,30.6,75,6.3,983.3,356.7,0.1
2024-08-19T13:00,31.1,72,8.2,982.2,356.8,0.1
2024-08-19T14:00,31.2,69,8.3,980.8,392.4,0.0
2024-08-19T15:00,31.1,69,4.9,980.0,252.1,0.0
2024-08-19T16:00,30.9,70,6.9,980.2,305.1,0.0
2024-08-19T17:00,29.6,75,5.9,980.7,101.9,0.3
2024-08-19T18:00,28.0,89,2.5,981.7,58.7,0.6
2024-08-19T19:00,27.0,91,4.1,982.9,0.0,0.1
2024-08-19T20:00,25.8,94,8.1,983.9,0.0,0.5
2024-08-19T21:00,25.4,95,7.3,984.2,0.0,0.2
2024-08-19T22:00,25.3,96,4.3,984.4,0.0,0.3
2024-08-19T23:00,25.3,96,5.1,984.2,0.0,0.2
2024-08-20T00:00,25.3,97,5.5,983.6,0.0,0.1
2024-08-20T01:00,25.1,98,5.3,982.7,0.0,0.0
2024-08-20T02:00,24.9,99,4.7,981.5,0.0,0.0
2024-08-20T03:00,24.5,99,4.1,981.3,0.0,0.0
2024-08-20T04:00,24.8,99,3.5,982.0,0.0,0.0
2024-08-20T05:00,24.8,99,6.0,982.2,0.0,0.0
2024-08-20T06:00,24.2,97,5.3,982.7,0.0,2.5
2024-08-20T07:00,25.3,94,2.5,983.3,137.7,0.8
2024-08-20T08:00,26.5,87,5.3,984.3,162.6,0.1
2024-08-20T09:00,26.8,87,5.9,984.8,72.8,0.1
2024-08-20T10:00,27.6,85,4.6,985.0,73.4,0.1
2024-08-20T11:00,28.1,81,6.4,984.6,27.7,0.1
2024-08-20T12:00,28.0,82,6.4,983.8,1.0,0.1
2024-08-20T13:00,28.8,79,6.6,982.6,80.3,0.1
2024-08-20T14:00,30.2,74,4.3,981.5,605.0,0.1
2024-08-20T15:00,30.6,71,4.7,980.6,506.7,0.0
2024-08-20T16:00,30.5,70,4.0,980.6,393.4,0.0
2024-08-20T17:00,30.3,71,2.1,980.8,305.0,0.0
2024-08-20T18:00,28.9,82,3.5,981.5,0.0,0.0
2024-08-20T19:00,28.3,82,3.9,982.4,0.0,0.0
2024-08-20T20:00,27.7,86,4.1,983.3,0.0,0.0
2024-08-20T21:00,27.4,85,4.3,984.1,0.0,0.0
2024-08-20T22:00,27.0,86,4.3,984.4,0.0,0.0
2024-08-20T23:00,26.2,92,1.9,984.6,0.0,0.3
2024-08-21T00:00,26.1,93,1.8,984.1,0.0,0.0
2024-08-21T01:00,25.5,93,9.4,983.6,0.0,0.4
2024-08-21T02:00,25.2,95,2.3,983.8,0.0,0.3
2024-08-21T03:00,25.1,97,7.4,983.7,0.0,1.6
2024-08-21T04:00,24.8,97,9.0,984.4,0.0,0.1
2024-08-21T05:00,24.8,96,3.1,984.4,0.0,0.1
2024-08-21T06:00,25.3,93,9.7,984.6,11.4,0.0
2024-08-21T07:00,26.2,90,8.3,985.3,150.4,0.0
2024-08-21T08:00,27.6,82,9.8,985.5,300.2,0.0
2024-08-21T09:00,29.0,77,9.7,985.8,310.7,0.1
2024-08-21T10:00,30.2,74,7.6,985.4,340.5,0.1
2024-08-21T11:00,31.2,71,7.6,984.9,457.4,0.0
2024-08-21T12:00,31.6,67,5.9,984.1,332.8,0.0
2024-08-21T13:00,31.8,67,6.1,983.3,158.7,0.1
2024-08-21T14:00,28.9,80,16.8,982.2,47.0,1.2
2024-08-21T15:00,27.9,86,1.8,981.1,27.6,0.4
2024-08-21T16:00,29.6,80,2.8,980.9,104.7,0.0
2024-08-21T17:00,29.8,79,1.3,981.2,62.5,0.0
2024-08-21T18:00,29.8,75,1.8,982.2,106.1,0.0
2024-08-21T19:00,29.3,78,1.1,983.0,0.0,0.0
2024-08-21T20:00,27.8,89,2.6,983.9,0.0,0.0
2024-08-21T21:00,27.4,90,3.1,984.6,0.0,0.0
2024-08-21T22:00,26.9,92,3.6,984.7,0.0,0.0
2024-08-21T23:00,26.4,94,3.6,984.3,0.0,0.0
2024-08-22T00:00,26.0,95,4.8,984.0,0.0,0.0
2024-08-22T01:00,25.8,96,4.9,983.0,0.0,0.0
2024-08-22T02:00,25.7,95,3.7,982.9,0.0,0.0
2024-08-22T03:00,25.9,94,6.5,982.8,0.0,0.0
2024-08-22T04:00,25.9,91,8.0,982.7,0.0,0.0
2024-08-22T05:00,25.6,90,8.8,983.5,0.0,0.0
2024-08-22T06:00,26.4,87,9.4,983.7,0.0,0.0
2024-08-22T07:00,27.6,85,7.2,984.5,256.8,0.0
2024-08-22T08:00,28.6,80,7.2,984.8,190.5,0.0
2024-08-22T09:00,29.5,76,5.4,984.6,263.3,0.1
2024-08-22T10:00,30.5,71,5.0,984.9,372.0,0.1
2024-08-22T11:00,31.3,68,3.7,984.2,376.6,0.2
2024-08-22T12:00,31.8,67,5.4,983.3,578.9,0.2
2024-08-22T13:00,31.6,69,5.1,982.2,414.6,0.2
2024-08-22T14:00,32.0,68,3.8,980.6,435.6,0.2
2024-08-22T15:00,31.6,68,5.6,979.4,211.7,0.0
2024-08-22T16:00,26.7,90,13.9,981.0,60.3,5.8
2024-08-22T17:00,26.5,93,6.8,981.4,145.0,4.9
2024-08-22T18:00,26.7,90,1.4,982.9,26.8,0.1
2024-08-22T19:00,26.5,93,1.8,983.5,0.0,0.1
2024-08-22T20:00,26.4,92,5.5,984.2,0.0,0.2
2024-08-22T21:00,26.2,94,4.3,985.3,0.0,0.1
2024-08-22T22:00,25.6,96,5.4,985.4,0.0,2.7
2024-08-22T23:00,25.7,96,5.7,984.6,0.0,0.5
2024-08-23T00:00,25.5,96,5.0,984.4,0.0,0.6
2024-08-23T01:00,25.3,96,4.5,983.9,0.0,0.7
2024-08-23T02:00,24.8,97,0.8,983.8,0.0,4.2
2024-08-23T03:00,24.9,96,1.5,983.0,0.0,0.4
2024-08-23T04:00,24.7,98,4.7,982.8,0.0,0.3
2024-08-23T05:00,24.6,98,2.2,983.0,0.0,0.1
2024-08-23T06:00,25.4,97,1.6,983.7,0.0,0.0
2024-08-23T07:00,26.4,93,2.6,984.0,102.2,0.0
2024-08-23T08:00,27.4,85,5.7,984.8,99.6,0.0
2024-08-23T09:00,28.5,78,10.7,985.4,309.7,0.1
2024-08-23T10:00,28.2,77,9.8,985.7,7.2,0.1
2024-08-23T11:00,28.2,78,10.9,985.2,3.2,0.0
2024-08-23T12:00,28.6,75,10.6,984.8,40.7,0.0
2024-08-23T13:00,29.0,73,10.2,983.3,70.2,0.0
2024-08-23T14:00,30.3,69,12.4,982.0,420.6,0.0
2024-08-23T15:00,30.7,68,10.5,981.5,569.5,0.1
2024-08-23T16:00,30.5,69,9.2,980.9,524.0,0.0
2024-08-23T17:00,29.6,73,9.1,980.9,248.0,0.0
2024-08-23T18:00,28.0,80,7.9,982.1,108.1,0.1
2024-08-23T19:00,26.9,86,7.9,983.2,0.0,3.4
2024-08-23T20:00,25.9,93,5.8,984.1,0.0,2.9
2024-08-23T21:00,25.5,95,6.7,984.2,0.0,2.6
2024-08-23T22:00,25.4,96,3.3,984.4,0.0,1.2
2024-08-23T23:00,25.4,96,3.4,984.2,0.0,0.3
2024-08-24T00:00,25.3,96,2.5,983.4,0.0,0.1
2024-08-24T01:00,25.4,96,5.1,982.7,0.0,0.1
2024-08-24T02:00,25.4,95,6.9,982.1,0.0,0.1
2024-08-24T03:00,25.5,93,8.9,981.7,0.0,0.0
2024-08-24T04:00,25.1,94,8.4,981.7,0.0,0.1
2024-08-24T05:00,25.1,93,9.3,982.1,0.0,0.1
2024-08-24T06:00,24.7,92,13.4,982.6,11.6,0.0
2024-08-24T07:00,25.4,90,12.2,983.3,69.7,0.0
2024-08-24T08:00,26.5,84,14.7,983.6,89.1,0.0
2024-08-24T09:00,27.6,81,15.6,984.0,275.6,0.1
2024-08-24T10:00,28.3,75,20.8,983.8,314.6,0.8
2024-08-24T11:00,28.0,77,16.6,983.1,78.0,0.5
2024-08-24T12:00,28.0,76,17.6,982.7,83.4,0.1
2024-08-24T13:00,27.1,81,12.5,981.1,2.1,0.0
2024-08-24T14:00,28.0,76,16.6,980.0,20.2,0.0
2024-08-24T15:00,28.8,72,16.3,979.4,134.8,0.0
2024-08-24T16:00,28.6,74,13.2,978.9,138.9,0.0
2024-08-24T17:00,26.7,83,16.0,979.7,285.9,1.9
2024-08-24T18:00,25.4,89,9.9,980.5,0.0,0.4
2024-08-24T19:00,25.3,92,8.8,981.1,0.0,0.3
2024-08-24T20:00,25.2,93,8.2,981.7,0.0,1.3
2024-08-24T21:00,25.1,94,8.9,982.3,0.0,3.1
2024-08-24T22:00,24.9,93,11.8,982.7,0.0,3.4
2024-08-24T23:00,24.8,93,11.7,982.4,0.0,4.2
2024-08-25T00:00,24.6,93,10.5,981.9,0.0,3.4
2024-08-25T01:00,24.6,93,11.5,981.3,0.0,2.2
2024-08-25T02:00,24.5,92,14.1,980.9,0.0,1.2
2024-08-25T03:00,24.3,92,14.6,980.5,0.0,2.0
2024-08-25T04:00,24.1,92,14.2,980.6,0.0,0.6
2024-08-25T05:00,24.0,92,14.7,980.7,0.0,0.6
2024-08-25T06:00,23.9,90,15.0,981.7,0.0,0.2
2024-08-25T07:00,24.0,92,12.3,982.4,0.0,0.3
2024-08-25T08:00,24.6,89,14.3,982.6,0.0,0.3
2024-08-25T09:00,25.5,84,15.4,983.1,47.7,0.4
2024-08-25T10:00,25.6,84,15.5,982.9,2.4,0.2
2024-08-25T11:00,26.4,81,12.8,982.3,17.1,0.0
2024-08-25T12:00,27.3,76,19.5,982.2,40.7,0.1
2024-08-25T13:00,26.7,81,16.4,981.5,26.9,1.1
2024-08-25T14:00,26.0,88,14.0,980.7,0.0,1.0
2024-08-25T15:00,26.7,84,15.6,979.8,33.1,0.3
2024-08-25T16:00,27.5,78,16.3,979.3,270.3,0.2
2024-08-25T17:00,27.0,80,13.0,979.2,187.4,0.0
2024-08-25T18:00,27.1,77,9.6,979.6,96.4,0.0
2024-08-25T19:00,26.4,79,8.9,980.4,0.0,0.0
2024-08-25T20:00,26.4,79,9.8,981.0,0.0,0.0
2024-08-25T21:00,26.0,81,8.6,981.4,0.0,0.0
2024-08-25T22:00,25.6,84,7.6,981.4,0.0,0.0
2024-08-25T23:00,25.4,86,8.7,980.8,0.0,0.1
2024-08-26T00:00,25.3,85,10.4,980.3,0.0,0.0
2024-08-26T01:00,25.4,83,11.5,979.9,0.0,0.0
2024-08-26T02:00,25.1,83,10.9,979.6,0.0,0.0
2024-08-26T03:00,25.0,83,10.5,979.4,0.0,0.0
2024-08-26T04:00,24.7,84,8.9,979.7,0.0,0.0
2024-08-26T05:00,24.8,83,8.1,980.0,0.0,0.0
2024-08-26T06:00,24.6,88,9.7,980.7,23.3,0.0
2024-08-26T07:00,25.8,81,15.3,981.8,280.5,0.0
2024-08-26T08:00,26.8,77,16.4,982.4,278.6,0.0
2024-08-26T09:00,27.7,72,20.5,982.8,479.0,0.1
2024-08-26T10:00,28.8,67,19.7,982.9,383.8,0.0
2024-08-26T11:00,29.6,64,18.9,982.4,386.2,0.1
2024-08-26T12:00,30.7,62,16.7,981.9,618.6,0.0
2024-08-26T13:00,31.2,60,17.4,980.9,613.5,0.0
2024-08-26T14:00,31.0,58,18.5,980.1,605.5,0.1
2024-08-26T15:00,31.2,58,15.9,979.3,597.9,0.0
2024-08-26T16:00,30.8,61,14.9,978.7,567.4,0.0
2024-08-26T17:00,29.9,67,9.1,978.9,414.5,0.0
2024-08-26T18:00,28.1,76,6.0,979.5,160.1,0.0
2024-08-26T19:00,27.4,78,5.4,980.7,0.0,0.0
2024-08-26T20:00,26.8,80,5.5,981.8,0.0,0.0
2024-08-26T21:00,26.5,81,6.3,982.5,0.0,0.0
2024-08-26T22:00,26.4,80,7.4,982.7,0.0,0.0
2024-08-26T23:00,26.1,80,7.0,982.6,0.0,0.0
2024-08-27T00:00,25.7,81,6.4,982.2,0.0,0.0
2024-08-27T01:00,25.4,82,6.9,981.7,0.0,0.0
2024-08-27T02:00,25.1,83,7.7,981.4,0.0,0.0
2024-08-27T03:00,25.0,83,9.5,981.6,0.0,0.0
2024-08-27T04:00,24.9,83,9.6,981.8,0.0,0.0
2024-08-27T05:00,24.6,83,9.9,982.5,0.0,0.0
2024-08-27T06:00,25.1,84,5.4,983.4,23.4,0.0
2024-08-27T07:00,26.2,80,6.7,984.2,244.1,0.0
2024-08-27T08:00,27.2,77,9.8,984.6,455.6,0.0
2024-08-27T09:00,28.4,71,15.0,985.1,525.6,0.0
2024-08-27T10:00,29.2,67,15.5,984.9,433.5,0.1
2024-08-27T11:00,30.5,63,14.7,984.3,667.1,0.2
2024-08-27T12:00,31.5,59,14.3,983.7,602.9,0.2
2024-08-27T13:00,31.9,57,13.8,982.6,656.9,0.1
2024-08-27T14:00,32.0,57,13.4,981.6,619.1,0.1
2024-08-27T15:00,31.5,60,11.7,980.7,470.4,0.0
2024-08-27T16:00,31.4,62,8.8,980.5,538.2,0.0
2024-08-27T17:00,30.8,70,4.0,980.8,358.2,0.0
2024-08-27T18:00,28.6,81,6.3,982.7,175.8,0.0
2024-08-27T19:00,28.1,77,6.1,983.1,0.0,0.0
2024-08-27T20:00,27.4,81,5.0,983.9,0.0,0.0
2024-08-27T21:00,27.0,81,5.9,985.1,0.0,0.0
2024-08-27T22:00,26.9,80,6.9,985.6,0.0,0.0
2024-08-27T23:00,26.4,83,5.4,985.3,0.0,0.0
2024-08-28T00:00,26.0,83,5.8,984.9,0.0,0.0
2024-08-28T01:00,25.6,84,6.8,984.2,0.0,0.0
2024-08-28T02:00,25.1,87,4.5,984.0,0.0,0.0
2024-08-28T03:00,24.9,87,5.2,983.6,0.0,0.0
2024-08-28T04:00,24.8,86,7.3,983.5,0.0,0.0
2024-08-28T05:00,24.6,87,8.3,983.8,0.0,0.0
2024-08-28T06:00,25.3,83,9.7,984.0,11.8,0.0
2024-08-28T07:00,26.3,82,9.1,985.3,244.8,0.0
2024-08-28T08:00,27.4,77,11.7,985.5,471.1,0.0
2024-08-28T09:00,28.7,71,14.4,985.7,641.1,0.0
2024-08-28T10:00,29.9,65,15.1,985.4,661.1,0.0
2024-08-28T11:00,30.4,64,13.7,984.7,442.6,0.0
2024-08-28T12:00,31.1,61,14.4,983.9,633.2,0.2
2024-08-28T13:00,31.5,59,13.4,982.6,705.7,0.1
2024-08-28T14:00,31.7,58,12.3,981.1,688.2,0.1
2024-08-28T15:00,32.0,58,9.9,980.7,652.1,0.0
2024-08-28T16:00,31.6,59,8.5,980.3,452.3,0.0
2024-08-28T17:00,30.7,68,4.8,980.7,220.7,0.0
2024-08-28T18:00,28.9,70,7.1,981.7,113.8,0.0
2024-08-28T19:00,28.3,70,8.1,982.6,0.0,0.0
2024-08-28T20:00,27.9,72,9.0,983.5,0.0,0.0
2024-08-28T21:00,27.3,77,7.5,984.1,0.0,0.0
2024-08-28T22:00,26.7,80,6.3,983.9,0.0,0.0
2024-08-28T23:00,26.4,82,7.2,983.4,0.0,0.0
2024-08-29T00:00,26.2,83,8.1,982.8,0.0,0.0
2024-08-29T01:00,26.1,84,6.6,982.2,0.0,0.1
2024-08-29T02:00,25.8,87,4.9,981.6,0.0,0.0
2024-08-29T03:00,25.7,89,6.9,981.5,0.0,0.0
2024-08-29T04:00,25.2,91,6.3,981.5,0.0,0.0
2024-08-29T05:00,24.9,93,4.1,982.3,0.0,0.1
2024-08-29T06:00,25.3,91,8.7,982.5,0.0,0.0
2024-08-29T07:00,26.1,88,7.0,983.5,62.4,0.0
2024-08-29T08:00,27.1,82,9.7,984.3,59.8,0.0
2024-08-29T09:00,28.1,78,9.6,984.8,178.0,0.1
2024-08-29T10:00,28.8,76,10.6,984.5,183.8,0.1
2024-08-29T11:00,29.6,73,10.9,983.7,343.2,0.1
2024-08-29T12:00,29.8,72,10.9,982.8,281.2,0.1
2024-08-29T13:00,30.4,70,10.5,981.3,411.1,0.1
2024-08-29T14:00,30.2,72,5.1,980.0,131.6,0.5
2024-08-29T15:00,27.3,79,6.1,980.4,100.5,4.9
2024-08-29T16:00,25.9,88,4.8,980.3,17.8,5.3
2024-08-29T17:00,25.9,88,1.8,980.3,0.0,2.1
2024-08-29T18:00,25.7,92,2.4,981.6,0.0,1.0
2024-08-29T19:00,25.6,95,1.3,982.2,0.0,0.4
2024-08-29T20:00,25.5,96,1.8,982.8,0.0,0.5
2024-08-29T21:00,25.4,95,6.6,983.3,0.0,0.4
2024-08-29T22:00,25.2,95,5.5,983.4,0.0,0.1
2024-08-29T23:00,25.0,96,3.9,982.9,0.0,0.7
2024-08-30T00:00,24.8,96,3.8,982.3,0.0,0.6
2024-08-30T01:00,24.8,97,5.4,981.5,0.0,0.1
2024-08-30T02:00,24.5,97,4.7,981.2,0.0,2.0
2024-08-30T03:00,24.2,98,2.3,981.3,0.0,2.2
2024-08-30T04:00,24.0,99,4.6,981.5,0.0,0.3
2024-08-30T05:00,23.8,99,4.6,982.2,0.0,1.7
2024-08-30T06:00,24.6,96,8.7,982.3,0.0,0.2
2024-08-30T07:00,25.5,90,10.8,983.4,162.7,0.0
2024-08-30T08:00,26.5,85,8.7,983.9,228.6,0.1
2024-08-30T09:00,27.7,82,7.0,984.7,404.1,0.1
2024-08-30T10:00,28.3,78,7.9,984.2,268.7,0.2
2024-08-30T11:00,28.6,79,8.9,983.3,208.3,0.2
2024-08-30T12:00,29.1,78,12.0,982.4,275.3,0.2
2024-08-30T13:00,27.9,82,12.5,981.3,220.0,3.6
2024-08-30T14:00,28.9,79,7.6,980.4,202.3,0.3
2024-08-30T15:00,25.9,91,12.9,981.1,122.3,11.8
2024-08-30T16:00,25.5,93,6.2,980.6,112.4,5.9
2024-08-30T17:00,25.9,90,8.1,980.7,49.6,0.0
2024-08-30T18:00,26.1,90,9.4,981.6,72.7,0.0
2024-08-30T19:00,25.7,92,8.5,982.5,0.0,0.0
2024-08-30T20:00,25.3,93,6.0,982.9,0.0,0.0
2024-08-30T21:00,25.1,94,7.7,983.5,0.0,0.0
2024-08-30T22:00,24.8,95,7.6,983.5,0.0,0.0
2024-08-30T23:00,24.5,96,8.2,983.3,0.0,0.0
2024-08-31T00:00,24.5,95,10.5,982.4,0.0,0.0
2024-08-31T01:00,24.4,95,10.2,981.7,0.0,0.0
2024-08-31T02:00,24.4,96,9.6,981.4,0.0,0.0
2024-08-31T03:00,24.2,96,8.1,980.9,0.0,0.1
2024-08-31T04:00,23.8,97,8.5,981.5,0.0,2.0
2024-08-31T05:00,23.9,97,11.5,981.7,0.0,0.2
2024-08-31T06:00,24.6,92,14.6,981.9,11.9,0.0
2024-08-31T07:00,25.3,89,13.3,982.6,50.2,0.3
2024-08-31T08:00,24.8,93,12.8,983.1,6.4,3.1
2024-08-31T09:00,24.5,94,12.7,983.3,0.0,2.7
2024-08-31T10:00,25.9,87,16.8,982.9,24.2,0.1
2024-08-31T11:00,27.9,82,13.0,982.3,160.1,0.2
2024-08-31T12:00,27.7,83,12.2,981.4,26.6,0.2
2024-08-31T13:00,29.4,76,12.8,979.6,313.2,0.3
2024-08-31T14:00,25.8,90,13.1,979.3,0.0,8.2
2024-08-31T15:00,27.0,88,8.9,979.3,64.7,2.6
2024-08-31T16:00,26.8,90,8.6,978.7,7.2,0.3
2024-08-31T17:00,27.0,89,12.8,979.2,11.8,0.0
2024-08-31T18:00,26.8,89,14.7,979.7,22.1,0.1
2024-08-31T19:00,25.8,93,4.1,980.4,0.0,0.6
2024-08-31T20:00,25.4,94,13.8,980.8,0.0,0.3
2024-08-31T21:00,25.0,95,13.3,981.4,0.0,0.2
2024-08-31T22:00,24.7,96,12.9,982.0,0.0,6.4
2024-08-31T23:00,24.4,97,11.5,982.0,0.0,12.3
2024-09-01T00:00,24.5,95,15.0,980.6,0.0,2.6
2024-09-01T01:00,24.1,96,14.7,980.0,0.0,4.6
2024-09-01T02:00,23.9,96,17.4,979.3,0.0,0.4
2024-09-01T03:00,24.1,95,12.2,979.0,0.0,0.2
2024-09-01T04:00,23.8,95,11.8,979.4,0.0,0.9
2024-09-01T05:00,23.8,96,12.6,979.5,0.0,0.7
2024-09-01T06:00,24.5,94,12.8,979.7,0.0,0.0
2024-09-01T07:00,25.4,92,14.0,980.1,42.0,0.0
2024-09-01T08:00,26.1,88,14.8,980.7,79.3,0.3
2024-09-01T09:00,26.3,90,14.8,980.8,13.5,1.3
2024-09-01T10:00,28.1,82,16.2,980.1,247.3,0.3
2024-09-01T11:00,29.6,77,14.1,979.4,410.9,0.1
2024-09-01T12:00,31.2,71,15.8,978.3,568.5,0.0
2024-09-01T13:00,31.7,67,13.8,976.6,149.6,0.0
2024-09-01T14:00,31.8,63,15.5,975.0,302.6,0.2
2024-09-01T15:00,29.7,79,5.4,975.3,177.2,2.6
2024-09-01T16:00,27.6,85,3.6,975.7,19.8,5.6
2024-09-01T17:00,27.2,90,2.5,976.2,0.0,0.4
2024-09-01T18:00,27.1,88,8.9,977.5,89.4,1.6
2024-09-01T19:00,26.5,93,11.7,977.8,0.0,0.4
2024-09-01T20:00,25.4,95,13.2,978.7,0.0,1.4
2024-09-01T21:00,24.5,97,10.9,979.5,0.0,3.5
2024-09-01T22:00,24.5,97,12.9,980.1,0.0,0.3
2024-09-01T23:00,24.7,97,9.3,979.9,0.0,2.6
2024-09-02T00:00,24.7,97,8.4,978.6,0.0,0.5
2024-09-02T01:00,24.5,97,9.3,978.4,0.0,0.2
2024-09-02T02:00,24.8,96,8.8,977.8,0.0,0.0
2024-09-02T03:00,25.0,96,7.8,977.8,0.0,0.0
2024-09-02T04:00,25.4,94,7.4,978.0,0.0,0.0
2024-09-02T05:00,25.3,95,6.6,978.1,0.0,0.1
2024-09-02T06:00,25.5,95,4.2,978.6,0.0,0.4
2024-09-02T07:00,26.2,91,4.0,979.6,54.7,0.1
2024-09-02T08:00,27.0,89,5.9,980.0,36.5,0.1
2024-09-02T09:00,27.9,84,11.6,980.0,190.6,0.1
2024-09-02T10:00,29.0,80,9.4,980.3,493.9,0.2
2024-09-02T11:00,29.9,74,6.7,980.0,193.8,0.1
2024-09-02T12:00,30.2,73,11.0,979.2,239.4,0.2
2024-09-02T13:00,29.0,81,7.6,978.2,283.9,2.8
2024-09-02T14:00,29.4,81,4.7,977.1,164.8,0.1
2024-09-02T15:00,27.2,88,8.5,976.8,457.5,3.2
2024-09-02T16:00,28.1,85,8.6,976.7,302.4,0.1
2024-09-02T17:00,26.9,89,12.0,977.4,168.0,0.4
2024-09-02T18:00,26.7,91,4.2,978.6,98.0,0.1
2024-09-02T19:00,26.6,90,8.2,979.3,0.0,0.1
2024-09-02T20:00,25.9,93,8.9,980.2,0.0,0.0
2024-09-02T21:00,25.6,94,10.5,981.1,0.0,0.0
2024-09-02T22:00,25.4,95,10.2,981.5,0.0,0.0
2024-09-02T23:00,25.2,96,10.0,981.4,0.0,0.0
2024-09-03T00:00,25.0,96,8.7,981.3,0.0,0.0
2024-09-03T01:00,24.8,97,8.4,980.5,0.0,0.0
2024-09-03T02:00,24.6,96,10.9,979.8,0.0,0.0
2024-09-03T03:00,24.3,96,8.6,980.0,0.0,0.0
2024-09-03T04:00,24.5,95,7.9,980.2,0.0,0.0
2024-09-03T05:00,24.6,94,8.8,980.6,0.0,0.0
2024-09-03T06:00,24.8,95,9.0,980.8,0.0,0.0
2024-09-03T07:00,25.3,92,12.6,982.0,0.0,0.0
2024-09-03T08:00,25.6,91,12.2,982.9,0.0,0.1
2024-09-03T09:00,26.7,86,12.1,983.1,25.5,0.1
2024-09-03T10:00,27.7,82,10.6,983.1,120.3,0.1
2024-09-03T11:00,29.0,76,10.3,982.8,310.4,0.2
2024-09-03T12:00,29.6,77,8.4,982.4,428.0,0.1
2024-09-03T13:00,30.3,73,7.9,981.4,485.9,0.2
2024-09-03T14:00,30.3,72,8.4,980.5,439.3,0.1
2024-09-03T15:00,28.2,81,9.4,980.1,220.7,1.8
2024-09-03T16:00,28.7,80,7.2,979.8,307.6,0.1
2024-09-03T17:00,28.5,78,6.6,980.0,308.9,0.1
2024-09-03T18:00,28.1,80,5.8,981.1,99.3,0.1
2024-09-03T19:00,27.0,87,4.3,981.7,0.0,0.0
2024-09-03T20:00,26.5,90,5.5,982.7,0.0,0.0
2024-09-03T21:00,26.1,91,5.9,983.8,0.0,0.0
2024-09-03T22:00,25.8,92,7.3,984.1,0.0,0.0
2024-09-03T23:00,25.4,93,8.8,983.6,0.0,0.0
2024-09-04T00:00,24.8,95,7.9,983.3,0.0,0.0
2024-09-04T01:00,24.6,97,7.9,982.7,0.0,0.0
2024-09-04T02:00,24.5,97,8.4,982.3,0.0,0.0
2024-09-04T03:00,24.4,97,6.6,982.0,0.0,0.0
2024-09-04T04:00,24.2,97,9.0,982.4,0.0,0.0
2024-09-04T05:00,24.4,95,7.7,982.6,0.0,0.0
2024-09-04T06:00,24.8,97,13.3,982.4,0.0,1.2
2024-09-04T07:00,25.0,95,11.8,982.7,0.0,0.2
2024-09-04T08:00,25.4,92,11.4,983.6,0.0,0.2
2024-09-04T09:00,25.3,94,5.8,983.9,0.0,1.2
2024-09-04T10:00,25.7,92,7.3,983.7,0.0,3.3
2024-09-04T11:00,26.6,88,5.5,983.3,0.0,0.9
2024-09-04T12:00,27.9,85,7.2,982.3,121.6,0.1
2024-09-04T13:00,29.1,80,13.0,980.4,250.2,0.1
2024-09-04T14:00,29.8,76,13.0,979.6,212.7,0.1
2024-09-04T15:00,29.8,74,9.5,978.9,118.9,0.1
2024-09-04T16:00,27.4,85,3.1,979.1,108.0,3.1
2024-09-04T17:00,26.1,91,7.4,979.9,9.2,1.8
2024-09-04T18:00,26.8,86,9.5,980.5,23.2,0.0
2024-09-04T19:00,26.2,87,9.1,981.4,0.0,0.0
2024-09-04T20:00,26.1,87,10.5,981.7,0.0,0.0
2024-09-04T21:00,26.0,88,10.1,982.1,0.0,0.0
2024-09-04T22:00,25.8,89,13.3,982.3,0.0,0.1
2024-09-04T23:00,25.5,90,10.9,982.2,0.0,0.5
2024-09-05T00:00,24.7,96,8.0,982.0,0.0,6.7
2024-09-05T01:00,24.4,97,7.2,981.9,0.0,2.5
2024-09-05T02:00,24.3,96,9.0,980.8,0.0,1.2
2024-09-05T03:00,24.3,96,5.4,980.7,0.0,0.5
2024-09-05T04:00,24.3,96,6.9,980.7,0.0,0.4
2024-09-05T05:00,24.3,97,7.5,980.9,0.0,0.2
2024-09-05T06:00,25.3,94,10.4,981.4,0.0,0.0
2024-09-05T07:00,26.5,87,13.3,982.2,182.6,0.0
2024-09-05T08:00,27.0,85,11.5,983.2,94.8,0.5
2024-09-05T09:00,27.1,84,12.4,983.3,0.0,0.0
2024-09-05T10:00,28.0,79,15.5,983.4,21.9,0.0
2024-09-05T11:00,29.0,74,14.8,982.9,143.7,0.2
2024-09-05T12:00,29.4,73,14.0,981.9,210.5,0.2
2024-09-05T13:00,29.6,73,12.4,980.4,202.2,0.2
2024-09-05T14:00,29.8,72,9.4,979.8,185.6,0.2
2024-09-05T15:00,28.2,81,8.0,979.0,19.2,3.1
2024-09-05T16:00,28.4,82,5.2,978.9,14.7,0.1
2024-09-05T17:00,28.2,84,3.3,979.1,34.0,0.1
2024-09-05T18:00,28.6,81,2.5,979.9,23.5,0.0
2024-09-05T19:00,28.1,84,2.9,981.0,0.0,0.0
2024-09-05T20:00,27.1,88,9.0,982.1,0.0,0.0
2024-09-05T21:00,26.3,87,9.5,982.5,0.0,0.0
2024-09-05T22:00,25.5,90,5.9,982.3,0.0,0.0
2024-09-05T23:00,25.3,90,7.7,982.0,0.0,0.0
2024-09-06T00:00,25.2,90,6.8,981.4,0.0,0.0
2024-09-06T01:00,25.1,91,7.2,980.9,0.0,0.0
2024-09-06T02:00,25.1,91,9.4,980.8,0.0,0.1
2024-09-06T03:00,25.2,91,10.4,980.5,0.0,0.2
2024-09-06T04:00,25.2,92,10.1,980.8,0.0,0.0
2024-09-06T05:00,25.0,93,9.4,981.6,0.0,0.0
2024-09-06T06:00,25.4,90,8.7,982.2,12.2,0.0
2024-09-06T07:00,26.6,84,12.4,983.0,187.5,0.0
2024-09-06T08:00,27.9,78,16.7,983.6,470.2,0.0
2024-09-06T09:00,29.0,73,16.5,983.9,521.5,0.0
2024-09-06T10:00,29.7,70,13.8,983.9,453.3,0.1
2024-09-06T11:00,30.6,69,12.6,983.5,464.0,0.1
2024-09-06T12:00,31.0,69,11.2,982.7,469.1,0.1
2024-09-06T13:00,31.7,66,10.6,980.9,546.7,0.0
2024-09-06T14:00,31.8,65,9.2,979.4,525.9,0.0
2024-09-06T15:00,31.7,65,7.7,979.0,278.1,0.0
2024-09-06T16:00,30.7,69,6.5,979.3,429.2,0.6
2024-09-06T17:00,28.3,83,8.4,979.7,71.8,3.1
2024-09-06T18:00,29.1,76,6.5,981.3,15.9,0.0
2024-09-06T19:00,28.6,76,12.6,982.0,0.0,0.0
2024-09-06T20:00,26.1,87,14.5,983.2,0.0,5.8
2024-09-06T21:00,25.9,90,6.5,984.7,0.0,0.1
2024-09-06T22:00,25.4,93,8.3,984.1,0.0,0.5
2024-09-06T23:00,25.2,94,6.8,983.8,0.0,0.5
2024-09-07T00:00,25.0,95,10.3,982.8,0.0,0.2
2024-09-07T01:00,24.8,94,9.7,982.3,0.0,0.0
2024-09-07T02:00,24.8,95,9.2,981.5,0.0,0.0
2024-09-07T03:00,24.7,95,7.4,981.7,0.0,0.0
2024-09-07T04:00,24.7,95,8.2,981.8,0.0,0.0
2024-09-07T05:00,24.8,94,9.7,982.0,0.0,0.0
2024-09-07T06:00,25.3,90,9.7,982.3,0.0,0.0
2024-09-07T07:00,26.0,87,13.2,983.2,12.8,0.1
2024-09-07T08:00,26.4,86,15.9,983.5,62.6,0.4
2024-09-07T09:00,27.8,79,17.9,983.9,271.6,0.3
2024-09-07T10:00,28.7,76,15.9,983.8,311.1,0.4
2024-09-07T11:00,29.8,74,11.5,983.4,400.7,0.2
2024-09-07T12:00,30.6,72,9.5,982.4,464.7,0.2
2024-09-07T13:00,30.6,70,8.4,980.8,259.1,0.1
2024-09-07T14:00,27.0,86,13.4,980.1,47.5,4.7
2024-09-07T15:00,27.7,83,6.7,980.1,56.6,0.2
2024-09-07T16:00,28.0,82,11.8,980.1,379.5,0.8
2024-09-07T17:00,27.4,86,7.3,981.0,104.1,0.1
2024-09-07T18:00,27.0,87,5.0,982.3,32.2,0.1
2024-09-07T19:00,26.6,88,7.0,982.7,0.0,0.1
2024-09-07T20:00,26.3,90,8.4,983.5,0.0,0.0
2024-09-07T21:00,26.1,91,10.1,984.0,0.0,0.0
2024-09-07T22:00,26.0,90,11.2,984.3,0.0,0.0
2024-09-07T23:00,25.7,91,12.3,983.7,0.0,0.0
2024-09-08T00:00,25.6,92,10.1,983.2,0.0,0.0
2024-09-08T01:00,25.4,93,10.6,982.7,0.0,0.0
2024-09-08T02:00,25.2,93,9.9,982.0,0.0,0.0
2024-09-08T03:00,25.0,92,9.2,981.8,0.0,0.0
2024-09-08T04:00,25.0,92,10.5,982.3,0.0,0.0
2024-09-08T05:00,25.0,92,10.5,982.8,0.0,0.0
2024-09-08T06:00,25.7,90,12.7,983.0,0.0,0.0
2024-09-08T07:00,26.5,85,17.1,983.5,210.1,0.2
2024-09-08T08:00,26.8,85,13.5,984.5,248.8,1.5
2024-09-08T09:00,27.7,84,13.1,984.8,232.6,0.2
2024-09-08T10:00,28.4,78,15.1,984.4,50.1,0.2
2024-09-08T11:00,28.8,76,14.1,983.5,55.3,0.1
2024-09-08T12:00,28.6,77,14.2,982.8,74.6,2.9
2024-09-08T13:00,28.3,81,11.9,981.5,61.5,0.6
2024-09-08T14:00,27.6,85,8.8,980.7,15.1,0.5
2024-09-08T15:00,27.5,86,15.1,979.9,44.4,1.4
2024-09-08T16:00,27.0,85,13.0,980.1,37.4,0.1
2024-09-08T17:00,26.9,85,10.7,979.9,22.3,0.0
2024-09-08T18:00,27.3,85,9.6,980.6,0.0,0.0
2024-09-08T19:00,27.0,86,10.8,980.7,0.0,0.0
2024-09-08T20:00,26.7,86,10.4,981.6,0.0,0.0
2024-09-08T21:00,26.5,86,9.8,982.3,0.0,0.0
2024-09-08T22:00,26.3,86,10.3,982.0,0.0,0.0
2024-09-08T23:00,26.2,86,11.5,981.3,0.0,0.0
2024-09-09T00:00,26.1,86,11.3,980.8,0.0,0.0
2024-09-09T01:00,26.0,86,10.5,980.7,0.0,0.0
2024-09-09T02:00,26.0,86,10.4,980.0,0.0,0.0
2024-09-09T03:00,25.9,87,11.0,980.0,0.0,0.1
2024-09-09T04:00,25.4,91,13.8,979.8,0.0,1.2
2024-09-09T05:00,25.0,93,12.3,980.1,0.0,0.6
2024-09-09T06:00,25.4,92,13.5,980.0,0.0,1.1
2024-09-09T07:00,25.4,92,18.1,980.1,0.0,0.5
2024-09-09T08:00,25.9,90,15.3,981.0,0.0,0.3
2024-09-09T09:00,26.3,91,12.1,981.9,4.5,0.9
2024-09-09T10:00,26.1,92,13.4,981.3,0.0,0.5
2024-09-09T11:00,26.3,92,11.2,980.4,0.0,0.9
2024-09-09T12:00,26.8,90,13.0,979.5,1.0,1.2
2024-09-09T13:00,27.7,87,12.7,978.3,34.0,0.5
2024-09-09T14:00,28.9,82,14.8,977.3,285.4,0.2
2024-09-09T15:00,28.4,80,17.6,976.7,360.5,0.1
2024-09-09T16:00,28.2,80,15.7,976.6,133.6,0.0
2024-09-09T17:00,27.9,82,12.6,977.0,6.4,0.0
2024-09-09T18:00,27.3,84,13.0,977.8,0.0,0.0
2024-09-09T19:00,27.1,85,14.6,978.0,0.0,0.0
2024-09-09T20:00,27.0,84,13.9,978.6,0.0,0.0
2024-09-09T21:00,26.9,84,13.7,979.0,0.0,0.0
2024-09-09T22:00,26.8,85,13.7,979.0,0.0,0.0
2024-09-09T23:00,25.9,90,13.4,979.3,0.0,2.9
2024-09-10T00:00,25.2,94,12.8,978.9,0.0,2.0
2024-09-10T01:00,24.8,95,13.3,978.1,0.0,1.4
2024-09-10T02:00,24.7,95,11.7,978.0,0.0,1.9
2024-09-10T03:00,24.8,95,13.4,977.7,0.0,2.0
2024-09-10T04:00,24.8,95,12.6,977.9,0.0,1.1
2024-09-10T05:00,24.9,95,12.7,978.2,0.0,1.2
2024-09-10T06:00,24.6,95,17.8,978.2,0.0,2.1
2024-09-10T07:00,24.8,95,16.3,979.0,0.0,1.6
2024-09-10T08:00,25.1,94,16.6,979.7,0.0,1.7
2024-09-10T09:00,25.2,94,17.7,980.2,3.0,0.9
2024-09-10T10:00,25.4,94,19.1,979.7,0.0,0.5
2024-09-10T11:00,25.8,94,18.4,979.4,2.2,0.6
2024-09-10T12:00,26.5,89,21.6,978.9,12.5,0.7
2024-09-10T13:00,27.5,86,16.6,978.1,70.2,0.4
2024-09-10T14:00,28.0,82,17.7,976.9,82.9,0.2
2024-09-10T15:00,28.4,78,18.8,976.5,125.8,0.2
2024-09-10T16:00,28.4,77,18.4,976.6,134.4,0.1
2024-09-10T17:00,28.1,78,14.8,977.0,91.2,0.0
2024-09-10T18:00,27.2,82,13.8,977.7,8.4,0.0
2024-09-10T19:00,27.0,82,15.6,978.4,0.0,0.0
2024-09-10T20:00,26.9,81,15.8,979.3,0.0,0.0
2024-09-10T21:00,26.8,81,15.2,980.3,0.0,0.0
2024-09-10T22:00,26.7,81,15.0,980.4,0.0,0.0
2024-09-10T23:00,26.5,82,15.2,980.2,0.0,0.0
2024-09-11T00:00,26.3,82,15.3,979.7,0.0,0.0
2024-09-11T01:00,26.0,83,15.0,979.2,0.0,0.0
2024-09-11T02:00,26.0,82,15.3,979.2,0.0,0.0
2024-09-11T03:00,25.9,82,16.2,979.3,0.0,0.0
2024-09-11T04:00,25.7,83,15.3,979.7,0.0,0.0
2024-09-11T05:00,25.5,83,15.5,980.0,0.0,0.0
2024-09-11T06:00,25.7,84,15.0,980.1,12.5,0.0
2024-09-11T07:00,26.6,80,17.4,981.0,229.5,0.0
2024-09-11T08:00,27.7,76,22.2,981.7,400.1,0.0
2024-09-11T09:00,28.6,71,22.9,981.8,395.8,0.0
2024-09-11T10:00,29.8,65,22.4,981.9,540.6,0.0
2024-09-11T11:00,30.0,64,20.0,981.8,245.1,0.0
2024-09-11T12:00,30.4,64,18.9,981.3,639.7,0.3
2024-09-11T13:00,30.9,62,16.7,980.3,538.5,0.1
2024-09-11T14:00,31.3,59,17.2,979.6,531.9,0.0
2024-09-11T15:00,31.3,59,17.0,979.0,571.0,0.0
2024-09-11T16:00,30.8,62,15.0,978.9,546.4,0.0
2024-09-11T17:00,29.7,67,10.3,979.5,349.1,0.0
2024-09-11T18:00,28.3,69,9.0,980.7,59.7,0.0
2024-09-11T19:00,27.6,73,7.6,981.5,0.0,0.0
2024-09-11T20:00,27.0,76,7.1,982.4,0.0,0.0
2024-09-11T21:00,26.7,77,8.0,983.1,0.0,0.0
2024-09-11T22:00,26.4,78,8.7,982.9,0.0,0.0
2024-09-11T23:00,26.4,76,10.2,982.2,0.0,0.0
2024-09-12T00:00,26.2,77,9.2,981.9,0.0,0.0
2024-09-12T01:00,25.8,80,9.0,981.7,0.0,0.0
2024-09-12T02:00,25.6,81,9.7,981.5,0.0,0.0
2024-09-12T03:00,25.3,82,9.3,981.3,0.0,0.0
2024-09-12T04:00,25.2,83,10.0,981.8,0.0,0.0
2024-09-12T05:00,25.0,84,10.5,982.1,0.0,0.0
2024-09-12T06:00,25.3,83,10.2,982.9,12.6,0.0
2024-09-12T07:00,26.3,82,9.1,984.1,265.1,0.0
2024-09-12T08:00,27.5,78,12.9,984.7,505.3,0.0
2024-09-12T09:00,28.6,72,16.2,984.8,504.2,0.0
2024-09-12T10:00,29.8,66,16.2,984.7,594.2,0.0
2024-09-12T11:00,30.7,62,16.2,984.3,718.8,0.1
2024-09-12T12:00,31.1,60,14.3,983.7,681.6,0.1
2024-09-12T13:00,31.6,58,13.6,982.8,733.2,0.1
2024-09-12T14:00,31.7,58,14.6,981.7,730.9,0.1
2024-09-12T15:00,31.5,58,14.1,981.0,659.2,0.0
2024-09-12T16:00,30.9,62,11.7,981.1,567.0,0.0
2024-09-12T17:00,29.9,67,9.1,981.4,433.1,0.0
2024-09-12T18:00,28.5,70,8.7,983.1,95.3,0.0
2024-09-12T19:00,27.8,72,7.8,983.4,0.0,0.0
2024-09-12T20:00,27.1,76,8.3,983.9,0.0,0.0
2024-09-12T21:00,26.8,78,9.4,984.3,0.0,0.0
2024-09-12T22:00,26.3,80,8.3,984.3,0.0,0.0
2024-09-12T23:00,25.8,83,7.2,983.9,0.0,0.0
2024-09-13T00:00,25.4,86,7.2,983.3,0.0,0.0
2024-09-13T01:00,25.1,87,7.2,983.1,0.0,0.0
2024-09-13T02:00,24.9,88,7.8,982.6,0.0,0.0
2024-09-13T03:00,24.7,88,8.4,982.6,0.0,0.0
2024-09-13T04:00,24.6,88,8.7,983.0,0.0,0.0
2024-09-13T05:00,24.5,88,9.0,983.3,0.0,0.0
2024-09-13T06:00,24.9,89,8.3,983.9,12.7,0.0
2024-09-13T07:00,26.0,86,8.3,984.9,252.9,0.0
2024-09-13T08:00,27.2,80,12.8,985.5,405.8,0.1
2024-09-13T09:00,28.0,77,12.5,986.1,331.5,0.2
2024-09-13T10:00,29.1,73,12.2,986.2,403.2,0.0
2024-09-13T11:00,29.8,69,14.3,985.3,521.1,0.0
2024-09-13T12:00,30.3,66,14.2,984.1,440.3,0.0
2024-09-13T13:00,30.3,65,15.6,982.7,250.7,0.0
2024-09-13T14:00,30.2,64,15.5,981.7,235.7,0.0
2024-09-13T15:00,29.9,65,15.5,981.2,192.4,0.2
2024-09-13T16:00,29.4,69,11.3,981.1,368.2,0.1
2024-09-13T17:00,28.6,73,10.2,981.6,337.1,0.1
2024-09-13T18:00,27.4,77,7.4,982.7,52.8,0.0
2024-09-13T19:00,26.8,79,6.3,983.1,0.0,0.0
2024-09-13T20:00,26.4,80,6.2,983.7,0.0,0.0
2024-09-13T21:00,25.9,82,5.3,984.4,0.0,0.0
2024-09-13T22:00,25.4,84,5.4,984.2,0.0,0.0
2024-09-13T23:00,25.1,85,6.4,983.5,0.0,0.0
2024-09-14T00:00,24.8,85,7.3,982.8,0.0,0.0
2024-09-14T01:00,24.6,85,7.9,982.3,0.0,0.0
2024-09-14T02:00,24.3,85,8.0,982.0,0.0,0.0
2024-09-14T03:00,23.9,86,6.9,982.3,0.0,0.0
2024-09-14T04:00,23.6,86,7.6,982.5,0.0,0.0
2024-09-14T05:00,23.4,87,6.8,983.1,0.0,0.0
2024-09-14T06:00,24.1,85,9.4,983.5,25.4,0.0
2024-09-14T07:00,25.4,82,9.8,984.3,341.2,0.0
2024-09-14T08:00,26.8,76,13.9,984.9,546.4,0.0
2024-09-14T09:00,28.1,70,14.5,985.2,618.3,0.0
2024-09-14T10:00,29.2,64,14.8,985.4,630.3,0.0
2024-09-14T11:00,30.0,61,14.8,985.1,764.9,0.0
2024-09-14T12:00,30.2,59,16.5,983.9,573.1,0.0
2024-09-14T13:00,30.1,59,18.0,982.7,579.9,0.0
2024-09-14T14:00,30.3,60,16.9,981.6,565.2,0.1
2024-09-14T15:00,30.3,60,15.9,981.2,610.8,0.1
2024-09-14T16:00,29.9,62,12.6,981.3,502.5,0.0
2024-09-14T17:00,28.9,68,9.0,981.4,399.2,0.0
2024-09-14T18:00,27.3,75,6.0,982.0,80.5,0.0
2024-09-14T19:00,26.6,78,6.7,982.5,0.0,0.0
2024-09-14T20:00,26.0,79,7.2,983.0,0.0,0.0
2024-09-14T21:00,25.2,81,6.9,983.7,0.0,0.0
2024-09-14T22:00,24.6,84,6.5,984.1,0.0,0.0
2024-09-14T23:00,23.9,87,6.5,983.9,0.0,0.0
2024-09-15T00:00,23.7,87,7.3,983.5,0.0,0.0
2024-09-15T01:00,23.6,86,8.3,982.8,0.0,0.0
2024-09-15T02:00,23.4,85,8.0,982.6,0.0,0.0
2024-09-15T03:00,23.2,85,7.6,982.6,0.0,0.0
2024-09-15T04:00,23.1,86,7.2,982.9,0.0,0.0
2024-09-15T05:00,23.1,87,7.6,983.3,0.0,0.0
2024-09-15T06:00,23.8,85,9.0,983.6,0.0,0.0
2024-09-15T07:00,25.0,83,7.9,984.4,96.6,0.0
2024-09-15T08:00,26.7,78,11.7,985.0,501.4,0.0
2024-09-15T09:00,28.1,73,13.6,985.4,623.8,0.0
2024-09-15T10:00,28.6,72,14.7,985.2,568.4,0.1
2024-09-15T11:00,29.3,71,15.5,984.4,573.3,0.1
2024-09-15T12:00,30.0,67,15.8,983.4,695.0,0.1
2024-09-15T13:00,30.1,65,15.5,982.3,661.0,0.0
2024-09-15T14:00,29.8,65,14.5,981.4,491.1,0.0
2024-09-15T15:00,29.7,65,14.4,981.0,620.6,0.0
2024-09-15T16:00,29.1,68,12.6,980.9,525.3,0.0
2024-09-15T17:00,28.2,73,9.5,981.2,373.1,0.0
2024-09-15T18:00,26.9,76,6.7,981.6,90.9,0.0
2024-09-15T19:00,26.6,76,7.2,982.4,0.0,0.0
2024-09-15T20:00,25.8,79,6.4,983.2,0.0,0.0
2024-09-15T21:00,25.7,80,9.6,983.9,0.0,0.0
2024-09-15T22:00,25.3,81,10.3,983.6,0.0,0.0
2024-09-15T23:00,24.9,81,10.2,983.4,0.0,0.0
2024-09-16T00:00,24.5,82,10.4,982.8,0.0,0.0
2024-09-16T01:00,24.2,84,10.3,982.6,0.0,0.0
2024-09-16T02:00,24.1,85,10.8,982.4,0.0,0.0
2024-09-16T03:00,23.9,87,10.9,982.3,0.0,0.0
2024-09-16T04:00,23.6,89,10.7,982.8,0.0,0.0
2024-09-16T05:00,23.4,89,10.8,983.4,0.0,0.0
2024-09-16T06:00,24.2,86,11.2,983.8,0.0,0.0
2024-09-16T07:00,25.2,82,13.9,984.5,251.1,0.0
2024-09-16T08:00,26.5,78,17.4,985.2,456.3,0.0
2024-09-16T09:00,27.5,74,17.1,985.2,586.6,0.1
2024-09-16T10:00,28.5,70,16.2,984.9,461.9,0.3
2024-09-16T11:00,29.4,68,14.5,984.6,440.3,0.2
2024-09-16T12:00,30.3,66,14.3,983.5,591.3,0.0
2024-09-16T13:00,30.6,65,14.0,982.4,590.4,0.0
2024-09-16T14:00,30.9,64,14.1,981.6,727.1,0.0
2024-09-16T15:00,30.3,65,13.9,981.2,591.9,0.0
2024-09-16T16:00,29.8,68,11.0,981.1,401.1,0.1
2024-09-16T17:00,28.4,72,13.8,981.6,262.4,0.0
2024-09-16T18:00,28.0,71,13.0,981.9,74.0,0.0
2024-09-16T19:00,27.7,69,13.4,982.4,0.0,0.0
2024-09-16T20:00,27.2,73,12.6,983.2,0.0,0.0
2024-09-16T21:00,26.8,75,11.9,983.9,0.0,0.0
2024-09-16T22:00,26.3,77,11.2,984.0,0.0,0.0
2024-09-16T23:00,26.3,77,12.4,983.6,0.0,0.0
2024-09-17T00:00,25.9,78,12.3,983.2,0.0,0.0
2024-09-17T01:00,25.9,77,12.4,982.6,0.0,0.0
2024-09-17T02:00,25.8,77,11.6,982.2,0.0,0.1
2024-09-17T03:00,25.4,80,13.1,982.0,0.0,0.7
2024-09-17T04:00,25.0,83,12.8,982.3,0.0,0.3
2024-09-17T05:00,24.9,82,12.3,982.7,0.0,0.0
2024-09-17T06:00,26.2,74,14.4,982.9,0.0,0.0
2024-09-17T07:00,26.2,76,14.1,983.7,17.7,0.0
2024-09-17T08:00,26.7,76,14.2,984.4,94.5,0.0
2024-09-17T09:00,27.0,75,14.8,984.7,82.6,0.0
2024-09-17T10:00,27.8,73,16.9,984.6,89.1,0.0
2024-09-17T11:00,28.3,71,18.7,984.0,81.4,0.0
2024-09-17T12:00,29.8,65,19.9,983.0,344.8,0.0
2024-09-17T13:00,30.0,64,18.0,981.9,423.1,0.0
2024-09-17T14:00,30.2,62,16.0,981.1,198.2,0.0
2024-09-17T15:00,29.8,64,16.0,980.2,87.8,0.0
2024-09-17T16:00,29.7,66,14.7,979.8,184.1,0.0
2024-09-17T17:00,29.0,68,11.6,980.3,290.7,0.0
2024-09-17T18:00,28.0,71,10.9,980.9,56.5,0.0
2024-09-17T19:00,27.6,72,10.1,981.3,0.0,0.0
2024-09-17T20:00,27.1,73,11.2,982.1,0.0,0.0
2024-09-17T21:00,26.5,74,11.4,982.4,0.0,0.0
2024-09-17T22:00,26.0,76,10.9,982.6,0.0,0.0
2024-09-17T23:00,25.7,77,10.9,982.4,0.0,0.0
2024-09-18T00:00,25.4,78,10.6,982.0,0.0,0.0
2024-09-18T01:00,25.1,79,10.9,981.7,0.0,0.0
2024-09-18T02:00,24.9,79,11.9,981.2,0.0,0.0
2024-09-18T03:00,24.7,79,11.8,981.1,0.0,0.0
2024-09-18T04:00,24.5,80,11.3,981.3,0.0,0.0
2024-09-18T05:00,24.3,80,11.5,981.8,0.0,0.0
2024-09-18T06:00,24.6,81,11.6,982.6,26.0,0.0
2024-09-18T07:00,25.6,80,11.5,983.3,319.4,0.0
2024-09-18T08:00,27.1,75,13.4,983.9,530.7,0.0
2024-09-18T09:00,28.3,69,16.9,984.0,622.2,0.0
2024-09-18T10:00,29.2,65,16.3,983.9,584.8,0.1
2024-09-18T11:00,29.7,67,14.5,983.3,531.2,0.1
2024-09-18T12:00,30.6,65,12.6,982.4,694.2,0.0
2024-09-18T13:00,31.0,63,12.5,981.5,666.2,0.0
2024-09-18T14:00,30.6,63,10.6,980.7,334.3,0.0
2024-09-18T15:00,31.0,61,8.2,980.3,487.4,0.0
2024-09-18T16:00,30.6,63,6.9,980.4,390.7,0.0
2024-09-18T17:00,29.5,68,6.6,980.9,352.0,0.0
2024-09-18T18:00,26.8,86,4.0,981.2,76.7,0.0
2024-09-18T19:00,26.5,86,5.3,981.8,0.0,0.0
2024-09-18T20:00,26.1,84,5.8,982.3,0.0,0.0
2024-09-18T21:00,25.8,84,8.0,983.4,0.0,0.0
2024-09-18T22:00,25.6,85,6.4,983.7,0.0,0.0
2024-09-18T23:00,25.1,87,6.2,983.6,0.0,0.0
2024-09-19T00:00,24.7,88,5.8,983.5,0.0,0.0
2024-09-19T01:00,24.3,90,6.1,983.1,0.0,0.0
2024-09-19T02:00,24.0,92,6.3,982.9,0.0,1.2
2024-09-19T03:00,23.8,92,5.1,982.8,0.0,0.2
2024-09-19T04:00,23.7,93,7.7,983.1,0.0,0.0
2024-09-19T05:00,23.4,94,6.8,983.9,0.0,0.1
2024-09-19T06:00,24.6,92,6.6,984.5,26.1,0.0
2024-09-19T07:00,25.9,88,6.8,985.1,329.4,0.0
2024-09-19T08:00,27.3,82,6.8,985.7,547.2,0.0
2024-09-19T09:00,28.7,76,6.4,985.9,660.1,0.0
2024-09-19T10:00,29.9,72,5.7,985.6,683.9,0.0
2024-09-19T11:00,30.5,69,6.9,984.8,689.0,0.1
2024-09-19T12:00,31.3,66,6.1,983.9,683.0,0.0
2024-09-19T13:00,31.7,64,5.6,983.0,640.8,0.0
2024-09-19T14:00,31.7,63,5.9,981.8,578.3,0.0
2024-09-19T15:00,31.6,62,6.0,981.3,667.0,0.0
2024-09-19T16:00,31.1,63,7.0,981.4,505.9,0.0
2024-09-19T17:00,28.7,74,10.2,981.7,225.7,0.0
2024-09-19T18:00,28.7,77,4.7,982.2,58.6,0.0
2024-09-19T19:00,27.9,80,6.1,983.0,0.0,0.0
2024-09-19T20:00,27.3,81,5.8,983.6,0.0,0.0
2024-09-19T21:00,26.9,84,6.2,984.0,0.0,0.0
2024-09-19T22:00,26.6,85,7.6,983.9,0.0,0.0
2024-09-19T23:00,26.1,88,5.1,983.7,0.0,0.0
2024-09-20T00:00,25.8,89,5.9,983.4,0.0,0.0
2024-09-20T01:00,25.2,92,4.6,983.0,0.0,0.0
2024-09-20T02:00,24.9,94,5.8,982.7,0.0,0.0
2024-09-20T03:00,24.7,95,5.5,982.5,0.0,0.0
2024-09-20T04:00,24.5,96,5.2,982.7,0.0,0.0
2024-09-20T05:00,24.3,97,5.2,983.1,0.0,0.0
2024-09-20T06:00,25.1,93,5.2,983.6,13.1,0.0
2024-09-20T07:00,25.9,89,3.4,984.8,210.0,0.7
2024-09-20T08:00,27.2,85,6.5,985.2,364.9,0.2
2024-09-20T09:00,29.0,79,8.0,985.2,567.5,0.0
2024-09-20T10:00,30.5,72,9.7,985.0,661.5,0.1
2024-09-20T11:00,31.4,68,9.7,984.6,699.2,0.1
2024-09-20T12:00,31.9,65,11.0,983.4,612.4,0.1
2024-09-20T13:00,31.5,65,10.4,982.2,232.4,0.0
2024-09-20T14:00,31.6,65,6.3,981.5,261.8,0.1
2024-09-20T15:00,29.9,71,4.8,981.9,166.4,2.1
2024-09-20T16:00,27.5,87,3.8,981.8,0.0,0.9
2024-09-20T17:00,27.3,89,1.6,982.1,0.0,0.5
2024-09-20T18:00,27.3,88,4.0,982.8,10.0,0.0
2024-09-20T19:00,27.1,85,4.7,983.6,0.0,0.0
2024-09-20T20:00,26.5,91,5.6,983.9,0.0,0.0
2024-09-20T21:00,26.4,90,4.0,984.5,0.0,0.0
2024-09-20T22:00,26.0,91,3.5,984.3,0.0,0.0
2024-09-20T23:00,25.7,93,4.2,984.2,0.0,0.0
2024-09-21T00:00,25.5,94,4.6,983.8,0.0,0.0
2024-09-21T01:00,25.3,94,4.9,983.6,0.0,0.0
2024-09-21T02:00,24.8,97,5.4,983.3,0.0,0.0
2024-09-21T03:00,24.9,96,4.6,982.8,0.0,0.0
2024-09-21T04:00,24.8,96,4.8,982.8,0.0,0.0
2024-09-21T05:00,24.5,97,3.8,983.3,0.0,0.0
2024-09-21T06:00,25.1,93,7.2,983.8,26.4,0.0
2024-09-21T07:00,26.5,89,6.0,984.9,323.0,0.0
2024-09-21T08:00,28.1,83,6.2,985.9,505.2,0.0
2024-09-21T09:00,29.6,77,6.3,986.0,627.1,0.0
2024-09-21T10:00,31.0,72,6.1,985.7,726.2,0.1
2024-09-21T11:00,31.9,67,7.9,984.9,727.3,0.1
2024-09-21T12:00,32.6,63,8.8,983.9,488.3,0.0
2024-09-21T13:00,32.2,63,8.9,982.5,148.8,0.0
2024-09-21T14:00,31.5,66,10.4,981.1,188.9,0.0
2024-09-21T15:00,28.4,80,10.7,981.2,243.5,3.2
2024-09-21T16:00,28.9,79,2.9,981.5,291.2,0.0
2024-09-21T17:00,29.0,80,1.8,981.9,265.7,0.0
2024-09-21T18:00,28.0,83,6.6,982.6,60.9,0.0
2024-09-21T19:00,27.0,84,8.8,983.3,0.0,0.0
2024-09-21T20:00,25.7,85,13.7,984.6,0.0,0.2
2024-09-21T21:00,25.4,87,14.0,985.4,0.0,0.0
2024-09-21T22:00,24.7,88,9.7,985.0,0.0,0.0
2024-09-21T23:00,24.5,91,8.1,984.6,0.0,0.0
2024-09-22T00:00,24.3,93,8.9,984.3,0.0,0.0
2024-09-22T01:00,24.1,94,9.1,983.6,0.0,0.0
2024-09-22T02:00,23.4,94,8.8,984.3,0.0,0.2
2024-09-22T03:00,23.6,93,4.9,983.7,0.0,0.3
2024-09-22T04:00,23.3,96,6.0,983.4,0.0,0.0
2024-09-22T05:00,23.3,96,7.1,983.6,0.0,0.0
2024-09-22T06:00,24.0,94,9.7,984.2,0.0,0.0
2024-09-22T07:00,24.8,89,12.0,985.1,130.6,0.0
2024-09-22T08:00,25.9,86,11.6,985.7,135.5,0.0
2024-09-22T09:00,27.0,83,11.6,985.8,52.5,0.0
2024-09-22T10:00,28.1,79,10.8,985.3,69.9,0.1
2024-09-22T11:00,29.2,76,9.0,984.5,137.8,0.1
2024-09-22T12:00,29.9,74,7.6,983.7,173.8,0.1
2024-09-22T13:00,30.9,73,7.0,981.9,488.3,0.1
2024-09-22T14:00,31.0,71,6.9,979.9,297.8,0.0
2024-09-22T15:00,29.1,79,6.7,980.0,171.0,1.3
2024-09-22T16:00,28.5,82,5.6,980.8,98.5,0.3
2024-09-22T17:00,28.2,85,4.5,981.0,159.4,0.0
2024-09-22T18:00,26.3,92,14.5,982.7,31.0,3.0
2024-09-22T19:00,25.9,93,6.6,982.8,0.0,0.1
2024-09-22T20:00,25.6,96,6.8,983.8,0.0,0.0
2024-09-22T21:00,25.4,96,6.1,983.6,0.0,0.0
2024-09-22T22:00,25.3,97,6.2,983.3,0.0,0.0
2024-09-22T23:00,25.1,97,4.8,983.0,0.0,0.0
2024-09-23T00:00,24.9,98,4.2,982.6,0.0,0.0
2024-09-23T01:00,24.9,98,5.9,982.2,0.0,0.0
2024-09-23T02:00,24.6,99,4.1,982.0,0.0,0.0
2024-09-23T03:00,24.6,98,7.6,982.0,0.0,0.8
2024-09-23T04:00,24.1,98,3.3,982.9,0.0,3.9
2024-09-23T05:00,24.3,99,4.7,982.5,0.0,0.2
2024-09-23T06:00,24.7,96,5.1,983.4,0.0,0.0
2024-09-23T07:00,25.4,92,5.3,984.0,0.0,0.0
2024-09-23T08:00,27.2,83,7.2,984.7,396.2,0.0
2024-09-23T09:00,28.5,79,7.6,984.7,332.5,0.0
2024-09-23T10:00,29.6,76,5.4,984.5,350.1,0.0
2024-09-23T11:00,30.5,74,5.0,983.9,483.2,0.1
2024-09-23T12:00,31.2,71,7.2,982.7,501.4,0.1
2024-09-23T13:00,31.5,69,6.2,981.2,390.7,0.1
2024-09-23T14:00,30.2,73,6.9,979.6,130.5,1.4
2024-09-23T15:00,29.1,78,4.8,979.3,168.9,1.6
2024-09-23T16:00,29.3,78,5.5,979.9,186.0,0.0
2024-09-23T17:00,28.9,84,2.7,980.8,34.7,0.0
2024-09-23T18:00,27.4,90,5.4,981.0,10.5,0.0
2024-09-23T19:00,27.6,86,1.1,981.9,0.0,0.0
2024-09-23T20:00,26.5,93,3.4,982.7,0.0,0.0
2024-09-23T21:00,26.5,93,3.1,983.3,0.0,0.0
2024-09-23T22:00,26.1,95,3.1,982.9,0.0,0.0
2024-09-23T23:00,25.7,97,4.8,982.8,0.0,0.0
2024-09-24T00:00,25.6,97,4.6,982.3,0.0,0.0
2024-09-24T01:00,25.4,98,4.3,981.9,0.0,0.0
2024-09-24T02:00,25.4,98,3.7,981.4,0.0,0.0
2024-09-24T03:00,25.2,99,4.2,980.7,0.0,0.0
2024-09-24T04:00,25.1,99,5.3,980.8,0.0,0.0
2024-09-24T05:00,25.0,99,6.6,981.0,0.0,0.0
2024-09-24T06:00,25.4,98,4.9,981.9,0.0,0.0
2024-09-24T07:00,26.1,92,3.7,982.9,45.4,1.3
2024-09-24T08:00,26.8,90,5.6,983.4,22.3,0.5
2024-09-24T09:00,27.8,85,6.6,983.4,24.8,0.2
2024-09-24T10:00,28.7,84,5.8,983.3,82.7,0.5
2024-09-24T11:00,27.1,85,8.6,982.7,26.8,4.1
2024-09-24T12:00,27.2,89,4.0,981.8,0.0,1.9
2024-09-24T13:00,26.1,93,7.9,980.5,0.0,2.8
2024-09-24T14:00,25.9,92,0.8,979.5,0.0,3.6
2024-09-24T15:00,26.5,90,0.8,978.8,26.8,1.4
2024-09-24T16:00,26.5,90,5.3,979.0,0.0,0.4
2024-09-24T17:00,26.4,93,3.9,979.1,0.0,0.2
2024-09-24T18:00,25.7,96,3.4,980.1,10.8,2.9
2024-09-24T19:00,25.7,97,1.4,981.1,0.0,0.3
2024-09-24T20:00,25.6,98,4.0,981.8,0.0,0.1
2024-09-24T21:00,25.5,98,2.8,982.0,0.0,0.9
2024-09-24T22:00,25.3,98,3.6,982.0,0.0,0.3
2024-09-24T23:00,25.1,98,4.7,981.5,0.0,0.5
2024-09-25T00:00,24.9,99,2.9,981.1,0.0,0.2
2024-09-25T01:00,24.4,99,4.0,980.4,0.0,2.8
2024-09-25T02:00,24.4,98,2.9,979.8,0.0,1.4
2024-09-25T03:00,24.2,98,4.1,979.7,0.0,3.1
2024-09-25T04:00,24.1,99,4.5,979.8,0.0,0.2
2024-09-25T05:00,23.9,99,6.4,980.7,0.0,2.3
2024-09-25T06:00,25.1,98,7.8,981.1,0.0,0.4
2024-09-25T07:00,25.7,94,3.3,982.0,73.0,0.2
2024-09-25T08:00,26.4,89,2.8,982.4,201.3,0.0
2024-09-25T09:00,27.7,82,2.6,982.5,203.5,0.2
2024-09-25T10:00,29.2,74,2.4,982.3,473.4,0.1
2024-09-25T11:00,30.0,71,1.9,981.3,426.1,0.2
2024-09-25T12:00,30.5,71,2.9,980.5,459.9,0.3
2024-09-25T13:00,31.2,68,0.8,978.8,468.4,0.1
2024-09-25T14:00,28.9,78,1.5,978.2,1.2,2.2
2024-09-25T15:00,27.8,82,6.7,978.0,31.4,2.0
2024-09-25T16:00,27.0,87,2.9,978.3,39.9,1.2
2024-09-25T17:00,26.9,87,3.1,979.0,39.6,0.1
2024-09-25T18:00,25.6,96,3.1,979.7,11.0,0.0
2024-09-25T19:00,25.8,95,3.5,980.3,0.0,0.0
2024-09-25T20:00,26.0,94,1.0,981.0,0.0,0.1
2024-09-25T21:00,25.4,95,2.7,981.6,0.0,1.2
2024-09-25T22:00,24.9,95,8.9,981.8,0.0,1.3
2024-09-25T23:00,24.3,98,7.6,981.7,0.0,2.6
2024-09-26T00:00,24.1,99,1.4,981.0,0.0,3.8
2024-09-26T01:00,24.0,99,2.5,980.4,0.0,0.9
2024-09-26T02:00,24.0,99,2.6,979.9,0.0,0.3
2024-09-26T03:00,24.0,99,4.8,979.1,0.0,0.1
2024-09-26T04:00,24.1,99,5.6,979.2,0.0,0.1
2024-09-26T05:00,24.1,99,5.7,979.6,0.0,0.1
2024-09-26T06:00,24.6,96,4.3,979.9,0.0,0.0
2024-09-26T07:00,25.3,93,3.3,981.0,0.0,0.0
2024-09-26T08:00,26.1,90,4.2,981.8,38.1,0.2
2024-09-26T09:00,26.6,87,3.5,982.3,40.5,0.3
2024-09-26T10:00,27.2,84,5.5,982.1,13.8,0.1
2024-09-26T11:00,28.1,80,7.1,981.5,68.4,0.1
2024-09-26T12:00,28.0,83,6.2,980.0,36.6,0.2
2024-09-26T13:00,29.5,78,7.7,978.9,319.9,0.1
2024-09-26T14:00,29.3,77,9.3,977.8,262.8,0.2
2024-09-26T15:00,29.1,77,9.1,977.5,201.6,0.2
2024-09-26T16:00,28.5,80,3.5,978.2,162.7,1.3
2024-09-26T17:00,27.6,85,4.9,979.1,56.3,0.7
2024-09-26T18:00,25.5,96,9.4,980.8,11.2,4.8
2024-09-26T19:00,25.5,95,5.7,980.8,0.0,1.1
2024-09-26T20:00,25.6,95,2.5,981.8,0.0,0.6
2024-09-26T21:00,25.3,95,7.3,982.1,0.0,0.2
2024-09-26T22:00,25.2,94,8.5,982.1,0.0,0.0
2024-09-26T23:00,25.1,95,8.9,982.0,0.0,0.0
2024-09-27T00:00,25.1,95,8.9,981.8,0.0,0.0
2024-09-27T01:00,25.1,95,9.2,981.3,0.0,0.0
2024-09-27T02:00,25.0,95,8.8,980.8,0.0,0.0
2024-09-27T03:00,24.9,95,9.3,980.7,0.0,0.0
2024-09-27T04:00,24.7,95,9.4,980.7,0.0,0.0
2024-09-27T05:00,24.6,94,7.7,981.3,0.0,0.0
2024-09-27T06:00,25.2,93,8.6,981.8,0.0,0.0
2024-09-27T07:00,26.2,89,10.5,982.8,50.6,0.0
2024-09-27T08:00,27.3,83,12.4,983.7,182.2,0.0
2024-09-27T09:00,28.1,78,15.2,984.3,216.8,0.1
2024-09-27T10:00,28.8,74,14.8,984.5,155.1,0.0
2024-09-27T11:00,29.6,71,12.7,984.1,270.8,0.0
2024-09-27T12:00,29.9,69,13.7,983.1,286.3,0.1
2024-09-27T13:00,30.9,65,14.2,982.0,534.8,0.1
2024-09-27T14:00,31.1,65,14.4,981.2,599.5,0.1
2024-09-27T15:00,30.9,66,12.5,981.1,529.2,0.1
2024-09-27T16:00,30.6,67,8.5,981.7,330.1,0.1
2024-09-27T17:00,29.3,74,5.6,981.7,85.7,0.0
2024-09-27T18:00,28.3,73,7.4,982.6,0.0,0.1
2024-09-27T19:00,27.5,77,6.4,983.2,0.0,0.0
2024-09-27T20:00,27.0,79,6.6,984.0,0.0,0.0
2024-09-27T21:00,26.7,80,7.2,984.6,0.0,0.0
2024-09-27T22:00,26.4,81,7.0,984.8,0.0,0.0
2024-09-27T23:00,25.7,84,5.6,984.9,0.0,0.0
2024-09-28T00:00,25.8,82,8.8,984.4,0.0,0.0
2024-09-28T01:00,25.6,82,9.1,983.7,0.0,0.0
2024-09-28T02:00,25.4,81,10.1,983.4,0.0,0.0
2024-09-28T03:00,25.2,80,9.1,983.4,0.0,0.0
2024-09-28T04:00,24.9,81,7.4,983.6,0.0,0.0
2024-09-28T05:00,24.6,82,8.5,984.2,0.0,0.0
2024-09-28T06:00,25.0,83,9.9,985.1,0.0,0.0
2024-09-28T07:00,26.0,83,9.2,986.4,134.1,0.0
2024-09-28T08:00,27.1,80,10.4,987.4,126.3,0.0
2024-09-28T09:00,28.8,72,14.2,987.4,528.5,0.0
2024-09-28T10:00,30.1,65,14.3,987.2,537.2,0.0
2024-09-28T11:00,30.8,62,12.7,987.0,324.4,0.0
2024-09-28T12:00,31.1,61,13.2,986.1,267.5,0.0
2024-09-28T13:00,31.3,61,13.1,985.2,425.8,0.2
2024-09-28T14:00,31.7,60,12.5,983.8,622.9,0.2
2024-09-28T15:00,31.7,60,10.1,983.1,527.3,0.1
2024-09-28T16:00,31.2,64,7.8,982.9,364.7,0.0
2024-09-28T17:00,29.9,69,7.3,983.3,273.4,0.0
2024-09-28T18:00,27.9,78,5.4,984.0,35.1,0.0
2024-09-28T19:00,27.5,79,5.4,985.4,0.0,0.0
2024-09-28T20:00,27.0,83,6.7,986.5,0.0,0.0
2024-09-28T21:00,26.4,85,5.0,987.3,0.0,0.0
2024-09-28T22:00,26.1,86,4.8,987.3,0.0,0.0
2024-09-28T23:00,25.8,87,5.4,987.2,0.0,0.0
2024-09-29T00:00,25.7,87,6.1,986.8,0.0,0.0
2024-09-29T01:00,25.5,87,6.5,986.3,0.0,0.0
2024-09-29T02:00,25.5,86,7.3,986.3,0.0,0.0
2024-09-29T03:00,25.5,86,6.2,986.2,0.0,0.0
2024-09-29T04:00,24.9,89,5.3,986.3,0.0,0.0
2024-09-29T05:00,24.5,92,4.5,986.9,0.0,0.0
2024-09-29T06:00,25.7,90,6.8,987.4,13.9,0.0
2024-09-29T07:00,27.0,86,5.4,988.2,320.8,0.0
2024-09-29T08:00,28.6,78,5.1,989.0,545.1,0.0
2024-09-29T09:00,29.9,72,6.8,989.1,661.4,0.1
2024-09-29T10:00,30.9,66,7.6,988.9,617.0,0.1
2024-09-29T11:00,31.9,62,7.3,988.0,666.1,0.1
2024-09-29T12:00,32.5,59,6.8,986.8,681.0,0.1
2024-09-29T13:00,32.5,61,6.5,985.9,533.7,0.1
2024-09-29T14:00,30.8,68,10.7,985.2,523.0,0.6
2024-09-29T15:00,30.2,72,5.0,984.9,346.7,0.2
2024-09-29T16:00,30.2,72,2.3,985.1,244.3,0.0
2024-09-29T17:00,29.2,78,4.9,985.8,84.1,0.0
2024-09-29T18:00,27.6,89,4.7,986.2,23.9,0.0
2024-09-29T19:00,26.9,91,5.6,987.3,0.0,0.0
2024-09-29T20:00,26.6,92,4.7,988.4,0.0,0.0
2024-09-29T21:00,26.6,90,4.1,988.9,0.0,0.0
2024-09-29T22:00,26.1,93,4.5,988.7,0.0,0.0
2024-09-29T23:00,25.4,96,5.0,987.9,0.0,0.0
2024-09-30T00:00,25.3,96,3.5,987.2,0.0,0.0
2024-09-30T01:00,25.2,96,4.5,986.7,0.0,0.0
2024-09-30T02:00,25.1,95,4.8,986.3,0.0,0.0
2024-09-30T03:00,24.7,96,4.4,986.4,0.0,0.0
2024-09-30T04:00,24.7,96,4.5,986.9,0.0,0.0
2024-09-30T05:00,24.6,96,5.3,987.6,0.0,0.0
2024-09-30T06:00,26.1,90,7.2,988.2,14.0,0.0
2024-09-30T07:00,27.3,88,5.3,989.2,322.5,0.0
2024-09-30T08:00,28.9,80,5.1,990.0,539.9,0.0
2024-09-30T09:00,30.0,75,6.7,990.1,661.5,0.0
2024-09-30T10:00,30.8,72,6.6,990.0,637.5,0.0
2024-09-30T11:00,31.4,69,6.3,989.3,636.1,0.0
2024-09-30T12:00,31.6,67,6.6,987.9,640.4,0.0
2024-09-30T13:00,31.9,64,6.6,986.5,622.1,0.0
2024-09-30T14:00,32.1,63,7.1,985.4,551.4,0.0
2024-09-30T15:00,32.1,63,6.5,984.6,543.5,0.0
2024-09-30T16:00,31.9,64,3.4,984.6,442.2,0.0
2024-09-30T17:00,30.0,75,4.5,985.5,294.6,0.1
2024-09-30T18:00,29.6,74,2.8,985.6,24.4,0.0
2024-09-30T19:00,28.0,87,4.2,986.2,0.0,0.0
2024-09-30T20:00,27.7,83,4.1,986.7,0.0,0.0
2024-09-30T21:00,27.1,86,4.7,987.1,0.0,0.0
2024-09-30T22:00,26.6,90,5.7,987.1,0.0,0.0
2024-09-30T23:00,26.5,90,5.0,986.6,0.0,0.0
2024-10-01T00:00,26.0,93,4.3,986.2,0.0,0.0
2024-10-01T01:00,25.7,94,4.3,985.6,0.0,0.0
2024-10-01T02:00,25.5,94,8.1,985.6,0.0,0.0
2024-10-01T03:00,25.4,91,4.1,985.4,0.0,0.0
2024-10-01T04:00,25.3,91,4.9,985.3,0.0,0.0
2024-10-01T05:00,25.0,93,5.1,985.6,0.0,0.0
2024-10-01T06:00,25.8,93,3.4,986.3,14.1,0.0
2024-10-01T07:00,27.1,89,2.5,987.4,319.5,0.0
2024-10-01T08:00,28.7,83,4.5,987.8,537.0,0.0
2024-10-01T09:00,30.0,77,4.3,987.5,661.6,0.1
2024-10-01T10:00,30.9,74,3.2,987.4,627.6,0.2
2024-10-01T11:00,31.6,71,4.6,986.2,637.7,0.0
2024-10-01T12:00,32.2,69,4.4,985.2,588.7,0.0
2024-10-01T13:00,32.2,68,3.8,984.3,625.3,0.0
2024-10-01T14:00,32.3,67,4.8,983.3,668.1,0.0
2024-10-01T15:00,32.0,69,3.8,982.8,597.3,0.0
2024-10-01T16:00,31.1,71,3.4,982.8,375.4,0.0
2024-10-01T17:00,30.0,80,1.5,983.2,195.1,0.0
2024-10-01T18:00,29.1,87,4.2,983.7,25.0,0.0
2024-10-01T19:00,29.1,83,3.2,984.5,0.0,0.0
2024-10-01T20:00,28.8,83,2.4,985.5,0.0,0.0
2024-10-01T21:00,27.6,89,5.2,986.0,0.0,0.0
2024-10-01T22:00,27.0,92,4.5,986.2,0.0,0.0
2024-10-01T23:00,26.3,94,5.7,985.8,0.0,0.0
2024-10-02T00:00,26.1,94,4.4,985.0,0.0,0.0
2024-10-02T01:00,25.9,94,4.7,984.9,0.0,0.0
2024-10-02T02:00,25.8,93,5.9,984.7,0.0,0.0
2024-10-02T03:00,25.4,93,5.0,984.7,0.0,0.0
2024-10-02T04:00,25.6,90,7.1,984.8,0.0,0.0
2024-10-02T05:00,25.5,90,6.2,985.4,0.0,0.0
2024-10-02T06:00,26.3,86,7.5,986.0,0.0,0.0
2024-10-02T07:00,27.1,84,7.0,986.5,259.8,0.0
2024-10-02T08:00,28.3,80,8.3,987.0,536.4,0.0
2024-10-02T09:00,29.8,76,7.1,987.1,638.1,0.0
2024-10-02T10:00,31.2,71,7.7,986.9,719.9,0.0
2024-10-02T11:00,32.2,65,9.3,986.3,730.5,0.0
2024-10-02T12:00,32.7,63,9.3,985.1,667.1,0.0
2024-10-02T13:00,33.2,60,7.9,984.0,678.3,0.0
2024-10-02T14:00,33.5,60,7.9,982.9,644.4,0.0
2024-10-02T15:00,33.3,61,7.8,982.5,612.9,0.0
2024-10-02T16:00,32.5,65,6.2,982.6,473.6,0.0
2024-10-02T17:00,31.2,74,3.9,983.0,348.0,0.4
2024-10-02T18:00,28.6,81,4.5,983.7,25.6,0.0
2024-10-02T19:00,27.7,89,5.0,984.6,0.0,0.0
2024-10-02T20:00,27.4,88,4.0,985.4,0.0,0.0
2024-10-02T21:00,27.3,88,6.3,985.7,0.0,0.0
2024-10-02T22:00,27.1,86,8.5,985.6,0.0,0.0
2024-10-02T23:00,26.8,85,8.5,985.1,0.0,0.0
2024-10-03T00:00,26.5,85,8.5,984.8,0.0,0.0
2024-10-03T01:00,26.1,87,7.2,984.5,0.0,0.0
2024-10-03T02:00,25.9,89,7.4,984.2,0.0,0.0
2024-10-03T03:00,25.7,90,8.2,984.0,0.0,0.0
2024-10-03T04:00,25.5,91,9.5,984.2,0.0,0.0
2024-10-03T05:00,25.3,92,10.1,984.8,0.0,0.0
2024-10-03T06:00,26.1,90,9.5,985.6,14.3,0.0
2024-10-03T07:00,27.3,87,8.9,986.4,308.8,0.0
2024-10-03T08:00,28.7,82,10.8,987.0,549.6,0.0
2024-10-03T09:00,30.0,78,10.6,987.2,658.8,0.0
2024-10-03T10:00,31.4,71,11.2,986.9,752.4,0.0
2024-10-03T11:00,32.3,65,12.3,985.9,719.9,0.0
2024-10-03T12:00,33.1,61,11.8,984.8,784.5,0.0
2024-10-03T13:00,33.4,58,10.8,983.8,714.8,0.0
2024-10-03T14:00,33.3,58,10.2,982.9,560.8,0.0
2024-10-03T15:00,33.1,57,9.2,982.3,586.6,0.0
2024-10-03T16:00,32.5,60,5.6,981.9,446.1,0.0
2024-10-03T17:00,31.2,72,4.2,981.8,322.3,0.0
2024-10-03T18:00,29.6,74,5.2,983.1,26.2,0.0
2024-10-03T19:00,28.6,77,6.0,983.9,0.0,0.0
2024-10-03T20:00,28.2,78,7.4,984.7,0.0,0.0
2024-10-03T21:00,27.8,78,8.5,985.2,0.0,0.0
2024-10-03T22:00,27.4,81,7.2,985.3,0.0,0.0
2024-10-03T23:00,26.6,85,5.4,985.1,0.0,0.0
2024-10-04T00:00,26.2,87,5.4,984.8,0.0,0.0
2024-10-04T01:00,25.8,88,5.4,984.3,0.0,0.0
2024-10-04T02:00,25.6,89,6.7,983.8,0.0,0.0
2024-10-04T03:00,25.5,89,7.8,983.8,0.0,0.0
2024-10-04T04:00,25.2,90,7.1,984.2,0.0,0.0
2024-10-04T05:00,25.0,91,7.3,984.9,0.0,0.0
2024-10-04T06:00,25.6,88,8.9,985.6,14.4,0.0
2024-10-04T07:00,26.9,85,8.1,986.6,344.0,0.0
2024-10-04T08:00,28.3,80,9.3,987.4,512.3,0.0
2024-10-04T09:00,29.9,75,9.4,987.8,668.5,0.0
2024-10-04T10:00,31.3,67,10.9,987.7,767.3,0.0
2024-10-04T11:00,32.3,61,10.1,986.8,798.5,0.0
2024-10-04T12:00,32.9,56,9.0,985.7,774.8,0.0
2024-10-04T13:00,33.4,54,8.1,985.0,776.6,0.0
2024-10-04T14:00,33.4,51,8.3,983.9,737.7,0.0
2024-10-04T15:00,33.2,51,7.8,983.3,649.5,0.0
2024-10-04T16:00,32.4,56,6.0,983.2,517.2,0.0
2024-10-04T17:00,30.3,66,5.9,983.1,300.4,0.0
2024-10-04T18:00,28.4,73,6.7,983.3,26.8,0.0
2024-10-04T19:00,27.4,77,7.4,984.1,0.0,0.0
2024-10-04T20:00,26.5,78,6.9,985.4,0.0,0.0
2024-10-04T21:00,26.0,81,7.1,985.9,0.0,0.0
2024-10-04T22:00,25.8,79,4.4,986.0,0.0,0.0
2024-10-04T23:00,25.4,84,5.3,985.9,0.0,0.0
2024-10-05T00:00,25.2,87,6.7,985.7,0.0,0.0
2024-10-05T01:00,25.1,89,6.3,985.4,0.0,0.0
2024-10-05T02:00,24.8,90,6.1,985.1,0.0,0.0
2024-10-05T03:00,24.7,90,6.6,985.0,0.0,0.0
2024-10-05T04:00,24.6,89,5.4,985.2,0.0,0.0
2024-10-05T05:00,24.4,90,5.2,985.6,0.0,0.0
2024-10-05T06:00,24.8,87,6.3,986.6,14.5,0.0
2024-10-05T07:00,26.1,84,5.5,987.4,346.0,0.0
2024-10-05T08:00,27.7,79,6.9,988.1,564.8,0.0
2024-10-05T09:00,29.4,71,6.5,988.3,691.1,0.0
2024-10-05T10:00,31.0,65,7.0,988.1,768.1,0.0
2024-10-05T11:00,32.1,61,6.8,987.3,805.4,0.0
2024-10-05T12:00,32.9,57,5.1,986.2,753.9,0.0
2024-10-05T13:00,33.4,55,4.5,985.2,703.8,0.0
2024-10-05T14:00,33.3,53,6.2,984.3,638.5,0.0
2024-10-05T15:00,32.8,52,6.6,984.1,601.1,0.0
2024-10-05T16:00,32.3,58,2.8,984.2,353.7,0.0
2024-10-05T17:00,30.3,68,4.5,984.3,259.1,0.0
2024-10-05T18:00,28.6,71,3.3,984.6,27.5,0.0
2024-10-05T19:00,28.8,67,2.4,985.7,0.0,0.0
2024-10-05T20:00,26.6,78,3.8,986.6,0.0,0.0
2024-10-05T21:00,26.5,77,8.8,987.5,0.0,0.0
2024-10-05T22:00,25.9,79,6.7,987.8,0.0,0.0
2024-10-05T23:00,25.9,80,7.8,987.5,0.0,0.0
2024-10-06T00:00,25.9,82,5.9,987.1,0.0,0.0
2024-10-06T01:00,25.5,84,4.5,986.9,0.0,0.0
2024-10-06T02:00,24.9,89,3.7,986.5,0.0,0.0
2024-10-06T03:00,24.9,90,3.6,986.6,0.0,0.0
2024-10-06T04:00,24.6,88,3.5,986.6,0.0,0.0
2024-10-06T05:00,24.4,90,2.4,987.0,0.0,0.0
2024-10-06T06:00,23.4,92,2.9,988.0,14.7,0.0
2024-10-06T07:00,25.4,84,2.7,988.9,304.5,0.0
2024-10-06T08:00,27.5,75,1.7,989.3,497.3,0.0
2024-10-06T09:00,29.3,68,2.4,989.6,619.7,0.0
2024-10-06T10:00,31.0,62,3.8,989.4,752.1,0.0
2024-10-06T11:00,32.2,56,5.3,988.5,792.7,0.0
2024-10-06T12:00,33.0,53,6.0,987.7,764.1,0.0
2024-10-06T13:00,33.5,51,6.2,986.9,753.4,0.0
2024-10-06T14:00,33.1,51,7.5,986.0,619.5,0.1
2024-10-06T15:00,32.9,51,5.9,985.5,606.0,0.3
2024-10-06T16:00,32.1,56,5.9,985.5,519.0,0.0
2024-10-06T17:00,30.0,66,6.3,985.8,244.7,0.2
2024-10-06T18:00,28.4,72,6.0,986.3,14.1,0.0
2024-10-06T19:00,27.3,75,6.0,987.1,0.0,0.0
2024-10-06T20:00,26.9,74,6.1,987.9,0.0,0.0
2024-10-06T21:00,25.7,81,7.2,988.2,0.0,0.0
2024-10-06T22:00,25.3,82,6.2,988.3,0.0,0.0
2024-10-06T23:00,24.5,83,4.5,988.3,0.0,0.0
2024-10-07T00:00,23.6,87,6.2,988.1,0.0,0.0
2024-10-07T01:00,23.5,86,5.7,987.9,0.0,0.0
2024-10-07T02:00,23.1,87,4.0,987.7,0.0,0.0
2024-10-07T03:00,23.7,84,3.2,987.9,0.0,0.0
2024-10-07T04:00,23.0,86,7.0,988.2,0.0,0.0
2024-10-07T05:00,22.5,88,5.4,988.5,0.0,0.0
2024-10-07T06:00,24.0,83,3.5,989.3,14.8,0.0
2024-10-07T07:00,25.8,79,2.1,990.3,335.6,0.0
2024-10-07T08:00,28.0,68,2.3,991.2,566.4,0.0
2024-10-07T09:00,29.8,63,3.1,991.3,690.4,0.0
2024-10-07T10:00,31.1,59,3.4,991.0,754.3,0.0
2024-10-07T11:00,32.2,51,5.1,990.2,718.9,0.0
2024-10-07T12:00,32.7,48,5.4,989.2,657.5,0.0
2024-10-07T13:00,32.7,48,4.8,988.2,514.1,0.0
2024-10-07T14:00,32.7,48,4.0,986.6,509.9,0.0
2024-10-07T15:00,32.7,48,2.9,986.2,577.6,0.0
2024-10-07T16:00,32.3,54,2.0,986.4,486.4,0.0
2024-10-07T17:00,30.5,78,1.6,986.7,316.0,0.0
2024-10-07T18:00,29.4,66,3.8,987.7,14.5,0.0
2024-10-07T19:00,27.5,78,6.2,988.5,0.0,0.0
2024-10-07T20:00,27.0,77,5.8,989.4,0.0,0.0
2024-10-07T21:00,26.4,80,5.6,989.4,0.0,0.0
2024-10-07T22:00,26.0,83,5.6,989.2,0.0,0.0
2024-10-07T23:00,25.5,84,5.5,989.1,0.0,0.0
2024-10-08T00:00,25.3,84,5.1,989.1,0.0,0.0
2024-10-08T01:00,25.2,82,3.6,988.7,0.0,0.0
2024-10-08T02:00,24.9,84,5.4,988.4,0.0,0.0
2024-10-08T03:00,24.5,86,6.3,988.3,0.0,0.0
2024-10-08T04:00,24.3,88,5.8,988.4,0.0,0.0
2024-10-08T05:00,23.8,93,5.2,988.9,0.0,0.0
2024-10-08T06:00,25.0,87,6.8,990.0,0.0,0.0
2024-10-08T07:00,26.2,84,6.8,991.1,181.1,0.0
2024-10-08T08:00,27.8,77,6.3,991.6,337.8,0.0
2024-10-08T09:00,29.4,70,5.4,991.9,493.3,0.0
2024-10-08T10:00,30.4,66,4.8,991.7,669.5,0.1
2024-10-08T11:00,31.2,64,2.7,990.6,665.5,0.1
2024-10-08T12:00,31.6,63,0.6,989.5,674.2,0.1
2024-10-08T13:00,31.9,60,1.2,987.4,511.4,0.1
2024-10-08T14:00,31.6,60,5.6,986.6,339.7,0.0
2024-10-08T15:00,28.8,77,8.9,987.0,163.7,2.0
2024-10-08T16:00,28.9,72,1.4,987.2,265.0,1.1
2024-10-08T17:00,28.0,80,2.3,987.8,185.1,1.6
2024-10-08T18:00,26.1,90,3.4,988.4,14.8,0.0
2024-10-08T19:00,25.8,94,2.9,989.0,0.0,0.0
2024-10-08T20:00,25.4,96,3.9,989.7,0.0,0.0
2024-10-08T21:00,25.5,94,4.4,989.9,0.0,0.0
2024-10-08T22:00,26.0,91,1.1,989.6,0.0,0.0
2024-10-08T23:00,24.7,97,4.0,989.1,0.0,0.0
2024-10-09T00:00,24.7,96,4.0,988.4,0.0,0.0
2024-10-09T01:00,25.1,94,3.1,987.9,0.0,0.0
2024-10-09T02:00,24.0,98,4.0,987.4,0.0,0.0
2024-10-09T03:00,23.9,98,4.5,987.2,0.0,0.0
2024-10-09T04:00,23.5,99,3.1,987.1,0.0,0.0
2024-10-09T05:00,23.5,99,3.0,987.4,0.0,0.0
2024-10-09T06:00,24.7,95,2.7,988.9,15.1,0.0
2024-10-09T07:00,26.0,90,1.5,989.4,310.4,0.0
2024-10-09T08:00,27.5,82,3.3,990.1,526.2,0.0
2024-10-09T09:00,29.0,75,4.8,990.4,652.7,0.1
2024-10-09T10:00,30.0,71,3.3,990.0,627.3,0.1
2024-10-09T11:00,30.8,68,2.6,989.1,678.0,0.1
2024-10-09T12:00,31.7,61,4.0,987.8,676.4,0.1
2024-10-09T13:00,31.8,57,4.2,986.1,144.0,0.0
2024-10-09T14:00,32.1,55,0.7,985.1,205.8,0.0
2024-10-09T15:00,30.1,65,9.3,984.9,309.9,0.1
2024-10-09T16:00,29.4,72,7.6,984.7,272.0,0.1
2024-10-09T17:00,28.6,77,5.6,985.1,188.3,0.0
2024-10-09T18:00,28.3,73,7.7,986.1,15.2,0.0
2024-10-09T19:00,27.5,79,7.1,987.0,0.0,0.0
2024-10-09T20:00,26.6,86,4.3,987.5,0.0,0.0
2024-10-09T21:00,26.1,86,4.4,988.4,0.0,0.1
2024-10-09T22:00,23.3,93,3.4,988.7,0.0,7.1
2024-10-09T23:00,23.5,95,2.7,988.7,0.0,0.1
2024-10-10T00:00,23.3,98,4.0,987.8,0.0,0.0
2024-10-10T01:00,23.5,98,1.9,987.0,0.0,0.0
2024-10-10T02:00,23.0,99,3.0,986.2,0.0,0.0
2024-10-10T03:00,23.4,97,2.8,985.9,0.0,0.0
2024-10-10T04:00,23.2,98,3.1,986.1,0.0,0.0
2024-10-10T05:00,22.6,99,3.0,986.4,0.0,0.0
2024-10-10T06:00,24.1,94,5.0,987.6,15.2,0.0
2024-10-10T07:00,25.4,88,4.7,988.2,317.4,0.0
2024-10-10T08:00,26.9,82,4.0,988.9,537.6,0.0
2024-10-10T09:00,28.4,75,5.6,989.4,651.6,0.0
2024-10-10T10:00,29.7,71,4.5,989.0,657.9,0.0
2024-10-10T11:00,30.5,68,4.4,988.1,691.7,0.0
2024-10-10T12:00,31.1,66,5.0,986.9,652.8,0.0
2024-10-10T13:00,31.5,64,3.5,985.3,655.2,0.0
2024-10-10T14:00,31.8,62,2.2,984.2,699.9,0.0
2024-10-10T15:00,31.8,61,3.5,983.7,680.1,0.0
2024-10-10T16:00,31.4,62,3.4,983.5,543.8,0.0
2024-10-10T17:00,29.8,71,4.5,983.5,297.6,0.0
2024-10-10T18:00,28.1,83,2.5,985.5,0.0,0.0
2024-10-10T19:00,28.0,84,3.1,986.4,0.0,0.0
2024-10-10T20:00,27.8,84,4.2,986.9,0.0,0.0
2024-10-10T21:00,27.3,81,3.8,987.0,0.0,0.0
2024-10-10T22:00,26.2,87,4.8,987.2,0.0,0.0
2024-10-10T23:00,26.2,86,5.3,987.2,0.0,0.0
2024-10-11T00:00,25.6,89,4.5,986.7,0.0,0.0
2024-10-11T01:00,24.9,93,4.3,986.0,0.0,0.0
2024-10-11T02:00,24.7,93,3.5,985.6,0.0,0.0
2024-10-11T03:00,24.4,94,3.3,985.6,0.0,0.0
2024-10-11T04:00,23.9,97,3.3,986.2,0.0,0.0
2024-10-11T05:00,23.9,97,2.1,986.5,0.0,0.0
2024-10-11T06:00,24.4,96,5.1,987.5,15.4,0.0
2024-10-11T07:00,25.6,90,5.2,988.6,269.7,0.0
2024-10-11T08:00,27.0,82,10.0,989.3,360.6,0.0
2024-10-11T09:00,27.2,80,10.0,989.6,210.9,0.5
2024-10-11T10:00,27.6,80,7.9,989.3,265.8,0.8
2024-10-11T11:00,28.0,78,6.5,988.0,143.7,0.5
2024-10-11T12:00,28.8,75,7.3,986.7,208.6,0.3
2024-10-11T13:00,29.8,70,5.7,985.7,436.5,0.1
2024-10-11T14:00,30.4,67,4.5,984.5,484.9,0.0
2024-10-11T15:00,30.6,66,5.0,983.7,615.5,0.0
2024-10-11T16:00,30.4,67,4.7,983.7,500.7,0.0
2024-10-11T17:00,29.4,83,2.8,984.5,256.7,0.0
2024-10-11T18:00,29.3,73,2.5,985.3,16.1,0.0
2024-10-11T19:00,27.4,85,3.5,986.1,0.0,0.0
2024-10-11T20:00,26.8,86,4.3,987.2,0.0,0.0
2024-10-11T21:00,26.8,86,3.6,987.5,0.0,0.0
2024-10-11T22:00,26.6,85,5.5,987.6,0.0,0.0
2024-10-11T23:00,25.9,82,9.1,987.2,0.0,0.1
2024-10-12T00:00,25.2,85,13.2,987.6,0.0,1.1
2024-10-12T01:00,23.9,93,7.8,986.9,0.0,6.4
2024-10-12T02:00,24.0,94,5.6,986.7,0.0,0.1
2024-10-12T03:00,23.8,96,4.8,986.8,0.0,0.0
2024-10-12T04:00,23.5,97,3.4,987.1,0.0,0.0
2024-10-12T05:00,23.1,98,4.8,987.5,0.0,0.0
2024-10-12T06:00,24.2,92,2.9,988.7,0.0,0.0
2024-10-12T07:00,25.0,90,3.6,989.4,100.6,0.0
2024-10-12T08:00,26.3,83,3.9,990.0,172.8,0.0
2024-10-12T09:00,27.9,77,5.8,990.4,432.9,0.2
2024-10-12T10:00,28.8,72,7.1,989.9,356.0,0.2
2024-10-12T11:00,30.0,68,5.5,989.0,609.4,0.1
2024-10-12T12:00,30.5,67,6.5,987.6,556.6,0.1
2024-10-12T13:00,30.9,67,4.7,986.5,616.7,0.1
2024-10-12T14:00,31.3,65,4.2,985.6,670.6,0.0
2024-10-12T15:00,30.9,65,4.9,985.0,351.4,0.0
2024-10-12T16:00,29.1,73,8.1,985.1,389.5,0.1
2024-10-12T17:00,28.4,81,3.3,986.0,235.2,0.0
2024-10-12T18:00,29.0,75,3.1,986.8,0.0,0.0
2024-10-12T19:00,27.0,88,5.4,987.2,0.0,0.0
2024-10-12T20:00,26.7,87,4.4,988.1,0.0,0.0
2024-10-12T21:00,26.2,90,4.0,988.5,0.0,0.0
2024-10-12T22:00,25.6,93,4.1,988.2,0.0,0.0
2024-10-12T23:00,25.4,94,4.1,987.9,0.0,0.0
2024-10-13T00:00,25.1,95,4.6,987.7,0.0,0.0
2024-10-13T01:00,24.1,95,17.0,988.1,0.0,4.5
2024-10-13T02:00,23.9,93,6.2,988.1,0.0,1.6
2024-10-13T03:00,23.4,95,3.6,987.7,0.0,4.4
2024-10-13T04:00,23.2,98,1.9,987.9,0.0,0.0
2024-10-13T05:00,23.2,98,4.7,988.7,0.0,0.0
2024-10-13T06:00,25.2,93,4.6,988.7,15.7,0.0
2024-10-13T07:00,26.6,88,5.1,989.4,309.1,0.0
2024-10-13T08:00,28.0,81,5.7,990.0,532.3,0.0
2024-10-13T09:00,29.4,73,6.2,990.2,661.4,0.0
2024-10-13T10:00,30.5,68,6.5,989.7,633.8,0.0
2024-10-13T11:00,31.3,65,5.9,988.7,692.5,0.0
2024-10-13T12:00,32.0,64,6.0,987.5,700.4,0.0
2024-10-13T13:00,32.4,62,4.9,986.7,692.2,0.0
2024-10-13T14:00,32.3,61,4.4,985.9,673.7,0.0
2024-10-13T15:00,31.6,62,4.4,984.6,419.5,0.3
2024-10-13T16:00,29.6,69,11.1,985.4,378.3,0.1
2024-10-13T17:00,28.4,78,8.4,985.7,191.6,0.0
2024-10-13T18:00,27.7,82,4.8,986.4,0.0,0.0
2024-10-13T19:00,26.8,90,6.1,987.5,0.0,0.0
2024-10-13T20:00,26.3,92,4.7,988.0,0.0,0.0
2024-10-13T21:00,26.0,94,4.9,988.1,0.0,0.0
2024-10-13T22:00,25.9,94,1.9,988.1,0.0,0.0
2024-10-13T23:00,25.5,96,3.1,988.1,0.0,0.0
2024-10-14T00:00,25.2,96,5.3,987.7,0.0,0.0
2024-10-14T01:00,24.9,96,5.7,987.1,0.0,0.0
2024-10-14T02:00,24.6,97,6.1,986.5,0.0,0.0
2024-10-14T03:00,24.5,98,7.5,986.9,0.0,0.0
2024-10-14T04:00,24.2,99,5.2,987.1,0.0,0.0
2024-10-14T05:00,23.9,99,4.5,987.4,0.0,0.0
2024-10-14T06:00,24.6,94,1.4,988.9,15.9,0.0
2024-10-14T07:00,25.9,88,0.7,989.7,336.9,0.0
2024-10-14T08:00,27.3,81,2.3,990.1,563.2,0.0
2024-10-14T09:00,28.7,74,3.4,990.4,706.3,0.0
2024-10-14T10:00,30.2,69,3.8,990.0,758.8,0.0
2024-10-14T11:00,31.3,64,4.7,989.0,795.1,0.0
2024-10-14T12:00,32.3,58,6.2,987.8,780.3,0.0
2024-10-14T13:00,32.6,55,7.4,986.8,744.6,0.0
2024-10-14T14:00,32.7,54,6.7,985.7,672.8,0.0
2024-10-14T15:00,32.4,56,6.0,984.9,561.5,0.0
2024-10-14T16:00,31.7,60,5.0,984.8,513.5,0.0
2024-10-14T17:00,29.9,73,4.8,985.1,319.6,0.0
2024-10-14T18:00,29.0,73,6.5,986.7,0.0,0.0
2024-10-14T19:00,27.7,84,6.5,987.1,0.0,0.0
2024-10-14T20:00,27.1,86,5.9,987.7,0.0,0.0
2024-10-14T21:00,26.7,86,3.9,988.0,0.0,0.0
2024-10-14T22:00,26.1,89,4.1,988.3,0.0,0.0
2024-10-14T23:00,26.1,89,3.4,988.0,0.0,0.0
2024-10-15T00:00,25.3,94,2.2,987.4,0.0,0.0
2024-10-15T01:00,25.2,94,2.3,986.8,0.0,0.0
2024-10-15T02:00,25.0,94,4.3,986.3,0.0,0.0
2024-10-15T03:00,24.7,94,4.5,986.3,0.0,0.0
2024-10-15T04:00,24.4,94,4.1,986.6,0.0,0.0
2024-10-15T05:00,24.0,94,4.3,987.1,0.0,0.0
2024-10-15T06:00,24.9,89,5.0,987.6,16.1,0.0
2024-10-15T07:00,26.4,84,4.7,988.8,334.4,0.0
2024-10-15T08:00,28.1,77,6.0,990.0,556.1,0.0
2024-10-15T09:00,29.5,72,5.9,990.3,666.1,0.0
2024-10-15T10:00,30.8,65,6.8,989.8,742.8,0.0
2024-10-15T11:00,31.6,60,7.0,988.8,685.3,0.0
2024-10-15T12:00,32.2,57,5.9,987.6,712.2,0.0
2024-10-15T13:00,32.7,56,5.0,986.5,746.4,0.0
2024-10-15T14:00,32.5,55,3.3,985.3,595.5,0.0
2024-10-15T15:00,32.6,55,3.8,984.9,613.2,0.0
2024-10-15T16:00,31.8,59,4.8,985.0,475.9,0.0
2024-10-15T17:00,29.9,70,5.0,985.3,253.7,0.0
2024-10-15T18:00,28.5,76,5.2,985.6,0.0,0.0
2024-10-15T19:00,28.1,75,6.8,986.6,0.0,0.0
2024-10-15T20:00,27.8,74,7.0,987.5,0.0,0.0
2024-10-15T21:00,27.0,77,5.7,987.6,0.0,0.0
2024-10-15T22:00,26.6,78,7.4,987.3,0.0,0.0
2024-10-15T23:00,26.4,78,7.2,987.3,0.0,0.0
2024-10-16T00:00,26.0,80,6.2,987.2,0.0,0.0
2024-10-16T01:00,25.1,85,5.6,986.7,0.0,0.0
2024-10-16T02:00,24.9,85,4.9,986.1,0.0,0.0
2024-10-16T03:00,24.8,84,5.6,985.6,0.0,0.0
2024-10-16T04:00,24.6,85,5.0,985.6,0.0,0.0
2024-10-16T05:00,23.9,89,7.0,986.6,0.0,0.0
2024-10-16T06:00,24.9,83,2.2,987.4,16.3,0.0
2024-10-16T07:00,26.1,81,2.7,988.6,326.8,0.0
2024-10-16T08:00,27.8,75,4.6,989.3,532.1,0.0
2024-10-16T09:00,29.5,69,5.8,989.6,671.8,0.0
2024-10-16T10:00,31.0,61,7.7,989.4,751.9,0.0
2024-10-16T11:00,31.9,56,7.8,988.3,738.7,0.0
2024-10-16T12:00,32.5,53,6.9,987.0,750.3,0.0
2024-10-16T13:00,32.7,51,5.5,985.8,676.5,0.0
2024-10-16T14:00,33.0,50,5.7,984.8,739.4,0.0
2024-10-16T15:00,32.9,51,7.1,984.3,657.0,0.0
2024-10-16T16:00,32.0,56,5.9,984.7,552.0,0.0
2024-10-16T17:00,29.8,73,5.9,985.1,291.9,0.0
2024-10-16T18:00,28.7,73,6.7,985.1,0.0,0.0
2024-10-16T19:00,27.7,76,4.6,985.5,0.0,0.0
2024-10-16T20:00,27.4,74,7.1,986.3,0.0,0.0
2024-10-16T21:00,27.6,70,8.5,986.9,0.0,0.0
2024-10-16T22:00,27.4,70,8.7,987.3,0.0,0.0
2024-10-16T23:00,27.3,71,11.0,987.0,0.0,0.0
2024-10-17T00:00,26.7,74,10.7,986.5,0.0,0.0
2024-10-17T01:00,26.3,76,11.5,985.8,0.0,0.0
2024-10-17T02:00,26.0,76,10.0,985.5,0.0,0.0
2024-10-17T03:00,25.5,78,6.9,985.7,0.0,0.0
2024-10-17T04:00,25.1,79,6.7,985.9,0.0,0.0
2024-10-17T05:00,24.8,81,6.7,986.4,0.0,0.0
2024-10-17T06:00,25.3,84,4.7,987.3,0.0,0.0
2024-10-17T07:00,26.5,80,3.9,988.3,277.2,0.0
2024-10-17T08:00,28.3,75,4.7,988.6,532.2,0.0
2024-10-17T09:00,29.9,70,5.0,989.1,659.4,0.0
2024-10-17T10:00,31.1,66,6.3,989.0,727.8,0.0
2024-10-17T11:00,32.1,62,6.0,987.7,728.1,0.0
2024-10-17T12:00,32.9,58,5.8,986.5,720.7,0.0
2024-10-17T13:00,33.4,56,6.1,985.2,745.0,0.0
2024-10-17T14:00,33.7,54,7.5,983.8,671.2,0.0
2024-10-17T15:00,32.2,59,8.6,983.4,547.5,0.5
2024-10-17T16:00,31.1,64,6.2,984.7,373.5,0.0
2024-10-17T17:00,30.1,69,5.6,984.9,171.4,0.0
2024-10-17T18:00,29.0,76,5.5,985.3,0.0,0.0
2024-10-17T19:00,29.1,72,7.7,986.3,0.0,0.0
2024-10-17T20:00,28.5,75,6.7,986.9,0.0,0.0
2024-10-17T21:00,27.6,81,5.1,987.3,0.0,0.0
2024-10-17T22:00,27.1,83,5.7,987.2,0.0,0.0
2024-10-17T23:00,26.5,86,5.1,987.0,0.0,0.0
2024-10-18T00:00,26.2,87,6.2,986.7,0.0,0.0
2024-10-18T01:00,25.8,91,3.1,986.3,0.0,0.0
2024-10-18T02:00,25.6,91,3.0,985.7,0.0,0.0
2024-10-18T03:00,25.3,93,4.2,985.7,0.0,0.0
2024-10-18T04:00,25.1,94,4.2,986.0,0.0,0.0
2024-10-18T05:00,24.8,95,3.8,986.4,0.0,0.0
2024-10-18T06:00,26.5,85,4.4,987.4,0.0,0.0
2024-10-18T07:00,26.7,84,10.7,988.7,105.5,0.0
2024-10-18T08:00,27.5,82,7.5,989.4,274.7,0.1
2024-10-18T09:00,28.9,76,5.1,989.9,474.0,0.0
2024-10-18T10:00,30.1,71,2.7,989.4,632.5,0.4
2024-10-18T11:00,30.6,70,2.8,988.4,593.1,0.4
2024-10-18T12:00,31.1,69,2.3,987.1,571.9,0.3
2024-10-18T13:00,31.5,67,1.9,986.0,554.3,0.2
2024-10-18T14:00,31.7,66,2.5,985.0,506.0,0.1
2024-10-18T15:00,29.9,71,7.9,984.6,277.0,1.8
2024-10-18T16:00,28.8,76,6.6,985.0,192.1,0.1
2024-10-18T17:00,28.4,80,3.9,985.3,69.8,0.0
2024-10-18T18:00,28.1,82,5.0,986.1,0.0,0.0
2024-10-18T19:00,27.3,87,4.0,986.8,0.0,0.0
2024-10-18T20:00,26.8,90,4.2,987.7,0.0,0.0
2024-10-18T21:00,26.6,90,5.3,987.6,0.0,0.0
2024-10-18T22:00,26.3,92,3.8,987.8,0.0,0.0
2024-10-18T23:00,25.9,94,4.2,987.9,0.0,0.0
2024-10-19T00:00,25.6,93,5.0,988.0,0.0,0.3
2024-10-19T01:00,25.6,90,9.2,987.7,0.0,0.1
2024-10-19T02:00,24.8,92,9.3,987.8,0.0,0.7
2024-10-19T03:00,23.9,94,6.3,988.4,0.0,1.9
2024-10-19T04:00,23.6,98,3.5,988.6,0.0,0.1
2024-10-19T05:00,23.5,98,1.5,988.5,0.0,0.0
2024-10-19T06:00,25.4,96,1.6,988.9,0.0,0.0
2024-10-19T07:00,26.3,92,1.8,989.7,266.2,0.0
2024-10-19T08:00,27.9,84,4.2,990.1,539.8,0.0
2024-10-19T09:00,29.5,75,4.3,990.2,674.5,0.0
2024-10-19T10:00,30.8,70,4.7,990.1,710.0,0.0
2024-10-19T11:00,31.7,67,5.8,989.1,713.9,0.0
2024-10-19T12:00,32.3,63,5.1,988.0,672.6,0.0
2024-10-19T13:00,32.2,62,4.5,987.0,147.3,0.1
2024-10-19T14:00,30.4,69,11.7,986.1,15.0,0.9
2024-10-19T15:00,26.8,84,5.6,986.5,119.6,5.2
2024-10-19T16:00,26.7,85,4.9,986.2,249.7,0.1
2024-10-19T17:00,26.5,87,2.7,986.6,183.5,0.0
2024-10-19T18:00,26.7,87,3.8,987.3,0.0,0.0
2024-10-19T19:00,25.7,93,5.0,988.0,0.0,0.0
2024-10-19T20:00,25.6,92,4.2,988.9,0.0,0.0
2024-10-19T21:00,25.5,93,4.7,989.4,0.0,0.0
2024-10-19T22:00,25.4,92,5.4,989.7,0.0,0.0
2024-10-19T23:00,24.7,95,5.7,989.7,0.0,0.0
2024-10-20T00:00,24.8,94,5.6,989.0,0.0,0.0
2024-10-20T01:00,24.3,96,4.3,988.6,0.0,0.0
2024-10-20T02:00,24.0,98,4.4,988.5,0.0,0.0
2024-10-20T03:00,24.1,98,3.3,988.5,0.0,0.0
2024-10-20T04:00,23.9,99,4.4,988.6,0.0,0.0
2024-10-20T05:00,23.5,99,2.9,989.1,0.0,0.0
2024-10-20T06:00,23.9,98,2.3,990.9,0.0,0.0
2024-10-20T07:00,25.1,91,1.0,991.6,150.4,0.0
2024-10-20T08:00,26.6,82,2.4,992.4,267.6,0.0
2024-10-20T09:00,27.8,77,1.9,992.7,290.0,0.1
2024-10-20T10:00,28.1,75,2.3,992.2,64.8,0.1
2024-10-20T11:00,29.0,73,1.2,991.1,213.1,0.2
2024-10-20T12:00,29.7,71,2.0,989.6,253.7,0.2
2024-10-20T13:00,30.4,67,3.0,988.7,464.1,0.1
2024-10-20T14:00,30.4,65,5.5,987.9,228.6,0.1
2024-10-20T15:00,27.3,80,9.8,988.0,0.0,10.4
2024-10-20T16:00,26.0,87,2.4,988.5,23.1,6.3
2024-10-20T17:00,25.6,91,2.4,988.8,0.0,0.5
2024-10-20T18:00,24.8,91,2.1,989.2,0.0,0.1
2024-10-20T19:00,24.3,96,3.3,989.5,0.0,0.0
2024-10-20T20:00,24.1,95,6.6,990.4,0.0,0.0
2024-10-20T21:00,23.7,96,4.2,990.6,0.0,0.0
2024-10-20T22:00,23.4,98,3.8,990.8,0.0,0.0
2024-10-20T23:00,23.4,98,5.3,990.4,0.0,0.0
2024-10-21T00:00,23.0,98,3.8,989.7,0.0,0.0
2024-10-21T01:00,23.4,98,2.9,989.2,0.0,0.0
2024-10-21T02:00,23.4,98,4.0,989.3,0.0,0.0
2024-10-21T03:00,23.5,98,4.8,989.3,0.0,0.0
2024-10-21T04:00,22.8,98,3.8,989.3,0.0,0.0
2024-10-21T05:00,22.6,99,3.9,989.7,0.0,0.0
2024-10-21T06:00,24.7,96,4.2,990.0,0.0,0.0
2024-10-21T07:00,25.5,93,1.7,990.8,238.6,0.0
2024-10-21T08:00,26.8,88,2.8,991.7,481.1,0.0
2024-10-21T09:00,28.4,75,5.8,991.9,607.5,0.0
2024-10-21T10:00,29.8,65,7.1,991.7,681.3,0.0
2024-10-21T11:00,30.8,59,7.3,990.8,710.5,0.0
2024-10-21T12:00,31.5,55,7.4,989.7,724.2,0.0
2024-10-21T13:00,31.8,52,5.3,988.7,726.3,0.0
2024-10-21T14:00,32.0,51,5.8,987.3,698.5,0.0
2024-10-21T15:00,31.9,52,6.1,986.5,651.5,0.0
2024-10-21T16:00,31.1,57,4.9,986.5,497.0,0.0
2024-10-21T17:00,29.0,76,4.9,987.2,279.5,0.0
2024-10-21T18:00,26.6,85,3.0,987.8,0.0,0.0
2024-10-21T19:00,26.0,86,3.6,989.1,0.0,0.0
2024-10-21T20:00,25.3,90,4.8,989.8,0.0,0.0
2024-10-21T21:00,24.9,91,4.3,990.0,0.0,0.0
2024-10-21T22:00,24.5,92,6.0,989.9,0.0,0.0
2024-10-21T23:00,24.7,91,4.8,990.3,0.0,0.0
2024-10-22T00:00,24.6,90,2.9,989.8,0.0,0.0
2024-10-22T01:00,24.7,89,2.1,989.1,0.0,0.0
2024-10-22T02:00,23.6,95,3.5,988.7,0.0,0.0
2024-10-22T03:00,23.0,97,3.6,988.4,0.0,0.0
2024-10-22T04:00,23.0,97,3.9,988.8,0.0,0.0
2024-10-22T05:00,23.0,98,2.6,989.2,0.0,0.0
2024-10-22T06:00,23.3,99,2.7,990.4,0.0,0.0
2024-10-22T07:00,24.8,91,1.8,991.0,241.0,0.0
2024-10-22T08:00,26.6,83,1.3,991.6,451.4,0.0
2024-10-22T09:00,28.2,74,0.9,991.8,589.7,0.0
2024-10-22T10:00,29.4,67,1.9,991.5,630.8,0.0
2024-10-22T11:00,30.5,61,2.2,990.4,727.6,0.0
2024-10-22T12:00,31.2,55,3.6,989.3,762.0,0.0
2024-10-22T13:00,31.7,52,4.8,988.3,754.9,0.0
2024-10-22T14:00,32.0,50,6.2,987.7,687.8,0.0
2024-10-22T15:00,31.7,51,7.4,987.2,623.8,0.0
2024-10-22T16:00,30.7,55,7.4,987.1,514.1,0.0
2024-10-22T17:00,28.6,64,5.5,987.4,294.4,0.0
2024-10-22T18:00,27.1,71,5.6,987.8,0.0,0.0
2024-10-22T19:00,25.9,74,5.1,988.5,0.0,0.0
2024-10-22T20:00,25.4,75,5.7,989.3,0.0,0.0
2024-10-22T21:00,25.7,71,7.6,989.5,0.0,0.0
2024-10-22T22:00,25.1,75,6.2,989.8,0.0,0.0
2024-10-22T23:00,24.6,77,6.6,989.6,0.0,0.0
2024-10-23T00:00,24.0,78,5.5,989.3,0.0,0.0
2024-10-23T01:00,22.9,85,6.7,988.6,0.0,0.0
2024-10-23T02:00,22.6,87,5.7,988.0,0.0,0.0
2024-10-23T03:00,22.1,87,4.7,987.7,0.0,0.0
2024-10-23T04:00,21.8,90,4.4,987.7,0.0,0.0
2024-10-23T05:00,21.7,91,4.9,988.1,0.0,0.0
2024-10-23T06:00,22.6,90,4.7,989.2,0.0,0.0
2024-10-23T07:00,24.3,84,3.7,990.5,348.5,0.0
2024-10-23T08:00,26.6,75,4.2,991.1,578.5,0.0
2024-10-23T09:00,28.9,67,5.6,991.0,707.6,0.0
2024-10-23T10:00,30.9,53,7.9,990.6,776.5,0.0
2024-10-23T11:00,31.8,45,8.8,989.3,720.5,0.0
2024-10-23T12:00,32.3,42,10.3,988.0,768.4,0.0
2024-10-23T13:00,32.6,41,10.7,987.1,739.5,0.0
2024-10-23T14:00,32.6,40,11.0,986.2,745.1,0.0
2024-10-23T15:00,32.2,41,9.7,986.1,679.8,0.0
2024-10-23T16:00,31.0,49,7.0,986.0,520.9,0.0
2024-10-23T17:00,28.1,59,7.7,986.2,322.0,0.0
2024-10-23T18:00,26.1,66,7.6,986.8,0.0,0.0
2024-10-23T19:00,24.9,71,7.7,987.7,0.0,0.0
2024-10-23T20:00,24.2,73,6.1,987.9,0.0,0.0
2024-10-23T21:00,23.8,76,5.6,987.8,0.0,0.0
2024-10-23T22:00,23.5,76,5.9,988.0,0.0,0.0
2024-10-23T23:00,22.7,80,7.2,987.6,0.0,0.0
2024-10-24T00:00,22.2,81,7.1,987.3,0.0,0.0
2024-10-24T01:00,22.4,78,6.3,986.8,0.0,0.0
2024-10-24T02:00,22.3,74,6.9,986.5,0.0,0.0
2024-10-24T03:00,21.9,74,6.9,986.5,0.0,0.0
2024-10-24T04:00,21.6,76,8.2,986.4,0.0,0.0
2024-10-24T05:00,21.0,81,7.1,986.4,0.0,0.0
2024-10-24T06:00,21.1,85,6.7,987.5,0.0,0.0
2024-10-24T07:00,22.7,82,6.4,988.8,273.9,0.0
2024-10-24T08:00,24.8,72,6.7,989.6,483.9,0.0
2024-10-24T09:00,26.8,65,8.7,990.3,616.9,0.0
2024-10-24T10:00,28.6,58,9.9,989.9,698.6,0.0
2024-10-24T11:00,30.1,49,12.2,988.7,746.4,0.0
2024-10-24T12:00,30.9,45,12.8,987.3,761.9,0.0
2024-10-24T13:00,31.0,45,14.5,985.9,765.9,0.0
2024-10-24T14:00,30.8,46,15.7,984.8,769.4,0.0
2024-10-24T15:00,30.6,46,15.0,984.5,715.2,0.0
2024-10-24T16:00,29.7,51,11.2,984.7,540.9,0.0
2024-10-24T17:00,27.3,60,6.4,984.8,256.3,0.0
2024-10-24T18:00,25.3,68,5.7,985.7,0.0,0.0
2024-10-24T19:00,24.4,72,5.8,986.2,0.0,0.0
2024-10-24T20:00,23.4,76,6.9,986.5,0.0,0.0
2024-10-24T21:00,22.9,75,7.0,987.0,0.0,0.0
2024-10-24T22:00,23.0,68,7.4,987.2,0.0,0.0
2024-10-24T23:00,22.0,73,6.4,986.7,0.0,0.0
2024-10-25T00:00,21.5,77,5.9,986.5,0.0,0.0
2024-10-25T01:00,21.0,80,5.6,985.9,0.0,0.0
2024-10-25T02:00,21.1,80,6.8,985.7,0.0,0.0
2024-10-25T03:00,21.0,80,8.4,985.6,0.0,0.0
2024-10-25T04:00,20.8,81,7.3,986.0,0.0,0.0
2024-10-25T05:00,20.5,84,6.7,986.4,0.0,0.0
2024-10-25T06:00,21.4,84,8.1,987.1,0.0,0.0
2024-10-25T07:00,23.0,81,7.4,988.1,276.8,0.0
2024-10-25T08:00,25.2,74,7.9,988.9,509.3,0.0
2024-10-25T09:00,27.4,68,10.1,989.1,665.8,0.0
2024-10-25T10:00,29.1,64,11.7,988.3,750.9,0.0
2024-10-25T11:00,30.3,56,13.8,987.2,794.6,0.0
2024-10-25T12:00,30.9,55,14.4,986.0,762.4,0.0
2024-10-25T13:00,31.2,54,15.3,985.1,712.2,0.0
2024-10-25T14:00,31.0,54,15.7,984.3,642.7,0.0
2024-10-25T15:00,30.6,57,15.7,984.3,540.7,0.0
2024-10-25T16:00,30.0,59,13.4,984.6,494.5,0.0
2024-10-25T17:00,28.6,62,8.6,984.8,296.5,0.0
2024-10-25T18:00,27.0,70,6.6,985.6,0.0,0.0
2024-10-25T19:00,25.7,77,5.6,986.5,0.0,0.0
2024-10-25T20:00,25.0,80,5.6,987.2,0.0,0.0
2024-10-25T21:00,24.4,82,5.8,987.2,0.0,0.0
2024-10-25T22:00,24.1,82,5.7,987.4,0.0,0.0
2024-10-25T23:00,23.9,83,6.8,987.2,0.0,0.0
2024-10-26T00:00,23.5,84,6.7,986.8,0.0,0.0
2024-10-26T01:00,23.5,81,8.0,986.3,0.0,0.0
2024-10-26T02:00,23.4,78,8.6,986.2,0.0,0.0
2024-10-26T03:00,23.0,80,8.5,986.1,0.0,0.0
2024-10-26T04:00,22.7,82,8.8,986.4,0.0,0.0
2024-10-26T05:00,22.1,85,8.2,986.7,0.0,0.0
2024-10-26T06:00,22.8,86,6.8,988.1,0.0,0.0
2024-10-26T07:00,24.3,82,6.6,989.0,325.5,0.0
2024-10-26T08:00,26.3,74,8.0,989.9,562.9,0.0
2024-10-26T09:00,28.1,67,9.9,990.3,687.6,0.0
2024-10-26T10:00,29.6,61,12.1,989.7,762.1,0.0
2024-10-26T11:00,30.7,54,13.9,988.1,804.9,0.0
2024-10-26T12:00,31.6,50,13.2,986.7,826.0,0.0
2024-10-26T13:00,32.4,43,13.6,985.2,819.3,0.0
2024-10-26T14:00,32.4,38,14.9,984.1,797.6,0.0
2024-10-26T15:00,31.8,39,13.6,983.8,733.9,0.0
2024-10-26T16:00,30.1,48,11.4,984.2,573.8,0.0
2024-10-26T17:00,28.2,53,12.4,984.8,324.8,0.0
2024-10-26T18:00,25.8,66,6.1,985.9,0.0,0.0
2024-10-26T19:00,25.1,72,6.5,986.5,0.0,0.0
2024-10-26T20:00,26.2,63,3.3,987.1,0.0,0.0
2024-10-26T21:00,24.5,73,2.8,986.8,0.0,0.0
2024-10-26T22:00,23.8,78,4.0,986.5,0.0,0.0
2024-10-26T23:00,23.2,76,8.0,986.4,0.0,0.0
2024-10-27T00:00,23.0,76,6.5,986.1,0.0,0.0
2024-10-27T01:00,22.7,78,6.9,985.7,0.0,0.0
2024-10-27T02:00,22.6,79,7.0,985.1,0.0,0.0
2024-10-27T03:00,22.3,81,6.7,985.1,0.0,0.0
2024-10-27T04:00,22.0,83,6.5,985.3,0.0,0.0
2024-10-27T05:00,21.6,84,6.0,985.9,0.0,0.0
2024-10-27T06:00,21.6,88,5.9,987.0,0.0,0.0
2024-10-27T07:00,23.1,83,6.1,987.9,340.7,0.0
2024-10-27T08:00,25.3,75,5.5,988.5,571.3,0.0
2024-10-27T09:00,27.7,66,4.4,988.7,702.8,0.0
2024-10-27T10:00,29.4,60,2.9,988.3,770.7,0.0
2024-10-27T11:00,30.6,55,4.1,987.1,793.2,0.0
2024-10-27T12:00,31.1,52,6.5,985.7,687.0,0.0
2024-10-27T13:00,31.3,48,7.8,984.7,714.2,0.0
2024-10-27T14:00,31.0,48,8.7,983.8,556.7,0.0
2024-10-27T15:00,30.7,49,7.7,983.6,414.5,0.0
2024-10-27T16:00,30.1,53,6.9,983.8,350.3,0.0
2024-10-27T17:00,28.2,57,7.5,984.1,263.5,0.0
2024-10-27T18:00,26.6,56,7.7,984.9,0.0,0.0
2024-10-27T19:00,25.4,61,6.3,985.4,0.0,0.0
2024-10-27T20:00,24.5,68,7.5,985.4,0.0,0.0
2024-10-27T21:00,23.9,73,7.7,985.4,0.0,0.0
2024-10-27T22:00,24.8,67,4.5,985.4,0.0,0.0
2024-10-27T23:00,24.5,69,3.6,984.9,0.0,0.0
2024-10-28T00:00,24.8,65,2.2,984.4,0.0,0.0
2024-10-28T01:00,23.6,74,2.9,983.8,0.0,0.0
2024-10-28T02:00,23.9,72,5.4,983.9,0.0,0.0
2024-10-28T03:00,23.9,79,5.2,984.1,0.0,0.0
2024-10-28T04:00,24.0,77,2.8,984.3,0.0,0.0
2024-10-28T05:00,24.1,73,3.3,985.0,0.0,0.0
2024-10-28T06:00,24.3,75,5.3,985.7,0.0,0.0
2024-10-28T07:00,25.0,75,4.7,986.5,169.4,0.0
2024-10-28T08:00,26.7,72,3.1,987.3,479.7,0.0
2024-10-28T09:00,28.6,66,2.0,987.8,688.6,0.0
2024-10-28T10:00,30.0,61,3.1,987.4,755.7,0.0
2024-10-28T11:00,30.8,56,3.7,986.2,678.4,0.0
2024-10-28T12:00,30.8,56,3.4,984.9,606.9,0.2
2024-10-28T13:00,31.2,56,4.6,983.9,634.5,0.4
2024-10-28T14:00,31.3,57,6.9,982.8,543.7,0.1
2024-10-28T15:00,31.3,57,6.8,982.8,557.0,0.1
2024-10-28T16:00,30.6,59,5.4,983.4,421.4,0.0
2024-10-28T17:00,28.2,68,7.3,984.1,168.7,0.4
2024-10-28T18:00,27.1,78,3.9,984.6,0.0,0.0
2024-10-28T19:00,26.3,85,2.5,985.4,0.0,0.0
2024-10-28T20:00,25.8,85,2.4,986.1,0.0,0.0
2024-10-28T21:00,25.3,89,3.9,986.4,0.0,0.0
2024-10-28T22:00,24.9,90,4.2,986.1,0.0,0.0
2024-10-28T23:00,24.6,90,5.0,985.7,0.0,0.0
2024-10-29T00:00,24.8,88,6.3,985.5,0.0,0.0
2024-10-29T01:00,24.5,84,6.4,985.0,0.0,0.0
2024-10-29T02:00,24.1,86,6.4,984.9,0.0,0.0
2024-10-29T03:00,23.8,88,3.3,985.0,0.0,0.0
2024-10-29T04:00,24.2,86,2.7,985.5,0.0,0.0
2024-10-29T05:00,24.2,88,1.5,986.2,0.0,0.1
2024-10-29T06:00,24.5,88,5.1,987.0,0.0,0.0
2024-10-29T07:00,25.6,84,6.6,988.2,236.5,0.0
2024-10-29T08:00,26.6,78,4.0,989.0,379.4,0.0
2024-10-29T09:00,27.9,74,7.8,989.9,237.0,0.0
2024-10-29T10:00,28.4,72,5.8,989.5,280.9,0.1
2024-10-29T11:00,28.1,73,4.2,988.3,5.0,0.0
2024-10-29T12:00,28.7,71,2.0,987.1,68.6,0.0
2024-10-29T13:00,29.5,68,2.3,986.0,130.7,0.0
2024-10-29T14:00,30.7,63,4.9,985.1,593.2,0.0
2024-10-29T15:00,30.9,60,5.6,984.9,619.6,0.0
2024-10-29T16:00,30.4,63,5.9,985.1,510.2,0.0
2024-10-29T17:00,29.0,75,4.3,985.6,261.8,0.0
2024-10-29T18:00,28.1,74,6.2,985.7,0.0,0.0
2024-10-29T19:00,27.2,79,4.8,986.4,0.0,0.0
2024-10-29T20:00,26.8,81,6.8,987.3,0.0,0.0
2024-10-29T21:00,26.4,84,6.8,987.6,0.0,0.0
2024-10-29T22:00,25.8,86,5.2,987.8,0.0,0.0
2024-10-29T23:00,25.0,92,4.9,987.4,0.0,0.0
2024-10-30T00:00,24.7,92,3.7,986.9,0.0,0.0
2024-10-30T01:00,24.2,95,2.5,986.3,0.0,0.0
2024-10-30T02:00,23.8,97,2.7,985.9,0.0,0.0
2024-10-30T03:00,23.5,98,1.6,985.9,0.0,0.0
2024-10-30T04:00,23.5,97,2.7,986.3,0.0,0.0
2024-10-30T05:00,23.4,97,4.2,986.9,0.0,0.0
2024-10-30T06:00,24.3,96,4.0,987.6,0.0,0.0
2024-10-30T07:00,26.1,89,1.7,988.7,299.2,0.0
2024-10-30T08:00,28.2,77,2.0,989.3,522.0,0.0
2024-10-30T09:00,30.0,68,2.9,989.8,660.1,0.0
2024-10-30T10:00,31.4,61,5.0,989.5,729.6,0.0
2024-10-30T11:00,32.3,58,5.3,988.7,714.9,0.0
2024-10-30T12:00,32.9,54,5.9,987.3,674.5,0.0
2024-10-30T13:00,33.4,51,7.6,986.4,673.8,0.0
2024-10-30T14:00,33.3,50,7.5,985.6,570.1,0.0
2024-10-30T15:00,33.1,50,6.0,985.8,523.1,0.0
2024-10-30T16:00,30.1,64,10.9,986.6,355.7,0.8
2024-10-30T17:00,28.4,72,5.3,987.0,99.1,0.1
2024-10-30T18:00,27.8,80,3.3,987.8,0.0,0.0
2024-10-30T19:00,27.1,81,4.2,988.4,0.0,0.0
2024-10-30T20:00,26.6,84,4.5,989.3,0.0,0.0
2024-10-30T21:00,25.8,88,3.9,989.3,0.0,0.0
2024-10-30T22:00,25.7,87,9.7,989.8,0.0,0.0
2024-10-30T23:00,25.1,86,8.2,989.3,0.0,0.0
2024-10-31T00:00,24.6,88,10.5,989.3,0.0,0.0
2024-10-31T01:00,24.3,90,9.0,988.8,0.0,0.0
2024-10-31T02:00,24.1,91,6.2,988.4,0.0,0.0
2024-10-31T03:00,23.8,93,5.5,988.4,0.0,0.0
2024-10-31T04:00,23.5,94,5.3,988.4,0.0,0.0
2024-10-31T05:00,23.3,95,4.8,989.1,0.0,0.0
2024-10-31T06:00,24.5,96,0.9,989.4,0.0,0.0
2024-10-31T07:00,25.6,90,2.2,990.5,278.7,0.0
2024-10-31T08:00,27.3,81,4.7,991.4,386.7,0.0
2024-10-31T09:00,28.8,75,4.6,991.8,538.3,0.0
2024-10-31T10:00,29.9,70,4.7,991.5,580.5,0.1
2024-10-31T11:00,30.9,66,5.1,990.4,655.0,0.1
2024-10-31T12:00,31.6,62,3.9,989.1,667.4,0.0
2024-10-31T13:00,32.2,60,4.5,988.1,655.0,0.0
2024-10-31T14:00,32.5,58,5.2,987.2,618.6,0.0
2024-10-31T15:00,32.2,57,6.0,986.7,571.5,0.0
2024-10-31T16:00,31.6,58,5.0,986.8,447.9,0.0
2024-10-31T17:00,30.0,64,6.4,987.5,173.2,0.0
2024-10-31T18:00,27.9,77,4.2,988.0,0.0,0.4
2024-10-31T19:00,26.1,85,4.5,989.2,0.0,1.7
2024-10-31T20:00,25.1,88,6.3,990.0,0.0,3.1
2024-10-31T21:00,24.9,91,2.7,990.1,0.0,0.0
2024-10-31T22:00,24.8,94,4.4,989.8,0.0,1.0
2024-10-31T23:00,24.4,95,4.7,989.9,0.0,0.0
2024-11-01T00:00,24.3,94,7.0,989.4,0.0,0.1
2024-11-01T01:00,23.6,96,3.7,989.3,0.0,0.0
2024-11-01T02:00,23.4,98,3.5,988.8,0.0,0.0
2024-11-01T03:00,23.3,97,4.6,988.8,0.0,0.0
2024-11-01T04:00,23.2,97,4.5,989.2,0.0,0.0
2024-11-01T05:00,23.1,98,5.3,990.0,0.0,0.0
2024-11-01T06:00,24.2,96,1.8,990.6,0.0,0.0
2024-11-01T07:00,25.4,92,1.9,991.6,263.8,0.0
2024-11-01T08:00,27.1,84,2.7,992.6,528.6,0.0
2024-11-01T09:00,28.8,75,1.3,993.3,646.9,0.0
2024-11-01T10:00,30.0,69,4.5,992.9,597.0,0.1
2024-11-01T11:00,31.0,64,6.6,992.0,676.4,0.1
2024-11-01T12:00,31.8,56,7.3,990.7,696.8,0.0
2024-11-01T13:00,32.5,50,7.4,989.7,742.8,0.0
2024-11-01T14:00,32.9,48,7.5,988.6,705.2,0.0
2024-11-01T15:00,32.6,47,7.0,988.4,627.7,0.0
2024-11-01T16:00,31.8,50,5.4,988.7,490.7,0.0
2024-11-01T17:00,29.7,57,5.9,988.9,255.4,0.0
2024-11-01T18:00,27.7,70,6.0,989.5,0.0,0.0
2024-11-01T19:00,27.0,74,5.9,990.2,0.0,0.0
2024-11-01T20:00,28.1,63,2.3,991.0,0.0,0.0
2024-11-01T21:00,25.5,78,3.7,991.0,0.0,0.0
2024-11-01T22:00,24.2,83,6.7,990.8,0.0,0.0
2024-11-01T23:00,23.6,85,6.9,990.4,0.0,0.0
2024-11-02T00:00,24.6,78,3.4,990.3,0.0,0.0
2024-11-02T01:00,24.3,79,4.6,989.9,0.0,0.0
2024-11-02T02:00,22.1,89,2.9,989.6,0.0,0.0
2024-11-02T03:00,23.1,84,1.8,989.3,0.0,0.0
2024-11-02T04:00,21.8,93,8.4,989.5,0.0,0.0
2024-11-02T05:00,22.0,90,5.4,989.9,0.0,0.0
2024-11-02T06:00,21.7,97,3.7,991.0,0.0,0.0
2024-11-02T07:00,23.4,91,1.9,992.1,346.2,0.0
2024-11-02T08:00,25.9,81,0.3,993.0,584.9,0.0
2024-11-02T09:00,28.4,68,1.7,993.4,719.3,0.0
2024-11-02T10:00,30.5,56,2.2,993.1,791.3,0.0
2024-11-02T11:00,31.9,46,2.6,992.0,825.8,0.0
2024-11-02T12:00,33.0,40,4.5,990.7,834.0,0.0
2024-11-02T13:00,33.5,37,4.7,989.6,798.1,0.0
2024-11-02T14:00,33.6,35,5.4,988.7,629.9,0.0
2024-11-02T15:00,32.8,38,5.9,988.5,298.9,0.0
2024-11-02T16:00,31.8,42,5.5,988.7,312.4,0.0
2024-11-02T17:00,29.4,46,6.5,988.8,216.9,0.0
2024-11-02T18:00,27.6,59,6.7,989.4,0.0,0.0
2024-11-02T19:00,27.1,62,5.6,990.0,0.0,0.0
2024-11-02T20:00,26.3,61,5.2,990.5,0.0,0.0
2024-11-02T21:00,25.2,69,5.7,990.7,0.0,0.0
2024-11-02T22:00,24.3,76,8.3,990.7,0.0,0.0
2024-11-02T23:00,26.1,64,3.6,990.6,0.0,0.0
2024-11-03T00:00,26.0,65,0.6,990.3,0.0,0.0
2024-11-03T01:00,23.7,79,5.6,990.0,0.0,0.0
2024-11-03T02:00,24.8,69,2.5,989.6,0.0,0.0
2024-11-03T03:00,21.9,85,6.5,989.3,0.0,0.0
2024-11-03T04:00,21.9,80,7.3,989.6,0.0,0.0
2024-11-03T05:00,21.4,79,5.8,990.0,0.0,0.0
2024-11-03T06:00,21.8,84,3.9,991.2,0.0,0.0
2024-11-03T07:00,23.6,78,2.8,992.3,305.2,0.0
2024-11-03T08:00,26.4,67,4.6,993.1,532.8,0.0
2024-11-03T09:00,28.8,55,4.9,993.9,688.9,0.0
2024-11-03T10:00,30.2,51,4.2,993.6,761.8,0.0
2024-11-03T11:00,31.5,45,4.1,992.3,818.9,0.0
2024-11-03T12:00,32.6,39,4.9,991.1,826.1,0.0
2024-11-03T13:00,32.6,38,4.2,990.0,588.5,0.0
2024-11-03T14:00,32.6,37,1.9,988.8,418.3,0.0
2024-11-03T15:00,32.4,39,4.0,988.3,241.1,0.0
2024-11-03T16:00,31.3,45,5.4,988.4,337.5,0.0
2024-11-03T17:00,28.7,58,6.8,988.7,164.0,0.0
2024-11-03T18:00,27.4,63,5.6,989.6,0.0,0.0
2024-11-03T19:00,27.9,56,3.7,990.5,0.0,0.0
2024-11-03T20:00,25.9,68,7.0,990.9,0.0,0.0
2024-11-03T21:00,25.0,73,8.5,991.1,0.0,0.0
2024-11-03T22:00,24.5,75,7.4,991.3,0.0,0.0
2024-11-03T23:00,25.2,70,4.5,990.9,0.0,0.0
2024-11-04T00:00,25.1,68,2.6,990.2,0.0,0.0
2024-11-04T01:00,24.5,71,0.4,989.4,0.0,0.0
2024-11-04T02:00,22.1,84,3.0,988.7,0.0,0.0
2024-11-04T03:00,21.7,86,7.2,988.5,0.0,0.0
2024-11-04T04:00,22.4,82,6.0,989.1,0.0,0.0
2024-11-04T05:00,24.1,70,2.7,989.4,0.0,0.0
2024-11-04T06:00,22.6,86,2.3,990.6,0.0,0.0
2024-11-04T07:00,24.5,77,3.7,991.2,251.1,0.0
2024-11-04T08:00,26.4,68,4.2,991.8,169.0,0.0
2024-11-04T09:00,28.3,59,3.2,992.3,435.8,0.0
2024-11-04T10:00,30.1,52,2.6,992.1,684.8,0.0
2024-11-04T11:00,31.3,45,3.1,991.0,727.7,0.0
2024-11-04T12:00,31.8,42,4.6,989.8,665.4,0.0
2024-11-04T13:00,32.0,41,6.1,988.7,599.8,0.0
2024-11-04T14:00,32.1,40,6.3,987.8,560.6,0.0
2024-11-04T15:00,31.8,41,5.8,987.5,432.3,0.0
2024-11-04T16:00,30.8,51,2.7,987.5,374.4,0.0
2024-11-04T17:00,28.7,59,5.9,987.6,199.8,0.0
2024-11-04T18:00,26.9,53,9.4,988.3,0.0,0.0
2024-11-04T19:00,25.9,57,6.3,989.0,0.0,0.0
2024-11-04T20:00,24.6,68,7.6,989.6,0.0,0.0
2024-11-04T21:00,25.1,66,3.6,990.0,0.0,0.0
2024-11-04T22:00,23.2,74,4.2,989.8,0.0,0.0
2024-11-04T23:00,22.7,77,6.0,989.8,0.0,0.0
2024-11-05T00:00,24.3,66,3.3,989.8,0.0,0.0
2024-11-05T01:00,22.5,77,3.1,989.4,0.0,0.0
2024-11-05T02:00,23.6,70,2.8,989.2,0.0,0.0
2024-11-05T03:00,22.7,75,3.3,988.9,0.0,0.0
2024-11-05T04:00,22.4,74,4.6,988.9,0.0,0.0
2024-11-05T05:00,21.7,76,5.9,989.8,0.0,0.0
2024-11-05T06:00,22.2,87,4.5,991.0,0.0,0.0
2024-11-05T07:00,24.1,77,2.1,991.7,253.0,0.0
2024-11-05T08:00,26.5,68,2.0,992.2,491.4,0.0
2024-11-05T09:00,28.6,59,1.8,992.6,706.6,0.0
2024-11-05T10:00,30.2,51,2.4,992.3,781.3,0.0
2024-11-05T11:00,31.5,44,4.4,991.2,816.3,0.0
2024-11-05T12:00,32.1,41,6.7,990.0,667.9,0.0
2024-11-05T13:00,32.4,39,8.6,989.0,646.0,0.0
2024-11-05T14:00,32.4,38,10.5,988.0,583.5,0.0
2024-11-05T15:00,32.0,38,9.8,987.6,528.1,0.0
2024-11-05T16:00,31.0,42,7.7,988.0,350.8,0.0
2024-11-05T17:00,28.8,45,7.0,988.4,222.1,0.0
2024-11-05T18:00,26.9,57,7.3,989.2,0.0,0.0
2024-11-05T19:00,26.5,59,9.2,990.0,0.0,0.0
2024-11-05T20:00,25.8,60,7.3,990.5,0.0,0.0
2024-11-05T21:00,24.6,65,6.5,990.6,0.0,0.0
2024-11-05T22:00,23.8,68,6.2,990.9,0.0,0.0
2024-11-05T23:00,23.3,66,7.1,990.8,0.0,0.0
2024-11-06T00:00,22.6,66,6.6,990.6,0.0,0.0
2024-11-06T01:00,21.7,70,7.8,990.2,0.0,0.0
2024-11-06T02:00,20.9,76,9.4,989.7,0.0,0.0
2024-11-06T03:00,22.6,64,4.1,989.7,0.0,0.0
2024-11-06T04:00,22.3,65,0.5,989.9,0.0,0.0
2024-11-06T05:00,20.2,76,4.6,990.5,0.0,0.0
2024-11-06T06:00,20.2,84,4.6,992.0,0.0,0.0
2024-11-06T07:00,22.2,77,1.9,992.6,337.9,0.0
2024-11-06T08:00,24.6,68,2.1,993.1,595.3,0.0
2024-11-06T09:00,27.2,59,1.6,993.2,731.8,0.0
2024-11-06T10:00,29.5,50,4.0,992.7,803.4,0.0
2024-11-06T11:00,31.0,40,8.2,992.1,837.5,0.0
2024-11-06T12:00,31.7,38,9.9,990.7,845.5,0.0
2024-11-06T13:00,32.2,35,10.9,989.8,831.4,0.0
2024-11-06T14:00,32.1,35,12.4,989.0,788.1,0.0
2024-11-06T15:00,31.5,37,11.2,988.9,711.2,0.0
2024-11-06T16:00,30.5,41,8.5,989.0,563.1,0.0
2024-11-06T17:00,28.1,46,8.2,989.2,279.7,0.0
2024-11-06T18:00,26.8,51,8.5,989.8,0.0,0.0
2024-11-06T19:00,26.4,52,8.8,990.6,0.0,0.0
2024-11-06T20:00,25.2,57,6.9,991.1,0.0,0.0
2024-11-06T21:00,23.9,63,6.3,991.1,0.0,0.0
2024-11-06T22:00,23.2,66,6.8,991.2,0.0,0.0
2024-11-06T23:00,22.2,71,6.0,990.8,0.0,0.0
2024-11-07T00:00,21.3,76,7.0,990.6,0.0,0.0
2024-11-07T01:00,21.0,78,7.6,990.1,0.0,0.0
2024-11-07T02:00,22.0,70,2.8,989.9,0.0,0.0
2024-11-07T03:00,20.6,78,3.5,989.8,0.0,0.0
2024-11-07T04:00,20.0,83,4.5,989.9,0.0,0.0
2024-11-07T05:00,19.3,90,6.2,990.2,0.0,0.0
2024-11-07T06:00,20.1,87,3.5,991.2,0.0,0.0
2024-11-07T07:00,22.1,79,2.6,992.1,321.3,0.0
2024-11-07T08:00,24.5,71,1.4,993.0,572.0,0.0
2024-11-07T09:00,26.7,62,0.7,993.3,711.8,0.0
2024-11-07T10:00,28.6,54,3.5,992.7,786.4,0.0
2024-11-07T11:00,30.0,46,5.2,991.7,824.0,0.0
2024-11-07T12:00,30.8,42,5.6,990.4,834.9,0.0
2024-11-07T13:00,31.3,40,6.0,989.5,821.5,0.0
2024-11-07T14:00,31.4,39,6.4,988.8,783.8,0.0
2024-11-07T15:00,31.1,40,6.4,988.6,706.9,0.0
2024-11-07T16:00,30.1,46,4.6,989.0,557.7,0.0
2024-11-07T17:00,26.9,59,7.8,989.3,274.7,0.0
2024-11-07T18:00,25.4,64,5.9,989.9,0.0,0.0
2024-11-07T19:00,24.9,63,6.3,990.7,0.0,0.0
2024-11-07T20:00,24.0,66,5.9,991.5,0.0,0.0
2024-11-07T21:00,22.9,71,7.6,991.7,0.0,0.0
2024-11-07T22:00,22.7,71,6.1,991.6,0.0,0.0
2024-11-07T23:00,22.4,73,6.1,991.2,0.0,0.0
2024-11-08T00:00,21.8,75,5.9,990.9,0.0,0.0
2024-11-08T01:00,21.0,79,6.3,990.4,0.0,0.0
2024-11-08T02:00,20.1,84,7.4,989.9,0.0,0.0
2024-11-08T03:00,19.5,86,7.9,989.6,0.0,0.0
2024-11-08T04:00,19.6,84,6.9,989.8,0.0,0.0
2024-11-08T05:00,20.6,77,4.9,990.4,0.0,0.0
2024-11-08T06:00,19.3,89,3.9,991.6,0.0,0.0
2024-11-08T07:00,21.5,82,5.1,992.4,324.0,0.0
2024-11-08T08:00,24.2,72,2.8,993.2,573.3,0.0
2024-11-08T09:00,26.5,64,1.8,993.4,710.0,0.0
2024-11-08T10:00,28.5,57,1.9,992.8,785.4,0.0
2024-11-08T11:00,30.1,46,3.0,991.6,820.6,0.0
2024-11-08T12:00,30.9,42,1.6,990.2,834.2,0.0
2024-11-08T13:00,31.2,41,2.3,989.3,769.6,0.0
2024-11-08T14:00,31.3,40,4.1,988.7,737.8,0.0
2024-11-08T15:00,31.1,40,5.5,988.6,672.0,0.0
2024-11-08T16:00,29.9,44,6.5,988.8,513.8,0.0
2024-11-08T17:00,27.7,41,10.9,989.2,248.2,0.0
2024-11-08T18:00,26.3,46,8.7,989.7,0.0,0.0
2024-11-08T19:00,25.2,51,7.0,990.4,0.0,0.0
2024-11-08T20:00,24.9,54,8.7,991.0,0.0,0.0
2024-11-08T21:00,23.8,61,7.0,991.3,0.0,0.0
2024-11-08T22:00,22.5,70,5.6,991.1,0.0,0.0
2024-11-08T23:00,22.1,72,5.2,990.9,0.0,0.0
2024-11-09T00:00,21.2,76,2.9,990.6,0.0,0.0
2024-11-09T01:00,22.4,68,2.1,990.4,0.0,0.0
2024-11-09T02:00,19.9,81,6.5,990.0,0.0,0.0
2024-11-09T03:00,21.2,69,3.6,989.9,0.0,0.0
2024-11-09T04:00,20.2,74,2.6,989.8,0.0,0.0
2024-11-09T05:00,18.8,81,4.4,990.1,0.0,0.0
2024-11-09T06:00,19.4,83,3.9,991.3,0.0,0.0
2024-11-09T07:00,21.6,76,5.1,992.3,320.1,0.0
2024-11-09T08:00,24.3,68,2.5,993.1,577.3,0.0
2024-11-09T09:00,26.7,61,2.3,993.6,717.3,0.0
2024-11-09T10:00,28.7,55,3.6,993.1,790.2,0.0
2024-11-09T11:00,30.2,45,4.7,992.0,825.1,0.0
2024-11-09T12:00,31.0,41,3.5,990.8,834.8,0.0
2024-11-09T13:00,31.3,38,2.0,989.8,813.1,0.0
2024-11-09T14:00,31.4,38,1.4,989.1,774.9,0.0
2024-11-09T15:00,31.1,38,3.1,989.0,684.5,0.0
2024-11-09T16:00,30.0,44,5.0,989.2,540.5,0.0
2024-11-09T17:00,27.9,45,10.2,989.6,249.8,0.0
2024-11-09T18:00,26.3,56,7.7,990.0,0.0,0.0
2024-11-09T19:00,25.5,56,8.0,990.6,0.0,0.0
2024-11-09T20:00,24.0,59,6.8,990.9,0.0,0.0
2024-11-09T21:00,22.9,63,6.1,991.1,0.0,0.0
2024-11-09T22:00,22.1,68,6.2,990.9,0.0,0.0
2024-11-09T23:00,21.5,72,6.9,990.5,0.0,0.0
2024-11-10T00:00,21.2,72,7.1,990.2,0.0,0.0
2024-11-10T01:00,20.4,79,10.1,989.8,0.0,0.0
2024-11-10T02:00,21.6,70,5.9,989.6,0.0,0.0
2024-11-10T03:00,21.5,70,1.0,989.7,0.0,0.0
2024-11-10T04:00,20.9,74,1.4,989.9,0.0,0.0
2024-11-10T05:00,20.7,75,2.2,990.4,0.0,0.0
2024-11-10T06:00,19.6,87,2.4,991.4,0.0,0.0
2024-11-10T07:00,21.9,79,3.1,992.4,296.5,0.0
2024-11-10T08:00,24.6,70,2.1,993.2,542.4,0.0
2024-11-10T09:00,26.8,63,2.4,993.4,674.8,0.0
2024-11-10T10:00,28.7,55,3.7,993.1,749.5,0.0
2024-11-10T11:00,30.2,48,7.3,991.9,794.4,0.0
2024-11-10T12:00,30.6,44,8.3,990.6,570.7,0.0
2024-11-10T13:00,30.9,42,10.4,989.5,559.4,0.0
2024-11-10T14:00,30.7,42,11.0,988.8,436.1,0.0
2024-11-10T15:00,30.3,42,9.8,988.9,325.5,0.0
2024-11-10T16:00,29.7,45,7.0,989.2,477.8,0.0
2024-11-10T17:00,27.2,51,6.5,989.6,215.5,0.0
2024-11-10T18:00,26.1,53,8.4,989.7,0.0,0.0
2024-11-10T19:00,24.8,60,6.9,990.4,0.0,0.0
2024-11-10T20:00,23.4,68,6.1,991.0,0.0,0.0
2024-11-10T21:00,22.7,72,7.0,991.3,0.0,0.0
2024-11-10T22:00,21.9,77,8.3,991.0,0.0,0.0
2024-11-10T23:00,21.5,78,7.5,990.8,0.0,0.0
2024-11-11T00:00,21.2,79,7.2,990.3,0.0,0.0
2024-11-11T01:00,21.2,78,7.8,989.6,0.0,0.0
2024-11-11T02:00,19.9,85,6.8,989.4,0.0,0.0
2024-11-11T03:00,19.3,88,7.1,989.4,0.0,0.0
2024-11-11T04:00,19.1,90,6.5,989.6,0.0,0.0
2024-11-11T05:00,19.0,89,7.4,990.3,0.0,0.0
2024-11-11T06:00,19.3,95,6.3,991.1,0.0,0.0
2024-11-11T07:00,21.8,85,3.0,992.4,305.7,0.0
2024-11-11T08:00,24.2,76,2.0,992.9,563.3,0.0
2024-11-11T09:00,26.5,68,3.2,993.2,704.3,0.0
2024-11-11T10:00,28.6,59,5.8,992.6,777.9,0.0
2024-11-11T11:00,30.0,48,8.5,991.4,814.5,0.0
2024-11-11T12:00,30.5,44,8.9,990.1,760.0,0.0
2024-11-11T13:00,31.0,42,7.6,989.1,709.3,0.0
2024-11-11T14:00,31.1,40,6.9,988.3,619.8,0.0
2024-11-11T15:00,30.8,40,8.2,987.9,480.6,0.0
2024-11-11T16:00,29.8,44,7.2,988.2,387.3,0.0
2024-11-11T17:00,26.8,52,6.5,988.4,260.2,0.0
2024-11-11T18:00,25.4,62,6.3,988.7,0.0,0.0
2024-11-11T19:00,24.4,64,6.6,989.6,0.0,0.0
2024-11-11T20:00,23.9,65,6.8,990.2,0.0,0.0
2024-11-11T21:00,23.6,64,7.8,990.5,0.0,0.0
2024-11-11T22:00,22.9,69,7.0,990.7,0.0,0.0
2024-11-11T23:00,21.9,75,6.0,990.6,0.0,0.0
2024-11-12T00:00,20.8,82,8.3,989.9,0.0,0.0
2024-11-12T01:00,20.1,86,7.2,989.5,0.0,0.0
2024-11-12T02:00,19.7,87,7.5,989.4,0.0,0.0
2024-11-12T03:00,19.2,89,8.3,989.2,0.0,0.0
2024-11-12T04:00,19.3,87,5.6,989.2,0.0,0.0
2024-11-12T05:00,18.6,91,7.8,989.7,0.0,0.0
2024-11-12T06:00,18.9,94,5.2,991.2,0.0,0.0
2024-11-12T07:00,21.4,84,5.2,991.9,308.5,0.0
2024-11-12T08:00,23.9,74,3.8,992.7,578.9,0.0
2024-11-12T09:00,26.3,66,5.8,993.1,721.1,0.0
2024-11-12T10:00,28.4,55,8.2,992.8,794.6,0.0
2024-11-12T11:00,29.6,46,9.8,991.4,829.5,0.0
2024-11-12T12:00,30.4,43,9.6,990.0,840.1,0.0
2024-11-12T13:00,30.8,41,8.5,989.0,832.4,0.0
2024-11-12T14:00,31.0,39,7.9,988.0,795.6,0.0
2024-11-12T15:00,30.7,40,7.7,987.7,716.1,0.0
2024-11-12T16:00,29.4,52,4.2,987.9,567.3,0.0
2024-11-12T17:00,26.0,63,8.2,988.3,276.3,0.0
2024-11-12T18:00,25.7,59,7.9,988.5,0.0,0.0
2024-11-12T19:00,24.4,65,6.1,989.6,0.0,0.0
2024-11-12T20:00,23.6,68,6.1,990.2,0.0,0.0
2024-11-12T21:00,23.4,70,8.1,990.4,0.0,0.0
2024-11-12T22:00,22.6,75,9.7,990.2,0.0,0.0
2024-11-12T23:00,22.0,75,8.2,989.5,0.0,0.0
2024-11-13T00:00,21.1,75,6.6,988.9,0.0,0.0
2024-11-13T01:00,20.5,76,6.2,988.5,0.0,0.0
2024-11-13T02:00,20.1,77,6.2,987.8,0.0,0.0
2024-11-13T03:00,19.7,79,5.7,987.7,0.0,0.0
2024-11-13T04:00,19.6,80,2.5,988.0,0.0,0.0
2024-11-13T05:00,19.1,83,2.5,988.6,0.0,0.0
2024-11-13T06:00,18.9,85,1.1,989.7,0.0,0.0
2024-11-13T07:00,20.7,81,2.8,990.7,304.5,0.0
2024-11-13T08:00,23.2,73,2.8,991.6,571.9,0.0
2024-11-13T09:00,25.9,65,2.7,992.1,717.5,0.0
2024-11-13T10:00,28.0,57,4.4,991.7,790.7,0.0
2024-11-13T11:00,29.5,46,7.6,990.8,823.5,0.0
2024-11-13T12:00,30.3,42,7.6,989.6,834.2,0.0
2024-11-13T13:00,30.6,41,6.3,988.5,826.0,0.0
2024-11-13T14:00,30.7,41,5.7,987.6,792.4,0.0
2024-11-13T15:00,30.4,41,5.2,987.5,713.1,0.0
2024-11-13T16:00,29.1,52,3.6,987.6,561.1,0.0
2024-11-13T17:00,26.1,60,4.6,987.9,270.6,0.0
2024-11-13T18:00,25.8,50,9.2,988.5,0.0,0.0
2024-11-13T19:00,25.1,51,8.0,989.3,0.0,0.0
2024-11-13T20:00,23.8,57,7.3,990.0,0.0,0.0
2024-11-13T21:00,22.5,64,7.6,990.3,0.0,0.0
2024-11-13T22:00,21.8,67,8.1,990.1,0.0,0.0
2024-11-13T23:00,20.8,71,6.8,989.8,0.0,0.0
2024-11-14T00:00,19.9,77,4.8,989.4,0.0,0.0
2024-11-14T01:00,19.5,78,4.9,989.0,0.0,0.0
2024-11-14T02:00,19.4,79,4.6,988.6,0.0,0.0
2024-11-14T03:00,19.0,80,3.8,988.6,0.0,0.0
2024-11-14T04:00,18.5,83,4.4,988.7,0.0,0.0
2024-11-14T05:00,18.1,84,4.7,989.1,0.0,0.0
2024-11-14T06:00,18.5,84,5.1,990.3,0.0,0.0
2024-11-14T07:00,20.8,77,5.4,991.7,307.3,0.0
2024-11-14T08:00,23.1,70,2.4,992.8,570.5,0.0
2024-11-14T09:00,25.4,64,3.1,993.5,706.3,0.0
2024-11-14T10:00,27.4,59,4.0,993.1,779.2,0.0
2024-11-14T11:00,29.1,52,4.8,992.3,817.4,0.0
2024-11-14T12:00,30.1,46,5.1,991.2,825.7,0.0
2024-11-14T13:00,30.5,44,4.9,990.2,811.5,0.0
2024-11-14T14:00,30.6,43,5.5,989.3,776.9,0.0
2024-11-14T15:00,30.2,43,7.5,989.0,698.3,0.0
2024-11-14T16:00,28.9,48,8.4,989.2,548.5,0.0
2024-11-14T17:00,26.5,51,8.6,989.5,264.7,0.0
2024-11-14T18:00,25.4,56,7.3,990.1,0.0,0.0
2024-11-14T19:00,23.9,62,6.8,990.9,0.0,0.0
2024-11-14T20:00,23.1,66,7.3,991.7,0.0,0.0
2024-11-14T21:00,22.5,67,9.4,991.8,0.0,0.0
2024-11-14T22:00,22.2,66,10.0,991.6,0.0,0.0
2024-11-14T23:00,21.3,67,6.9,991.3,0.0,0.0
2024-11-15T00:00,20.3,73,3.8,990.9,0.0,0.0
2024-11-15T01:00,19.7,76,1.7,990.3,0.0,0.0
2024-11-15T02:00,19.3,78,0.4,989.9,0.0,0.0
2024-11-15T03:00,18.8,80,1.4,989.8,0.0,0.0
2024-11-15T04:00,18.2,83,3.8,989.8,0.0,0.0
2024-11-15T05:00,17.8,85,4.6,990.4,0.0,0.0
2024-11-15T06:00,18.4,87,3.8,991.8,0.0,0.0
2024-11-15T07:00,20.4,81,5.4,992.9,296.4,0.0
2024-11-15T08:00,22.8,73,3.8,993.7,566.3,0.0
2024-11-15T09:00,25.4,65,3.5,994.3,710.1,0.0
2024-11-15T10:00,27.6,56,5.9,993.9,784.1,0.0
2024-11-15T11:00,29.0,46,7.7,992.6,820.5,0.0
2024-11-15T12:00,29.7,42,6.9,991.2,832.5,0.0
2024-11-15T13:00,30.1,41,5.8,990.0,818.3,0.0
2024-11-15T14:00,30.1,40,6.3,989.2,778.1,0.0
2024-11-15T15:00,29.7,40,7.8,988.8,698.9,0.0
2024-11-15T16:00,28.4,48,6.7,988.7,548.0,0.0
2024-11-15T17:00,25.8,55,6.0,989.1,258.6,0.0
2024-11-15T18:00,24.7,60,6.1,989.6,0.0,0.0
2024-11-15T19:00,23.9,64,5.0,990.4,0.0,0.0
2024-11-15T20:00,22.7,69,5.9,991.0,0.0,0.0
2024-11-15T21:00,22.1,72,6.6,991.3,0.0,0.0
2024-11-15T22:00,21.7,68,7.1,991.1,0.0,0.0
2024-11-15T23:00,21.2,68,6.8,990.7,0.0,0.0
2024-11-16T00:00,20.5,71,4.8,990.0,0.0,0.0
2024-11-16T01:00,20.0,73,3.5,989.7,0.0,0.0
2024-11-16T02:00,19.6,74,2.9,989.5,0.0,0.0
2024-11-16T03:00,19.1,76,1.7,989.4,0.0,0.0
2024-11-16T04:00,18.5,79,2.3,989.6,0.0,0.0
2024-11-16T05:00,17.9,82,3.6,990.1,0.0,0.0
2024-11-16T06:00,17.8,83,3.7,991.1,0.0,0.0
2024-11-16T07:00,19.8,75,3.6,992.0,306.2,0.0
2024-11-16T08:00,22.2,69,1.0,992.8,588.4,0.0
2024-11-16T09:00,25.0,62,2.3,993.2,731.2,0.0
2024-11-16T10:00,27.3,54,3.8,992.5,805.7,0.0
2024-11-16T11:00,28.9,42,5.1,991.6,842.4,0.0
2024-11-16T12:00,29.7,37,6.2,990.3,848.3,0.0
2024-11-16T13:00,30.0,36,7.2,989.4,833.2,0.0
2024-11-16T14:00,29.8,36,8.1,988.8,779.2,0.0
2024-11-16T15:00,29.2,38,8.6,988.3,658.3,0.0
2024-11-16T16:00,27.7,47,7.1,988.1,544.2,0.0
2024-11-16T17:00,24.9,54,6.9,988.4,259.9,0.0
2024-11-16T18:00,24.5,55,8.2,989.0,0.0,0.0
2024-11-16T19:00,23.7,56,7.7,989.7,0.0,0.0
2024-11-16T20:00,22.6,61,7.0,990.5,0.0,0.0
2024-11-16T21:00,21.5,68,7.0,990.7,0.0,0.0
2024-11-16T22:00,20.5,72,6.3,990.8,0.0,0.0
2024-11-16T23:00,19.9,74,3.8,990.6,0.0,0.0
2024-11-17T00:00,19.2,77,1.9,990.3,0.0,0.0
2024-11-17T01:00,18.5,82,1.3,989.9,0.0,0.0
2024-11-17T02:00,18.0,84,0.7,989.7,0.0,0.0
2024-11-17T03:00,17.5,85,1.8,989.5,0.0,0.0
2024-11-17T04:00,17.4,84,1.3,989.6,0.0,0.0
2024-11-17T05:00,16.7,87,4.4,990.1,0.0,0.0
2024-11-17T06:00,17.3,88,5.9,990.7,0.0,0.0
2024-11-17T07:00,19.4,81,6.3,991.6,302.1,0.0
2024-11-17T08:00,22.1,72,3.1,992.5,578.3,0.0
2024-11-17T09:00,24.9,61,2.6,993.1,723.7,0.0
2024-11-17T10:00,27.2,50,5.3,992.9,797.1,0.0
2024-11-17T11:00,28.5,40,8.6,992.1,833.5,0.0
2024-11-17T12:00,29.1,38,8.4,990.9,843.5,0.0
2024-11-17T13:00,29.4,37,7.6,990.0,833.2,0.0
2024-11-17T14:00,29.3,37,7.5,989.1,794.0,0.0
2024-11-17T15:00,29.0,39,7.5,988.7,715.6,0.0
2024-11-17T16:00,27.7,46,6.5,989.0,561.9,0.0
2024-11-17T17:00,24.9,52,6.8,989.0,261.1,0.0
2024-11-17T18:00,24.0,54,7.2,989.8,0.0,0.0
2024-11-17T19:00,23.1,58,7.3,990.3,0.0,0.0
2024-11-17T20:00,22.2,64,7.3,990.9,0.0,0.0
2024-11-17T21:00,21.0,71,6.7,991.2,0.0,0.0
2024-11-17T22:00,20.5,72,7.0,991.4,0.0,0.0
2024-11-17T23:00,19.6,75,5.8,991.1,0.0,0.0
2024-11-18T00:00,19.1,76,2.7,990.8,0.0,0.0
2024-11-18T01:00,18.7,78,0.5,990.4,0.0,0.0
2024-11-18T02:00,17.9,82,0.5,990.0,0.0,0.0
2024-11-18T03:00,17.5,84,0.6,989.9,0.0,0.0
2024-11-18T04:00,17.1,85,0.4,990.1,0.0,0.0
2024-11-18T05:00,16.8,87,1.1,990.7,0.0,0.0
2024-11-18T06:00,16.5,92,4.9,991.7,0.0,0.0
2024-11-18T07:00,18.8,84,6.3,992.3,290.9,0.0
2024-11-18T08:00,21.6,74,2.9,993.3,568.2,0.0
2024-11-18T09:00,24.2,63,1.6,993.9,716.1,0.0
2024-11-18T10:00,26.4,54,2.0,993.8,793.0,0.0
2024-11-18T11:00,28.1,43,6.0,992.8,830.0,0.0
2024-11-18T12:00,28.9,39,9.3,991.7,837.3,0.0
2024-11-18T13:00,29.1,38,10.0,990.7,821.0,0.0
2024-11-18T14:00,28.9,39,9.7,990.1,770.3,0.0
2024-11-18T15:00,28.5,39,9.4,989.8,690.4,0.0
2024-11-18T16:00,27.3,46,6.6,989.6,548.6,0.0
2024-11-18T17:00,24.4,55,5.9,989.9,254.7,0.0
2024-11-18T18:00,23.5,60,5.6,990.1,0.0,0.0
2024-11-18T19:00,22.4,63,6.3,990.7,0.0,0.0
2024-11-18T20:00,21.9,66,7.1,991.6,0.0,0.0
2024-11-18T21:00,20.6,71,6.1,992.0,0.0,0.0
2024-11-18T22:00,19.7,75,4.9,992.3,0.0,0.0
2024-11-18T23:00,19.0,77,4.2,992.1,0.0,0.0
2024-11-19T00:00,18.7,76,2.4,991.8,0.0,0.0
2024-11-19T01:00,18.3,77,0.9,991.3,0.0,0.0
2024-11-19T02:00,17.7,79,0.2,990.9,0.0,0.0
2024-11-19T03:00,17.1,82,0.3,990.8,0.0,0.0
2024-11-19T04:00,16.5,84,0.8,990.8,0.0,0.0
2024-11-19T05:00,16.1,85,0.6,991.3,0.0,0.0
2024-11-19T06:00,15.6,90,1.8,992.4,0.0,0.0
2024-11-19T07:00,18.0,82,7.1,993.4,293.7,0.0
2024-11-19T08:00,21.1,70,3.8,994.6,572.8,0.0
2024-11-19T09:00,23.6,59,2.7,995.3,718.1,0.0
2024-11-19T10:00,25.5,52,1.7,995.0,793.5,0.0
2024-11-19T11:00,27.1,45,3.2,994.0,831.7,0.0
2024-11-19T12:00,28.1,40,6.7,992.9,842.8,0.0
2024-11-19T13:00,28.6,38,8.0,991.9,829.0,0.0
2024-11-19T14:00,28.5,38,8.5,990.8,789.6,0.0
2024-11-19T15:00,28.0,39,8.6,990.5,704.4,0.0
2024-11-19T16:00,26.8,46,6.8,990.4,553.8,0.0
2024-11-19T17:00,24.1,53,6.5,990.5,255.8,0.0
2024-11-19T18:00,23.5,55,7.8,991.0,0.0,0.0
2024-11-19T19:00,22.8,55,7.2,991.8,0.0,0.0
2024-11-19T20:00,21.8,60,6.9,992.2,0.0,0.0
2024-11-19T21:00,20.9,65,7.2,992.3,0.0,0.0
2024-11-19T22:00,19.9,67,6.4,992.1,0.0,0.0
2024-11-19T23:00,19.6,67,4.8,991.4,0.0,0.0
2024-11-20T00:00,19.3,68,2.2,990.9,0.0,0.0
2024-11-20T01:00,18.5,71,1.0,990.6,0.0,0.0
2024-11-20T02:00,17.9,75,0.4,990.0,0.0,0.0
2024-11-20T03:00,17.4,78,0.6,990.0,0.0,0.0
2024-11-20T04:00,16.7,81,2.1,990.3,0.0,0.0
2024-11-20T05:00,16.3,85,2.2,990.9,0.0,0.0
2024-11-20T06:00,16.5,88,1.0,992.1,0.0,0.0
2024-11-20T07:00,17.9,85,1.8,993.1,275.0,0.0
2024-11-20T08:00,20.6,74,1.6,994.1,559.3,0.0
2024-11-20T09:00,23.2,63,1.9,994.4,708.4,0.0
2024-11-20T10:00,25.4,54,3.2,994.0,786.2,0.0
2024-11-20T11:00,27.1,45,5.9,992.9,825.3,0.0
2024-11-20T12:00,27.8,41,6.9,991.7,837.7,0.0
2024-11-20T13:00,28.1,40,6.1,990.7,824.8,0.0
2024-11-20T14:00,28.1,41,5.0,989.5,782.7,0.0
2024-11-20T15:00,27.9,42,3.6,989.3,694.6,0.0
2024-11-20T16:00,27.1,50,2.2,989.4,537.0,0.0
2024-11-20T17:00,24.4,62,0.9,989.8,241.6,0.0
2024-11-20T18:00,23.2,69,0.4,990.3,0.0,0.0
2024-11-20T19:00,22.4,70,0.9,990.9,0.0,0.0
2024-11-20T20:00,21.7,71,2.4,991.7,0.0,0.0
2024-11-20T21:00,20.8,74,1.9,991.9,0.0,0.0
2024-11-20T22:00,20.3,75,2.1,991.9,0.0,0.0
2024-11-20T23:00,19.5,76,2.2,991.6,0.0,0.0
2024-11-21T00:00,18.9,76,1.9,991.0,0.0,0.0
2024-11-21T01:00,18.5,78,0.2,990.5,0.0,0.0
2024-11-21T02:00,17.9,80,0.3,989.7,0.0,0.0
2024-11-21T03:00,16.9,84,2.6,989.5,0.0,0.0
2024-11-21T04:00,16.4,85,2.2,989.4,0.0,0.0
2024-11-21T05:00,15.9,87,1.5,989.8,0.0,0.0
2024-11-21T06:00,15.5,91,2.3,991.0,0.0,0.0
2024-11-21T07:00,17.8,83,6.2,992.2,277.7,0.0
2024-11-21T08:00,21.0,70,4.1,993.2,560.9,0.0
2024-11-21T09:00,23.5,60,4.0,993.7,710.4,0.0
2024-11-21T10:00,25.4,53,2.3,993.2,786.5,0.0
2024-11-21T11:00,26.9,47,2.3,992.3,825.6,0.0
2024-11-21T12:00,27.8,43,2.5,991.1,836.5,0.0
2024-11-21T13:00,28.2,42,1.9,990.1,823.1,0.0
2024-11-21T14:00,28.3,42,1.0,989.4,777.1,0.0
2024-11-21T15:00,28.1,42,1.5,989.1,684.7,0.0
2024-11-21T16:00,27.3,48,1.9,989.2,504.2,0.0
2024-11-21T17:00,24.7,61,0.6,989.6,234.8,0.0
2024-11-21T18:00,23.8,63,1.0,990.5,0.0,0.0
2024-11-21T19:00,22.8,68,0.6,991.4,0.0,0.0
2024-11-21T20:00,21.8,74,3.1,991.7,0.0,0.0
2024-11-21T21:00,21.0,76,2.7,991.8,0.0,0.0
2024-11-21T22:00,20.5,76,1.0,992.1,0.0,0.0
2024-11-21T23:00,20.3,73,0.2,991.7,0.0,0.0
2024-11-22T00:00,19.6,76,1.1,990.9,0.0,0.0
2024-11-22T01:00,18.8,80,0.4,990.5,0.0,0.0
2024-11-22T02:00,17.1,86,3.9,989.8,0.0,0.0
2024-11-22T03:00,16.6,85,2.3,989.3,0.0,0.0
2024-11-22T04:00,15.6,91,4.6,989.3,0.0,0.0
2024-11-22T05:00,15.0,93,3.1,989.9,0.0,0.0
2024-11-22T06:00,15.3,91,7.7,991.4,0.0,0.0
2024-11-22T07:00,17.6,80,6.3,992.2,273.1,0.0
2024-11-22T08:00,20.5,72,3.0,993.1,559.4,0.0
2024-11-22T09:00,23.5,61,2.0,993.6,710.3,0.0
2024-11-22T10:00,25.6,52,2.2,993.1,789.9,0.0
2024-11-22T11:00,27.0,45,3.3,992.2,828.6,0.0
2024-11-22T12:00,27.8,41,4.6,990.9,839.2,0.0
2024-11-22T13:00,28.2,40,5.5,989.7,824.2,0.0
2024-11-22T14:00,28.2,40,6.3,988.9,780.8,0.0
2024-11-22T15:00,27.8,41,7.5,988.6,686.5,0.0
2024-11-22T16:00,26.7,46,8.3,988.8,537.1,0.0
2024-11-22T17:00,24.7,50,8.8,989.4,250.8,0.0
2024-11-22T18:00,24.0,51,7.7,990.2,0.0,0.0
2024-11-22T19:00,22.4,59,5.0,990.6,0.0,0.0
2024-11-22T20:00,21.5,63,2.3,991.0,0.0,0.0
2024-11-22T21:00,20.5,68,1.4,991.3,0.0,0.0
2024-11-22T22:00,19.8,72,0.8,991.4,0.0,0.0
2024-11-22T23:00,18.9,75,0.7,991.3,0.0,0.0
2024-11-23T00:00,18.1,80,1.2,990.9,0.0,0.0
2024-11-23T01:00,17.7,82,1.0,990.4,0.0,0.0
2024-11-23T02:00,17.0,84,1.4,990.0,0.0,0.0
2024-11-23T03:00,16.0,88,4.3,990.0,0.0,0.0
2024-11-23T04:00,15.5,89,2.7,990.0,0.0,0.0
2024-11-23T05:00,15.2,89,3.3,990.7,0.0,0.0
2024-11-23T06:00,15.7,89,6.1,991.8,0.0,0.0
2024-11-23T07:00,17.5,82,6.5,992.9,268.4,0.0
2024-11-23T08:00,20.3,74,1.3,994.0,557.8,0.0
2024-11-23T09:00,23.1,65,1.0,994.6,708.3,0.0
2024-11-23T10:00,25.2,55,1.2,994.3,787.0,0.0
2024-11-23T11:00,26.6,48,1.4,993.2,826.1,0.0
2024-11-23T12:00,27.4,45,1.3,992.0,839.2,0.0
2024-11-23T13:00,27.7,44,1.7,990.8,826.5,0.0
2024-11-23T14:00,27.8,44,2.3,990.2,781.3,0.0
2024-11-23T15:00,27.6,44,3.1,990.0,682.2,0.0
2024-11-23T16:00,26.8,48,3.5,990.2,324.4,0.0
2024-11-23T17:00,24.7,58,1.6,990.7,213.3,0.0
2024-11-23T18:00,23.0,66,1.7,991.3,0.0,0.0
2024-11-23T19:00,22.1,71,2.4,992.0,0.0,0.0
2024-11-23T20:00,21.8,71,1.1,992.2,0.0,0.0
2024-11-23T21:00,21.0,73,0.6,992.1,0.0,0.0
2024-11-23T22:00,19.7,77,2.8,992.0,0.0,0.0
2024-11-23T23:00,19.3,76,2.7,991.5,0.0,0.0
2024-11-24T00:00,19.0,76,0.5,991.3,0.0,0.0
2024-11-24T01:00,18.0,82,0.4,990.9,0.0,0.0
2024-11-24T02:00,16.7,87,2.9,990.4,0.0,0.0
2024-11-24T03:00,16.2,85,3.6,990.1,0.0,0.0
2024-11-24T04:00,15.8,84,2.5,990.1,0.0,0.0
2024-11-24T05:00,15.6,86,5.8,990.7,0.0,0.0
2024-11-24T06:00,15.4,89,5.4,992.0,0.0,0.0
2024-11-24T07:00,17.3,83,6.0,993.2,256.1,0.0
2024-11-24T08:00,19.7,73,2.2,994.4,540.6,0.0
2024-11-24T09:00,22.3,63,1.8,994.6,698.1,0.0
2024-11-24T10:00,24.6,56,1.3,994.4,765.3,0.0
2024-11-24T11:00,26.2,50,0.7,993.5,771.2,0.0
2024-11-24T12:00,27.4,43,1.5,992.4,811.3,0.0
2024-11-24T13:00,27.8,41,1.9,991.1,808.1,0.0
2024-11-24T14:00,28.0,41,3.1,990.5,783.2,0.0
2024-11-24T15:00,27.8,40,5.4,990.4,701.9,0.0
2024-11-24T16:00,26.8,44,6.5,990.5,530.4,0.0
2024-11-24T17:00,24.0,52,6.0,990.6,244.4,0.0
2024-11-24T18:00,22.6,57,4.5,991.1,0.0,0.0
2024-11-24T19:00,22.0,59,1.3,991.8,0.0,0.0
2024-11-24T20:00,21.3,65,0.2,992.2,0.0,0.0
2024-11-24T21:00,19.9,67,1.9,992.4,0.0,0.0
2024-11-24T22:00,19.1,70,3.0,992.4,0.0,0.0
2024-11-24T23:00,18.7,70,1.5,992.4,0.0,0.0
2024-11-25T00:00,18.1,72,1.7,991.7,0.0,0.0
2024-11-25T01:00,17.4,74,0.7,990.9,0.0,0.0
2024-11-25T02:00,16.7,77,0.4,990.4,0.0,0.0
2024-11-25T03:00,15.9,81,1.5,990.0,0.0,0.0
2024-11-25T04:00,15.3,85,3.6,990.2,0.0,0.0
2024-11-25T05:00,15.2,86,6.1,991.0,0.0,0.0
2024-11-25T06:00,15.0,88,4.1,991.9,0.0,0.0
2024-11-25T07:00,16.9,81,4.6,993.2,220.7,0.0
2024-11-25T08:00,19.3,72,2.3,993.9,434.7,0.0
2024-11-25T09:00,22.0,63,1.5,994.3,557.5,0.0
2024-11-25T10:00,24.4,55,3.4,994.2,708.8,0.0
2024-11-25T11:00,26.2,44,7.3,993.2,816.6,0.0
2024-11-25T12:00,27.3,39,9.1,992.1,834.9,0.0
2024-11-25T13:00,27.7,37,9.2,991.0,829.5,0.0
2024-11-25T14:00,27.7,37,9.3,990.1,791.4,0.0
2024-11-25T15:00,27.4,38,8.7,989.7,709.5,0.0
2024-11-25T16:00,26.3,43,7.1,989.9,559.9,0.0
2024-11-25T17:00,23.4,53,5.9,990.0,252.5,0.0
2024-11-25T18:00,22.0,60,5.2,990.6,0.0,0.0
2024-11-25T19:00,20.8,65,6.0,991.2,0.0,0.0
2024-11-25T20:00,20.1,66,6.7,991.9,0.0,0.0
2024-11-25T21:00,19.9,63,7.5,992.1,0.0,0.0
2024-11-25T22:00,19.0,64,6.7,992.0,0.0,0.0
2024-11-25T23:00,18.6,65,4.2,991.6,0.0,0.0
2024-11-26T00:00,18.2,66,2.3,991.1,0.0,0.0
2024-11-26T01:00,17.7,69,0.7,990.8,0.0,0.0
2024-11-26T02:00,16.7,73,1.2,990.2,0.0,0.0
2024-11-26T03:00,15.9,77,2.1,990.0,0.0,0.0
2024-11-26T04:00,15.0,82,4.0,990.4,0.0,0.0
2024-11-26T05:00,14.7,83,5.7,990.8,0.0,0.0
2024-11-26T06:00,14.9,83,5.9,991.6,0.0,0.0
2024-11-26T07:00,16.5,78,6.8,992.3,246.0,0.0
2024-11-26T08:00,19.1,69,3.4,993.6,555.8,0.0
2024-11-26T09:00,21.9,60,1.8,994.3,725.7,0.0
2024-11-26T10:00,24.2,54,3.0,993.7,785.7,0.0
2024-11-26T11:00,26.3,46,5.8,992.8,827.6,0.0
2024-11-26T12:00,27.7,38,9.3,991.3,839.9,0.0
2024-11-26T13:00,28.2,35,11.5,990.2,784.5,0.0
2024-11-26T14:00,28.1,35,12.0,989.6,708.1,0.0
2024-11-26T15:00,27.6,38,12.6,989.2,684.7,0.0
2024-11-26T16:00,26.5,41,9.5,989.2,545.1,0.0
2024-11-26T17:00,24.0,49,7.9,989.4,253.0,0.0
2024-11-26T18:00,22.9,52,10.5,990.0,0.0,0.0
2024-11-26T19:00,22.2,50,11.7,990.8,0.0,0.0
2024-11-26T20:00,21.5,50,10.7,991.5,0.0,0.0
2024-11-26T21:00,20.7,53,9.5,991.7,0.0,0.0
2024-11-26T22:00,20.1,56,8.9,991.8,0.0,0.0
2024-11-26T23:00,19.2,59,7.9,991.4,0.0,0.0
2024-11-27T00:00,17.8,66,6.3,990.7,0.0,0.0
2024-11-27T01:00,17.3,68,4.3,990.3,0.0,0.0
2024-11-27T02:00,16.9,70,2.3,989.5,0.0,0.0
2024-11-27T03:00,16.0,74,4.8,989.3,0.0,0.0
2024-11-27T04:00,15.5,78,2.4,989.7,0.0,0.0
2024-11-27T05:00,15.0,81,2.3,990.1,0.0,0.0
2024-11-27T06:00,14.8,83,5.6,991.2,0.0,0.0
2024-11-27T07:00,16.5,77,7.2,992.2,209.6,0.0
2024-11-27T08:00,19.2,69,3.6,993.2,550.8,0.0
2024-11-27T09:00,22.3,59,3.6,993.5,693.1,0.0
2024-11-27T10:00,24.9,52,5.3,993.2,774.6,0.0
2024-11-27T11:00,26.8,41,9.2,991.9,803.9,0.0
2024-11-27T12:00,27.8,34,12.1,990.3,842.2,0.0
2024-11-27T13:00,28.1,33,11.6,989.2,830.7,0.0
2024-11-27T14:00,28.1,34,10.9,988.4,782.1,0.0
2024-11-27T15:00,27.7,34,11.1,988.2,704.1,0.0
2024-11-27T16:00,26.5,38,9.4,988.2,546.0,0.0
2024-11-27T17:00,24.0,45,9.2,988.5,230.3,0.0
2024-11-27T18:00,23.0,49,9.9,989.5,0.0,0.0
2024-11-27T19:00,22.0,53,11.4,990.2,0.0,0.0
2024-11-27T20:00,21.1,52,10.6,990.8,0.0,0.0
2024-11-27T21:00,20.1,54,9.3,991.1,0.0,0.0
2024-11-27T22:00,19.5,55,10.4,990.8,0.0,0.0
2024-11-27T23:00,18.9,57,8.9,990.3,0.0,0.0
2024-11-28T00:00,18.3,60,8.1,989.8,0.0,0.0
2024-11-28T01:00,17.7,64,7.4,989.5,0.0,0.0
2024-11-28T02:00,16.5,70,5.8,989.2,0.0,0.0
2024-11-28T03:00,15.9,74,6.4,989.2,0.0,0.0
2024-11-28T04:00,15.3,76,6.3,989.7,0.0,0.0
2024-11-28T05:00,14.9,76,6.2,990.1,0.0,0.0
2024-11-28T06:00,15.2,76,7.6,991.4,0.0,0.0
2024-11-28T07:00,16.5,70,10.5,992.4,203.9,0.0
2024-11-28T08:00,19.1,60,8.4,993.2,474.5,0.0
2024-11-28T09:00,21.8,50,9.7,993.6,657.9,0.0
2024-11-28T10:00,24.1,44,10.0,993.3,772.8,0.0
2024-11-28T11:00,25.9,37,11.8,992.2,831.5,0.0
2024-11-28T12:00,26.9,32,13.0,990.6,861.8,0.0
2024-11-28T13:00,27.3,31,12.3,989.5,853.4,0.0
2024-11-28T14:00,27.4,32,11.8,988.7,813.6,0.0
2024-11-28T15:00,27.1,32,11.0,988.6,731.5,0.0
2024-11-28T16:00,26.0,36,8.0,988.7,575.2,0.0
2024-11-28T17:00,22.8,47,6.0,989.0,268.9,0.0
2024-11-28T18:00,21.5,54,6.7,989.3,0.0,0.0
2024-11-28T19:00,20.7,57,8.1,990.3,0.0,0.0
2024-11-28T20:00,20.4,56,9.5,990.8,0.0,0.0
2024-11-28T21:00,20.2,56,10.2,990.9,0.0,0.0
2024-11-28T22:00,19.8,58,11.1,990.8,0.0,0.0
2024-11-28T23:00,19.1,61,11.3,990.4,0.0,0.0
2024-11-29T00:00,18.5,64,10.9,990.2,0.0,0.0
2024-11-29T01:00,18.1,66,9.7,990.0,0.0,0.0
2024-11-29T02:00,17.4,69,8.1,989.8,0.0,0.0
2024-11-29T03:00,16.8,73,8.0,989.4,0.0,0.0
2024-11-29T04:00,16.2,76,8.1,989.5,0.0,0.0
2024-11-29T05:00,15.6,79,6.9,990.1,0.0,0.0
2024-11-29T06:00,15.9,80,6.4,990.9,0.0,0.0
2024-11-29T07:00,17.2,75,8.8,991.8,229.7,0.0
2024-11-29T08:00,19.6,63,6.9,992.7,543.5,0.0
2024-11-29T09:00,21.9,54,8.7,993.1,700.2,0.0
2024-11-29T10:00,24.0,50,9.7,992.5,782.1,0.0
2024-11-29T11:00,25.8,46,9.3,991.6,822.9,0.0
2024-11-29T12:00,27.2,43,9.0,990.3,833.2,0.0
2024-11-29T13:00,28.1,42,9.6,989.0,821.8,0.0
2024-11-29T14:00,28.3,43,10.7,988.3,783.4,0.0
2024-11-29T15:00,27.9,44,11.4,988.1,700.1,0.0
2024-11-29T16:00,27.0,46,10.4,988.4,537.6,0.0
2024-11-29T17:00,24.8,54,7.8,988.9,246.0,0.0
2024-11-29T18:00,24.2,59,10.6,988.5,0.0,0.0
2024-11-29T19:00,23.0,63,10.3,989.4,0.0,0.0
2024-11-29T20:00,22.1,67,9.6,990.3,0.0,0.0
2024-11-29T21:00,21.6,68,9.2,990.5,0.0,0.0
2024-11-29T22:00,21.1,70,8.3,990.6,0.0,0.0
2024-11-29T23:00,20.9,70,7.4,989.9,0.0,0.0
2024-11-30T00:00,20.6,71,6.9,989.2,0.0,0.0
2024-11-30T01:00,19.9,73,5.4,989.2,0.0,0.0
2024-11-30T02:00,19.7,74,5.6,988.7,0.0,0.0
2024-11-30T03:00,19.7,73,9.2,988.4,0.0,0.0
2024-11-30T04:00,19.2,74,8.5,988.4,0.0,0.0
2024-11-30T05:00,19.1,74,8.1,988.7,0.0,0.0
2024-11-30T06:00,18.8,77,8.3,989.5,0.0,0.0
2024-11-30T07:00,19.8,74,8.2,990.3,152.1,0.0
2024-11-30T08:00,21.7,64,7.0,990.9,308.4,0.0
2024-11-30T09:00,23.7,58,6.9,991.4,469.2,0.0
2024-11-30T10:00,25.9,55,7.8,991.1,670.0,0.0
2024-11-30T11:00,27.7,52,7.8,990.1,710.4,0.0
2024-11-30T12:00,28.9,50,9.1,988.3,678.1,0.0
2024-11-30T13:00,29.5,49,10.4,987.0,597.4,0.0
2024-11-30T14:00,29.9,49,11.9,986.3,592.9,0.0
2024-11-30T15:00,29.6,50,12.0,986.1,372.8,0.0
2024-11-30T16:00,29.0,52,11.4,986.1,222.8,0.0
2024-11-30T17:00,26.9,60,6.9,986.5,130.7,0.0
2024-11-30T18:00,26.2,67,7.9,987.5,0.0,0.0
2024-11-30T19:00,25.4,73,9.3,988.2,0.0,0.0
2024-11-30T20:00,24.5,77,10.2,988.5,0.0,0.0
2024-11-30T21:00,23.9,81,8.0,988.7,0.0,0.0
2024-11-30T22:00,23.4,84,7.9,988.9,0.0,0.0
2024-11-30T23:00,23.2,84,8.4,988.3,0.0,0.0
2024-12-01T00:00,22.8,85,7.4,987.7,0.0,0.0
2024-12-01T01:00,22.2,87,7.1,987.3,0.0,0.0
2024-12-01T02:00,21.8,87,9.9,986.7,0.0,0.0
2024-12-01T03:00,21.3,87,10.5,986.7,0.0,0.0
2024-12-01T04:00,21.1,86,9.8,986.8,0.0,0.0
2024-12-01T05:00,20.8,86,9.5,987.3,0.0,0.0
2024-12-01T06:00,20.7,87,8.0,988.2,0.0,0.0
2024-12-01T07:00,21.5,83,8.2,989.0,105.1,0.0
2024-12-01T08:00,22.8,78,10.1,989.7,132.3,0.0
2024-12-01T09:00,24.5,73,9.8,989.9,310.3,0.0
2024-12-01T10:00,26.7,65,11.9,989.6,507.2,0.0
2024-12-01T11:00,28.3,59,11.3,988.3,354.2,0.0
2024-12-01T12:00,29.2,55,11.0,987.0,168.3,0.0
2024-12-01T13:00,29.0,56,11.3,986.0,85.3,0.0
2024-12-01T14:00,29.1,55,12.2,984.9,127.0,0.0
2024-12-01T15:00,28.8,57,12.1,984.6,69.0,0.0
2024-12-01T16:00,28.3,58,11.0,984.4,22.3,0.0
2024-12-01T17:00,27.1,63,9.6,984.9,92.2,0.0
2024-12-01T18:00,26.1,71,8.2,985.8,0.0,0.0
2024-12-01T19:00,25.6,73,9.8,986.3,0.0,0.0
2024-12-01T20:00,25.0,76,9.6,986.9,0.0,0.0
2024-12-01T21:00,24.3,79,10.7,987.5,0.0,0.0
2024-12-01T22:00,23.7,81,11.4,987.3,0.0,0.0
2024-12-01T23:00,23.2,82,11.4,987.1,0.0,0.0
2024-12-02T00:00,22.7,83,11.1,986.8,0.0,0.0
2024-12-02T01:00,22.2,85,9.7,986.4,0.0,0.0
2024-12-02T02:00,21.8,87,7.6,985.8,0.0,0.0
2024-12-02T03:00,21.4,89,7.3,985.4,0.0,0.0
2024-12-02T04:00,21.2,90,7.5,985.7,0.0,0.0
2024-12-02T05:00,21.1,89,7.7,986.2,0.0,0.0
2024-12-02T06:00,22.0,85,8.6,987.4,0.0,0.0
2024-12-02T07:00,22.3,84,9.3,988.1,40.9,0.0
2024-12-02T08:00,23.8,78,8.9,989.2,337.0,0.0
2024-12-02T09:00,25.5,72,7.8,989.6,517.7,0.0
2024-12-02T10:00,27.5,64,9.7,989.5,552.6,0.0
2024-12-02T11:00,28.3,61,11.3,988.6,317.1,0.0
2024-12-02T12:00,28.7,59,10.1,987.5,106.6,0.0
2024-12-02T13:00,28.9,59,8.5,986.7,39.2,0.0
2024-12-02T14:00,29.3,58,10.3,986.0,101.7,0.0
2024-12-02T15:00,29.4,57,11.2,985.7,134.0,0.0
2024-12-02T16:00,28.9,58,11.9,985.7,261.0,0.0
2024-12-02T17:00,27.7,62,9.1,986.1,69.1,0.0
2024-12-02T18:00,26.4,72,8.9,987.3,0.0,0.0
2024-12-02T19:00,26.2,72,9.3,988.0,0.0,0.0
2024-12-02T20:00,26.0,72,11.2,988.6,0.0,0.0
2024-12-02T21:00,25.6,74,12.7,988.7,0.0,0.0
2024-12-02T22:00,24.9,77,12.9,988.9,0.0,0.0
2024-12-02T23:00,24.4,79,12.5,988.8,0.0,0.0
2024-12-03T00:00,23.8,82,11.1,988.7,0.0,0.0
2024-12-03T01:00,23.4,85,9.3,988.6,0.0,0.0
2024-12-03T02:00,22.9,88,7.3,988.5,0.0,0.0
2024-12-03T03:00,23.1,87,7.6,988.4,0.0,0.0
2024-12-03T04:00,23.1,87,7.8,988.5,0.0,0.0
2024-12-03T05:00,23.0,88,7.3,988.7,0.0,0.0
2024-12-03T06:00,23.2,85,7.6,989.6,0.0,0.0
2024-12-03T07:00,23.6,84,6.9,990.4,74.4,0.0
2024-12-03T08:00,24.8,80,6.7,991.1,195.2,0.0
2024-12-03T09:00,26.7,73,6.9,991.5,430.5,0.0
2024-12-03T10:00,28.2,67,6.9,991.1,567.6,0.0
2024-12-03T11:00,28.9,64,5.7,990.3,268.6,0.1
2024-12-03T12:00,29.9,61,5.4,989.5,505.7,0.1
2024-12-03T13:00,30.8,57,6.1,988.4,505.2,0.0
2024-12-03T14:00,30.5,58,5.9,987.4,374.1,0.1
2024-12-03T15:00,29.4,61,8.6,987.3,343.2,0.1
2024-12-03T16:00,28.0,68,7.7,987.7,299.1,0.1
2024-12-03T17:00,26.9,74,4.7,988.1,115.1,0.0
2024-12-03T18:00,25.3,82,5.9,989.3,0.0,0.0
2024-12-03T19:00,24.7,81,11.9,989.9,0.0,0.0
2024-12-03T20:00,24.3,83,8.2,990.7,0.0,0.0
2024-12-03T21:00,23.9,86,5.8,990.5,0.0,0.0
2024-12-03T22:00,23.4,89,4.7,990.4,0.0,0.0
2024-12-03T23:00,23.0,92,4.0,990.2,0.0,0.0
2024-12-04T00:00,22.8,93,3.0,989.9,0.0,0.0
2024-12-04T01:00,22.4,95,4.0,989.5,0.0,0.0
2024-12-04T02:00,22.4,96,4.8,989.1,0.0,0.0
2024-12-04T03:00,22.1,97,4.1,989.0,0.0,0.0
2024-12-04T04:00,21.9,97,4.1,988.8,0.0,0.0
2024-12-04T05:00,21.8,97,2.7,989.2,0.0,0.0
2024-12-04T06:00,22.4,95,2.7,989.9,0.0,0.0
2024-12-04T07:00,23.4,90,3.0,990.9,142.0,0.0
2024-12-04T08:00,25.0,83,3.2,991.8,414.0,0.0
2024-12-04T09:00,27.0,75,3.6,992.3,567.2,0.0
2024-12-04T10:00,28.4,70,2.5,991.9,584.3,0.0
2024-12-04T11:00,29.5,65,2.4,991.2,627.9,0.0
2024-12-04T12:00,30.3,61,3.3,990.0,634.2,0.0
2024-12-04T13:00,30.7,59,1.2,988.9,407.7,0.0
2024-12-04T14:00,30.7,58,1.7,987.8,371.3,0.0
2024-12-04T15:00,30.6,58,0.3,987.7,465.3,0.0
2024-12-04T16:00,29.0,63,3.2,988.1,305.3,0.5
2024-12-04T17:00,26.7,78,3.2,988.7,107.3,0.1
2024-12-04T18:00,25.4,90,0.4,989.1,0.0,0.0
2024-12-04T19:00,25.1,90,0.4,989.7,0.0,0.0
2024-12-04T20:00,24.9,91,0.7,990.2,0.0,0.0
2024-12-04T21:00,24.6,92,0.4,990.5,0.0,0.0
2024-12-04T22:00,24.0,94,3.0,990.7,0.0,0.0
2024-12-04T23:00,23.7,95,4.0,990.5,0.0,0.0
2024-12-05T00:00,23.5,94,4.6,989.8,0.0,0.0
2024-12-05T01:00,23.1,94,4.4,989.6,0.0,0.0
2024-12-05T02:00,22.7,94,2.8,989.2,0.0,0.0
2024-12-05T03:00,22.3,96,2.5,989.1,0.0,0.0
2024-12-05T04:00,22.0,97,0.8,989.2,0.0,0.0
2024-12-05T05:00,21.7,98,0.8,989.5,0.0,0.0
2024-12-05T06:00,22.9,95,0.2,990.4,0.0,0.2
2024-12-05T07:00,23.3,94,4.5,991.1,152.0,0.0
2024-12-05T08:00,25.1,85,3.6,992.0,448.3,0.0
2024-12-05T09:00,27.0,75,1.5,992.9,584.8,0.0
2024-12-05T10:00,28.6,68,0.4,992.4,698.8,0.0
2024-12-05T11:00,29.8,64,1.1,991.5,729.1,0.0
2024-12-05T12:00,30.4,61,2.2,990.4,726.4,0.1
2024-12-05T13:00,30.8,59,1.7,989.2,626.5,0.0
2024-12-05T14:00,31.0,57,1.7,988.2,622.1,0.0
2024-12-05T15:00,30.7,56,2.9,987.7,563.0,0.0
2024-12-05T16:00,29.8,59,4.8,987.9,333.6,0.0
2024-12-05T17:00,27.9,71,2.7,988.3,183.5,0.0
2024-12-05T18:00,26.0,88,0.5,989.1,0.0,0.0
2024-12-05T19:00,25.6,88,2.5,989.7,0.0,0.0
2024-12-05T20:00,25.2,88,2.0,990.2,0.0,0.0
2024-12-05T21:00,24.5,89,2.1,990.5,0.0,0.0
2024-12-05T22:00,23.9,92,1.8,990.6,0.0,0.0
2024-12-05T23:00,23.3,92,2.1,990.2,0.0,0.0
2024-12-06T00:00,22.7,95,2.9,990.0,0.0,0.0
2024-12-06T01:00,22.5,97,4.2,989.7,0.0,0.0
2024-12-06T02:00,22.2,98,4.3,989.1,0.0,0.0
2024-12-06T03:00,21.8,98,4.4,988.9,0.0,0.0
2024-12-06T04:00,22.2,98,8.3,988.9,0.0,0.0
2024-12-06T05:00,22.2,96,6.1,989.4,0.0,0.0
2024-12-06T06:00,22.8,90,4.6,989.9,0.0,0.0
2024-12-06T07:00,23.4,86,6.5,991.1,119.5,0.0
2024-12-06T08:00,25.1,80,4.3,992.0,455.6,0.0
2024-12-06T09:00,26.9,74,3.8,992.5,615.4,0.0
2024-12-06T10:00,28.4,69,5.0,992.2,715.9,0.0
2024-12-06T11:00,29.4,64,4.8,991.3,681.1,0.0
2024-12-06T12:00,29.9,60,2.2,990.0,610.9,0.0
2024-12-06T13:00,30.2,58,2.0,988.9,625.9,0.1
2024-12-06T14:00,30.3,57,2.1,988.0,640.1,0.0
2024-12-06T15:00,30.2,57,1.9,987.6,593.5,0.0
2024-12-06T16:00,29.2,60,1.0,987.5,457.0,0.0
2024-12-06T17:00,26.0,80,8.9,988.1,122.1,0.6
2024-12-06T18:00,26.9,77,1.1,988.2,0.0,0.0
2024-12-06T19:00,25.8,81,2.7,988.9,0.0,0.0
2024-12-06T20:00,25.4,84,2.2,989.4,0.0,0.0
2024-12-06T21:00,24.8,86,1.5,989.8,0.0,0.0
2024-12-06T22:00,24.3,88,2.0,990.2,0.0,0.0
2024-12-06T23:00,24.1,86,5.5,989.7,0.0,0.0
2024-12-07T00:00,23.5,86,3.5,989.2,0.0,0.0
2024-12-07T01:00,23.3,88,2.6,988.8,0.0,0.0
2024-12-07T02:00,22.9,90,2.5,988.0,0.0,0.0
2024-12-07T03:00,22.5,93,2.6,987.4,0.0,0.0
2024-12-07T04:00,22.5,94,3.1,987.6,0.0,0.0
2024-12-07T05:00,22.2,96,3.9,988.0,0.0,0.0
2024-12-07T06:00,22.8,95,2.3,988.7,0.0,0.0
2024-12-07T07:00,23.6,90,4.0,989.6,129.4,0.0
2024-12-07T08:00,25.4,82,2.9,990.4,282.0,0.1
2024-12-07T09:00,27.1,74,1.5,990.8,422.2,0.0
2024-12-07T10:00,28.5,67,1.3,990.6,534.7,0.0
2024-12-07T11:00,29.2,64,4.5,989.8,625.7,0.0
2024-12-07T12:00,29.7,61,3.8,988.9,592.9,0.0
2024-12-07T13:00,30.3,56,3.6,988.0,460.2,0.0
2024-12-07T14:00,30.1,56,5.6,987.3,118.2,0.0
2024-12-07T15:00,28.5,63,6.0,987.3,463.4,0.6
2024-12-07T16:00,27.6,67,3.1,987.5,253.5,0.1
2024-12-07T17:00,26.4,75,1.7,987.6,167.5,0.0
2024-12-07T18:00,25.9,83,8.3,988.1,0.0,0.0
2024-12-07T19:00,25.0,87,8.1,988.8,0.0,0.0
2024-12-07T20:00,24.1,90,8.0,989.5,0.0,0.0
2024-12-07T21:00,23.3,91,8.6,989.9,0.0,0.0
2024-12-07T22:00,23.0,92,8.9,989.8,0.0,0.0
2024-12-07T23:00,22.5,95,8.4,989.3,0.0,0.0
2024-12-08T00:00,22.2,96,8.0,988.8,0.0,0.0
2024-12-08T01:00,21.9,97,7.3,988.3,0.0,0.0
2024-12-08T02:00,21.8,98,8.4,987.9,0.0,0.0
2024-12-08T03:00,21.8,97,8.8,987.6,0.0,0.0
2024-12-08T04:00,21.7,98,7.9,987.5,0.0,0.0
2024-12-08T05:00,21.7,98,8.8,987.7,0.0,0.0
2024-12-08T06:00,22.1,98,8.4,988.4,0.0,0.0
2024-12-08T07:00,22.8,95,11.1,989.4,148.3,0.0
2024-12-08T08:00,24.6,86,12.4,990.5,344.0,0.0
2024-12-08T09:00,26.6,75,10.7,991.1,439.3,0.0
2024-12-08T10:00,28.0,71,7.9,990.8,477.2,0.0
2024-12-08T11:00,28.9,67,6.1,990.1,598.6,0.0
2024-12-08T12:00,29.9,58,4.7,988.9,578.9,0.1
2024-12-08T13:00,30.3,53,3.7,987.7,505.9,0.2
2024-12-08T14:00,28.5,62,10.1,987.3,602.6,0.5
2024-12-08T15:00,27.0,72,4.0,987.1,339.3,0.5
2024-12-08T16:00,27.0,73,4.7,987.1,401.7,0.0
2024-12-08T17:00,25.8,80,5.5,987.3,212.6,0.0
2024-12-08T18:00,25.2,88,5.2,987.6,0.0,0.0
2024-12-08T19:00,24.5,94,5.9,988.4,0.0,0.0
2024-12-08T20:00,24.0,94,8.8,988.5,0.0,0.0
2024-12-08T21:00,23.8,93,8.2,989.0,0.0,0.0
2024-12-08T22:00,23.5,95,7.7,988.9,0.0,0.0
2024-12-08T23:00,23.4,94,8.6,988.5,0.0,0.0
2024-12-09T00:00,23.1,94,5.9,988.2,0.0,0.0
2024-12-09T01:00,22.7,93,9.1,988.1,0.0,0.6
2024-12-09T02:00,22.7,91,4.6,987.5,0.0,0.1
2024-12-09T03:00,22.4,92,6.0,987.3,0.0,0.2
2024-12-09T04:00,21.9,94,5.5,987.6,0.0,0.1
2024-12-09T05:00,21.6,96,5.6,987.9,0.0,0.0
2024-12-09T06:00,21.5,99,2.9,989.1,0.0,0.0
2024-12-09T07:00,22.5,96,6.2,990.2,88.2,0.0
2024-12-09T08:00,23.8,86,7.9,991.4,304.4,0.0
2024-12-09T09:00,24.9,71,6.3,992.3,454.3,0.0
2024-12-09T10:00,26.3,66,5.9,991.9,569.6,0.0
2024-12-09T11:00,27.8,54,7.3,991.1,803.8,0.0
2024-12-09T12:00,28.8,44,7.9,989.9,802.8,0.0
2024-12-09T13:00,29.3,40,7.8,988.8,790.8,0.0
2024-12-09T14:00,29.4,39,7.2,988.1,762.7,0.0
2024-12-09T15:00,29.0,39,6.8,988.0,678.4,0.0
2024-12-09T16:00,28.0,44,5.5,988.2,539.9,0.0
2024-12-09T17:00,25.3,53,5.9,988.4,264.9,0.0
2024-12-09T18:00,24.2,67,5.9,989.1,0.0,0.0
2024-12-09T19:00,23.4,71,6.8,989.9,0.0,0.0
2024-12-09T20:00,22.8,68,6.8,990.3,0.0,0.0
2024-12-09T21:00,21.8,70,5.2,990.7,0.0,0.0
2024-12-09T22:00,21.2,72,3.3,990.9,0.0,0.0
2024-12-09T23:00,20.2,76,5.1,990.5,0.0,0.0
2024-12-10T00:00,20.1,75,8.6,990.6,0.0,0.0
2024-12-10T01:00,19.6,63,9.3,990.4,0.0,0.0
2024-12-10T02:00,18.7,60,7.0,990.2,0.0,0.0
2024-12-10T03:00,17.3,65,5.5,989.8,0.0,0.0
2024-12-10T04:00,16.6,68,4.4,990.0,0.0,0.0
2024-12-10T05:00,16.0,67,4.5,990.4,0.0,0.0
2024-12-10T06:00,16.6,61,5.8,991.7,0.0,0.0
2024-12-10T07:00,17.3,59,5.6,992.6,178.3,0.0
2024-12-10T08:00,19.0,51,4.7,993.8,499.7,0.0
2024-12-10T09:00,20.8,49,5.4,994.0,657.7,0.0
2024-12-10T10:00,22.9,48,5.3,993.5,758.6,0.0
2024-12-10T11:00,24.8,45,5.2,992.5,807.1,0.0
2024-12-10T12:00,26.3,42,5.1,991.3,823.2,0.0
2024-12-10T13:00,27.1,40,5.9,990.2,808.5,0.0
2024-12-10T14:00,27.3,40,6.7,989.5,767.7,0.0
2024-12-10T15:00,27.1,40,6.8,989.3,686.1,0.0
2024-12-10T16:00,26.1,44,6.8,989.4,551.3,0.0
2024-12-10T17:00,23.3,54,6.5,989.8,271.6,0.0
2024-12-10T18:00,22.6,58,10.2,991.1,0.0,0.0
2024-12-10T19:00,21.8,58,10.8,991.9,0.0,0.0
2024-12-10T20:00,20.9,60,10.0,992.6,0.0,0.0
2024-12-10T21:00,20.0,61,9.4,992.8,0.0,0.0
2024-12-10T22:00,19.1,62,9.1,992.9,0.0,0.0
2024-12-10T23:00,18.2,63,7.9,992.5,0.0,0.0
2024-12-11T00:00,17.5,66,9.7,992.0,0.0,0.0
2024-12-11T01:00,16.9,67,10.4,991.7,0.0,0.0
2024-12-11T02:00,16.2,62,10.7,991.1,0.0,0.0
2024-12-11T03:00,15.5,60,10.1,990.7,0.0,0.0
2024-12-11T04:00,14.2,63,5.9,990.8,0.0,0.0
2024-12-11T05:00,13.8,64,2.0,991.4,0.0,0.0
2024-12-11T06:00,13.4,65,3.4,992.7,0.0,0.0
2024-12-11T07:00,14.6,62,5.8,993.4,189.2,0.0
2024-12-11T08:00,16.8,56,3.2,994.5,539.7,0.0
2024-12-11T09:00,19.3,53,2.4,994.9,710.7,0.0
2024-12-11T10:00,21.8,50,1.9,994.6,795.8,0.0
2024-12-11T11:00,23.9,47,1.9,993.6,827.6,0.0
2024-12-11T12:00,25.4,41,3.6,992.1,845.0,0.0
2024-12-11T13:00,26.2,38,6.0,990.7,823.4,0.0
2024-12-11T14:00,26.4,36,6.8,989.9,798.2,0.0
2024-12-11T15:00,26.1,36,7.0,989.8,714.0,0.0
2024-12-11T16:00,25.0,41,7.1,989.9,553.1,0.0
2024-12-11T17:00,22.5,48,8.2,990.1,255.6,0.0
2024-12-11T18:00,21.6,54,8.3,990.5,0.0,0.0
2024-12-11T19:00,20.3,61,8.1,991.2,0.0,0.0
2024-12-11T20:00,19.5,60,8.3,991.8,0.0,0.0
2024-12-11T21:00,18.8,61,7.9,991.7,0.0,0.0
2024-12-11T22:00,18.2,63,8.5,991.5,0.0,0.0
2024-12-11T23:00,17.4,65,7.3,990.9,0.0,0.0
2024-12-12T00:00,16.4,68,5.2,990.7,0.0,0.0
2024-12-12T01:00,16.0,68,2.6,990.2,0.0,0.0
2024-12-12T02:00,15.3,71,2.2,989.7,0.0,0.0
2024-12-12T03:00,14.7,75,1.2,989.2,0.0,0.0
2024-12-12T04:00,14.4,77,0.4,989.0,0.0,0.0
2024-12-12T05:00,13.8,80,4.4,989.3,0.0,0.0
2024-12-12T06:00,13.1,88,6.0,990.2,0.0,0.0
2024-12-12T07:00,14.5,84,9.0,991.6,173.0,0.0
2024-12-12T08:00,17.0,74,4.5,992.9,515.1,0.0
2024-12-12T09:00,19.7,63,2.0,993.8,683.3,0.0
2024-12-12T10:00,22.2,55,2.1,993.5,786.5,0.0
2024-12-12T11:00,24.2,48,2.5,992.5,836.4,0.0
2024-12-12T12:00,25.5,42,2.5,991.3,809.0,0.0
2024-12-12T13:00,26.1,40,3.5,990.3,815.4,0.0
2024-12-12T14:00,26.3,40,5.0,989.7,791.8,0.0
2024-12-12T15:00,26.0,40,6.4,989.3,727.5,0.0
2024-12-12T16:00,25.0,44,5.2,989.4,570.4,0.0
2024-12-12T17:00,21.9,56,4.7,989.7,269.6,0.0
2024-12-12T18:00,21.0,63,6.6,990.1,0.0,0.0
2024-12-12T19:00,19.8,67,6.5,991.0,0.0,0.0
2024-12-12T20:00,18.5,74,5.6,991.8,0.0,0.0
2024-12-12T21:00,17.7,77,6.1,992.0,0.0,0.0
2024-12-12T22:00,17.2,72,6.4,992.0,0.0,0.0
2024-12-12T23:00,16.6,71,5.2,991.5,0.0,0.0
2024-12-13T00:00,16.0,71,4.8,991.1,0.0,0.0
2024-12-13T01:00,15.8,71,2.8,990.9,0.0,0.0
2024-12-13T02:00,15.5,72,2.2,990.5,0.0,0.0
2024-12-13T03:00,14.9,76,3.4,990.1,0.0,0.0
2024-12-13T04:00,14.1,82,4.9,990.1,0.0,0.0
2024-12-13T05:00,13.9,82,6.0,990.6,0.0,0.0
2024-12-13T06:00,14.0,80,5.5,991.7,0.0,0.0
2024-12-13T07:00,15.1,74,4.9,993.0,101.2,0.0
2024-12-13T08:00,17.2,64,3.0,994.2,409.5,0.0
2024-12-13T09:00,19.7,56,4.7,994.6,670.9,0.0
2024-12-13T10:00,22.2,51,6.5,994.2,741.9,0.0
2024-12-13T11:00,24.3,45,7.1,993.2,777.2,0.0
2024-12-13T12:00,25.5,41,7.7,991.8,731.6,0.0
2024-12-13T13:00,26.1,39,8.1,990.7,668.3,0.0
2024-12-13T14:00,26.3,39,8.0,989.9,662.1,0.0
2024-12-13T15:00,25.9,39,8.4,989.7,544.5,0.0
2024-12-13T16:00,24.7,45,7.4,989.7,415.7,0.0
2024-12-13T17:00,22.0,54,7.0,990.3,156.6,0.0
2024-12-13T18:00,21.3,56,8.6,990.9,0.0,0.0
2024-12-13T19:00,20.3,60,8.6,991.6,0.0,0.0
2024-12-13T20:00,19.3,64,9.6,992.5,0.0,0.0
2024-12-13T21:00,18.6,66,9.6,993.0,0.0,0.0
2024-12-13T22:00,18.1,64,10.1,993.1,0.0,0.0
2024-12-13T23:00,17.8,60,10.4,992.9,0.0,0.0
2024-12-14T00:00,17.4,57,13.3,992.7,0.0,0.0
2024-12-14T01:00,16.3,55,13.7,992.4,0.0,0.0
2024-12-14T02:00,15.3,55,12.4,991.9,0.0,0.0
2024-12-14T03:00,14.5,56,11.0,991.9,0.0,0.0
2024-12-14T04:00,14.0,56,8.1,992.1,0.0,0.0
2024-12-14T05:00,12.9,60,6.2,992.8,0.0,0.0
2024-12-14T06:00,13.0,60,6.1,993.5,0.0,0.0
2024-12-14T07:00,14.1,57,6.8,994.7,176.6,0.0
2024-12-14T08:00,16.3,52,4.6,995.7,534.2,0.0
2024-12-14T09:00,18.6,47,4.7,996.3,704.6,0.0
2024-12-14T10:00,21.1,44,5.1,995.9,790.8,0.0
2024-12-14T11:00,23.2,40,4.8,995.0,838.1,0.0
2024-12-14T12:00,24.7,37,4.7,993.7,854.9,0.0
2024-12-14T13:00,25.6,35,4.3,992.5,846.0,0.0
2024-12-14T14:00,26.0,35,4.0,991.9,810.7,0.0
2024-12-14T15:00,25.9,35,4.4,991.6,733.9,0.0
2024-12-14T16:00,24.7,44,4.5,991.5,585.8,0.0
2024-12-14T17:00,21.3,53,6.5,991.6,297.1,0.0
2024-12-14T18:00,20.5,55,8.1,992.2,0.0,0.0
2024-12-14T19:00,19.5,58,7.6,992.7,0.0,0.0
2024-12-14T20:00,18.6,62,8.2,993.4,0.0,0.0
2024-12-14T21:00,17.7,66,8.2,994.1,0.0,0.0
2024-12-14T22:00,16.7,69,7.0,994.3,0.0,0.0
2024-12-14T23:00,15.5,73,5.7,994.1,0.0,0.0
2024-12-15T00:00,15.1,71,3.8,993.9,0.0,0.0
2024-12-15T01:00,14.6,70,3.2,993.5,0.0,0.0
2024-12-15T02:00,13.5,72,6.1,992.8,0.0,0.0
2024-12-15T03:00,13.6,66,7.5,992.6,0.0,0.0
2024-12-15T04:00,13.4,60,8.3,992.6,0.0,0.0
2024-12-15T05:00,12.2,63,6.4,993.0,0.0,0.0
2024-12-15T06:00,11.3,71,5.1,993.8,0.0,0.0
2024-12-15T07:00,12.6,68,4.7,995.1,178.4,0.0
2024-12-15T08:00,15.0,59,2.7,996.4,545.6,0.0
2024-12-15T09:00,17.6,50,2.1,997.0,720.6,0.0
2024-12-15T10:00,20.1,46,2.2,997.0,809.6,0.0
2024-12-15T11:00,22.3,43,2.8,996.1,854.0,0.0
2024-12-15T12:00,24.0,40,2.3,995.0,870.9,0.0
2024-12-15T13:00,25.0,38,2.3,993.7,861.9,0.0
2024-12-15T14:00,25.5,38,3.1,992.6,823.1,0.0
2024-12-15T15:00,25.4,37,4.6,992.0,743.0,0.0
2024-12-15T16:00,24.3,44,5.4,992.0,593.2,0.0
2024-12-15T17:00,20.6,54,6.0,992.1,303.1,0.0
2024-12-15T18:00,19.4,59,5.6,992.7,0.0,0.0
2024-12-15T19:00,18.2,63,5.4,993.4,0.0,0.0
2024-12-15T20:00,17.1,66,6.1,993.9,0.0,0.0
2024-12-15T21:00,16.4,66,6.5,994.2,0.0,0.0
2024-12-15T22:00,15.8,67,5.1,994.0,0.0,0.0
2024-12-15T23:00,15.1,69,3.1,993.3,0.0,0.0
2024-12-16T00:00,14.5,71,1.7,992.6,0.0,0.0
2024-12-16T01:00,13.9,75,1.9,992.1,0.0,0.0
2024-12-16T02:00,13.4,78,3.0,991.4,0.0,0.0
2024-12-16T03:00,12.8,81,3.2,991.3,0.0,0.0
2024-12-16T04:00,12.0,86,3.3,991.3,0.0,0.0
2024-12-16T05:00,11.2,90,5.1,991.4,0.0,0.0
2024-12-16T06:00,11.3,91,5.4,992.7,0.0,0.0
2024-12-16T07:00,12.9,85,6.9,993.6,161.2,0.0
2024-12-16T08:00,15.6,72,3.7,994.8,530.9,0.0
2024-12-16T09:00,18.6,58,4.0,995.5,710.1,0.0
2024-12-16T10:00,21.6,48,4.2,995.4,801.5,0.0
2024-12-16T11:00,23.9,42,4.5,994.4,845.1,0.0
2024-12-16T12:00,25.5,37,4.2,992.9,861.9,0.0
2024-12-16T13:00,26.3,34,3.8,991.6,837.9,0.0
2024-12-16T14:00,26.7,33,4.5,990.4,811.5,0.0
2024-12-16T15:00,26.5,34,5.6,989.9,741.9,0.0
2024-12-16T16:00,25.1,44,4.7,990.0,597.4,0.0
2024-12-16T17:00,21.4,54,6.2,990.1,309.1,0.0
2024-12-16T18:00,21.2,52,8.4,990.7,0.0,0.0
2024-12-16T19:00,19.8,56,7.9,991.1,0.0,0.0
2024-12-16T20:00,18.1,65,6.9,991.8,0.0,0.0
2024-12-16T21:00,17.2,68,3.5,992.2,0.0,0.0
2024-12-16T22:00,16.6,70,1.5,992.3,0.0,0.0
2024-12-16T23:00,15.7,74,1.9,991.9,0.0,0.0
2024-12-17T00:00,14.9,77,2.1,991.4,0.0,0.0
2024-12-17T01:00,14.0,81,3.1,990.7,0.0,0.0
2024-12-17T02:00,13.1,83,4.9,989.8,0.0,0.0
2024-12-17T03:00,12.9,83,1.9,989.4,0.0,0.0
2024-12-17T04:00,12.5,84,1.1,989.7,0.0,0.0
2024-12-17T05:00,11.7,89,5.1,989.9,0.0,0.0
2024-12-17T06:00,11.4,90,3.3,991.8,0.0,0.0
2024-12-17T07:00,12.6,88,5.6,992.6,162.7,0.0
2024-12-17T08:00,15.6,75,3.0,993.5,530.8,0.0
2024-12-17T09:00,18.6,63,2.3,994.0,712.7,0.0
2024-12-17T10:00,21.6,53,2.8,993.5,774.6,0.0
2024-12-17T11:00,23.8,46,2.8,992.6,817.1,0.0
2024-12-17T12:00,25.4,41,2.2,991.4,841.8,0.0
2024-12-17T13:00,26.5,38,1.5,990.2,852.2,0.0
2024-12-17T14:00,26.9,37,0.9,989.5,815.8,0.0
2024-12-17T15:00,26.7,37,0.9,989.1,740.7,0.0
2024-12-17T16:00,25.5,56,1.3,989.0,595.2,0.0
2024-12-17T17:00,22.2,58,3.4,989.2,300.2,0.0
2024-12-17T18:00,21.0,63,4.0,989.7,0.0,0.0
2024-12-17T19:00,19.6,65,5.2,990.3,0.0,0.0
2024-12-17T20:00,18.5,66,4.6,990.6,0.0,0.0
2024-12-17T21:00,17.5,69,3.9,990.9,0.0,0.0
2024-12-17T22:00,16.6,72,3.6,990.9,0.0,0.0
2024-12-17T23:00,15.7,75,4.2,990.7,0.0,0.0
2024-12-18T00:00,15.2,77,4.2,990.3,0.0,0.0
2024-12-18T01:00,14.8,78,2.7,989.9,0.0,0.0
2024-12-18T02:00,14.3,80,2.1,989.3,0.0,0.0
2024-12-18T03:00,13.7,82,1.7,989.1,0.0,0.0
2024-12-18T04:00,13.3,83,1.5,989.4,0.0,0.0
2024-12-18T05:00,12.4,87,4.1,990.0,0.0,0.0
2024-12-18T06:00,11.8,90,5.2,991.1,0.0,0.0
2024-12-18T07:00,13.2,86,5.1,992.0,154.5,0.0
2024-12-18T08:00,16.1,76,2.3,993.0,526.8,0.0
2024-12-18T09:00,19.3,65,3.5,993.2,704.0,0.0
2024-12-18T10:00,22.4,55,2.7,992.6,798.2,0.0
2024-12-18T11:00,24.9,46,3.0,991.3,850.2,0.0
2024-12-18T12:00,26.5,38,3.2,990.0,867.1,0.0
2024-12-18T13:00,27.5,34,3.1,988.9,856.4,0.0
2024-12-18T14:00,27.9,33,3.5,988.0,819.9,0.0
2024-12-18T15:00,27.7,33,4.5,987.9,743.4,0.0
2024-12-18T16:00,26.2,46,3.7,988.0,589.9,0.0
2024-12-18T17:00,22.6,51,5.6,988.4,313.3,0.0
2024-12-18T18:00,21.4,55,6.6,988.8,0.0,0.0
2024-12-18T19:00,20.2,59,7.2,989.5,0.0,0.0
2024-12-18T20:00,18.9,66,6.9,990.0,0.0,0.0
2024-12-18T21:00,17.5,73,6.7,990.1,0.0,0.0
2024-12-18T22:00,16.8,76,6.3,990.1,0.0,0.0
2024-12-18T23:00,16.4,76,4.3,989.9,0.0,0.0
2024-12-19T00:00,16.1,76,2.8,989.7,0.0,0.0
2024-12-19T01:00,15.4,77,2.6,989.4,0.0,0.0
2024-12-19T02:00,14.7,79,2.4,989.0,0.0,0.0
2024-12-19T03:00,14.1,81,2.5,988.8,0.0,0.0
2024-12-19T04:00,13.9,82,2.0,988.9,0.0,0.0
2024-12-19T05:00,13.5,82,3.1,989.1,0.0,0.0
2024-12-19T06:00,12.4,88,4.2,990.1,0.0,0.0
2024-12-19T07:00,13.9,82,7.1,991.0,136.4,0.0
2024-12-19T08:00,16.9,70,4.5,992.1,473.0,0.0
2024-12-19T09:00,19.7,61,2.4,992.7,589.7,0.0
2024-12-19T10:00,22.3,55,2.2,992.3,674.4,0.0
2024-12-19T11:00,24.7,52,1.4,991.5,737.2,0.0
2024-12-19T12:00,26.4,51,1.0,990.4,787.4,0.0
2024-12-19T13:00,27.7,51,0.8,989.2,776.7,0.0
2024-12-19T14:00,28.4,51,1.3,988.3,736.2,0.0
2024-12-19T15:00,28.4,52,0.8,987.8,663.7,0.0
2024-12-19T16:00,27.8,55,3.4,987.6,517.2,0.0
2024-12-19T17:00,24.7,69,4.5,987.6,260.9,0.0
2024-12-19T18:00,24.4,74,3.2,987.7,0.0,0.0
2024-12-19T19:00,23.5,77,5.4,988.5,0.0,0.0
2024-12-19T20:00,22.9,78,6.2,988.9,0.0,0.0
2024-12-19T21:00,22.0,80,5.5,989.3,0.0,0.0
2024-12-19T22:00,21.4,83,5.7,989.5,0.0,0.0
2024-12-19T23:00,21.2,84,5.2,989.2,0.0,0.0
2024-12-20T00:00,20.9,85,4.2,988.9,0.0,0.0
2024-12-20T01:00,20.6,86,4.2,988.5,0.0,0.0
2024-12-20T02:00,20.0,89,4.8,988.2,0.0,0.0
2024-12-20T03:00,19.8,91,5.4,987.7,0.0,0.0
2024-12-20T04:00,19.4,92,5.1,987.6,0.0,0.0
2024-12-20T05:00,19.3,93,2.9,988.1,0.0,0.0
2024-12-20T06:00,19.4,93,3.8,989.0,0.0,0.0
2024-12-20T07:00,20.3,91,2.6,989.9,59.0,0.0
2024-12-20T08:00,22.2,84,1.3,990.9,295.6,0.0
2024-12-20T09:00,24.3,76,1.3,990.9,456.7,0.0
2024-12-20T10:00,26.5,69,0.4,990.8,580.5,0.0
2024-12-20T11:00,27.9,64,1.5,989.8,616.7,0.0
2024-12-20T12:00,29.1,59,2.9,988.8,667.4,0.0
2024-12-20T13:00,29.8,54,3.7,987.5,694.0,0.0
2024-12-20T14:00,30.1,51,6.2,986.7,668.6,0.0
2024-12-20T15:00,29.9,50,8.3,986.0,610.2,0.0
2024-12-20T16:00,29.2,52,8.2,986.0,496.6,0.0
2024-12-20T17:00,26.7,62,5.5,986.2,266.6,0.0
2024-12-20T18:00,25.8,66,7.3,987.0,0.0,0.0
2024-12-20T19:00,25.3,67,8.4,987.6,0.0,0.0
2024-12-20T20:00,24.4,69,8.0,988.2,0.0,0.0
2024-12-20T21:00,23.9,72,8.9,988.5,0.0,0.0
2024-12-20T22:00,23.0,77,9.3,988.6,0.0,0.0
2024-12-20T23:00,22.3,81,6.9,988.4,0.0,0.0
2024-12-21T00:00,21.3,88,5.0,988.0,0.0,0.0
2024-12-21T01:00,20.8,91,4.9,987.7,0.0,0.0
2024-12-21T02:00,20.4,93,4.7,987.2,0.0,0.0
2024-12-21T03:00,20.0,94,4.2,986.9,0.0,0.0
2024-12-21T04:00,19.7,95,3.1,987.1,0.0,0.0
2024-12-21T05:00,19.6,96,6.9,987.9,0.0,0.0
2024-12-21T06:00,20.2,97,5.8,989.0,0.0,0.0
2024-12-21T07:00,20.6,95,9.0,989.8,89.2,0.0
2024-12-21T08:00,22.6,84,7.5,990.9,386.4,0.0
2024-12-21T09:00,25.1,72,8.1,991.4,577.7,0.0
2024-12-21T10:00,27.0,64,7.3,991.0,680.2,0.1
2024-12-21T11:00,28.2,58,6.3,990.2,666.9,0.1
2024-12-21T12:00,29.2,51,6.3,989.0,616.4,0.0
2024-12-21T13:00,29.9,44,8.3,988.1,631.3,0.0
2024-12-21T14:00,30.0,40,10.4,987.4,621.6,0.0
2024-12-21T15:00,29.7,39,11.4,987.4,628.7,0.0
2024-12-21T16:00,28.8,41,10.5,987.4,497.4,0.0
2024-12-21T17:00,26.4,48,10.0,988.0,272.1,0.0
2024-12-21T18:00,25.3,56,11.0,989.0,0.0,0.0
2024-12-21T19:00,24.4,57,10.5,989.8,0.0,0.0
2024-12-21T20:00,23.3,60,9.1,990.4,0.0,0.0
2024-12-21T21:00,22.5,61,8.5,990.6,0.0,0.0
2024-12-21T22:00,21.6,63,8.1,990.7,0.0,0.0
2024-12-21T23:00,20.7,66,8.0,990.5,0.0,0.0
2024-12-22T00:00,19.9,71,6.4,990.3,0.0,0.0
2024-12-22T01:00,18.7,81,5.1,989.8,0.0,0.0
2024-12-22T02:00,18.0,86,4.4,989.3,0.0,0.0
2024-12-22T03:00,17.6,89,6.0,988.9,0.0,0.0
2024-12-22T04:00,17.3,87,8.3,989.0,0.0,0.0
2024-12-22T05:00,17.1,80,8.0,989.6,0.0,0.0
2024-12-22T06:00,17.8,90,9.7,990.8,0.0,0.0
2024-12-22T07:00,18.6,88,10.5,991.2,110.0,0.0
2024-12-22T08:00,21.0,80,5.6,992.0,439.3,0.0
2024-12-22T09:00,23.6,73,3.2,992.5,626.9,0.0
2024-12-22T10:00,25.8,65,6.0,992.3,737.5,0.0
2024-12-22T11:00,27.6,53,9.2,991.4,788.9,0.0
2024-12-22T12:00,28.9,43,10.3,990.1,809.9,0.0
2024-12-22T13:00,29.7,37,11.1,988.6,808.1,0.0
2024-12-22T14:00,29.8,35,10.9,988.2,779.4,0.0
2024-12-22T15:00,29.3,35,12.1,987.8,700.7,0.0
2024-12-22T16:00,28.4,36,10.3,987.9,558.3,0.0
2024-12-22T17:00,25.7,44,6.9,988.1,298.8,0.0
2024-12-22T18:00,24.9,49,9.6,988.9,0.0,0.0
2024-12-22T19:00,23.5,53,9.9,989.8,0.0,0.0
2024-12-22T20:00,22.3,56,8.4,990.3,0.0,0.0
2024-12-22T21:00,21.5,58,9.4,990.6,0.0,0.0
2024-12-22T22:00,21.2,57,9.6,990.7,0.0,0.0
2024-12-22T23:00,20.7,59,9.5,990.0,0.0,0.0
2024-12-23T00:00,20.2,64,9.0,989.5,0.0,0.0
2024-12-23T01:00,19.5,70,9.5,989.3,0.0,0.0
2024-12-23T02:00,18.9,74,8.5,989.0,0.0,0.0
2024-12-23T03:00,18.3,78,7.1,988.7,0.0,0.0
2024-12-23T04:00,18.1,80,9.0,988.9,0.0,0.0
2024-12-23T05:00,17.8,82,6.5,989.3,0.0,0.0
2024-12-23T06:00,18.1,87,9.8,990.7,0.0,0.0
2024-12-23T07:00,18.8,84,9.9,991.2,111.0,0.0
2024-12-23T08:00,21.1,75,8.4,992.1,457.7,0.0
2024-12-23T09:00,23.6,65,11.4,992.5,644.6,0.0
2024-12-23T10:00,25.9,57,10.2,992.4,738.6,0.0
2024-12-23T11:00,27.6,49,8.6,991.6,787.9,0.0
2024-12-23T12:00,28.8,42,9.1,990.2,807.1,0.0
2024-12-23T13:00,29.6,38,9.4,989.0,800.4,0.0
2024-12-23T14:00,29.9,36,8.6,988.3,767.1,0.0
2024-12-23T15:00,29.7,36,8.9,988.1,694.8,0.0
2024-12-23T16:00,28.9,38,8.0,988.1,552.5,0.0
2024-12-23T17:00,26.6,45,7.5,988.4,296.9,0.0
2024-12-23T18:00,24.6,58,3.8,989.1,0.0,0.0
2024-12-23T19:00,23.3,62,4.8,989.7,0.0,0.0
2024-12-23T20:00,23.1,61,8.4,990.3,0.0,0.0
2024-12-23T21:00,22.7,59,12.8,990.5,0.0,0.0
2024-12-23T22:00,22.7,54,13.9,990.2,0.0,0.0
2024-12-23T23:00,21.8,56,12.1,989.7,0.0,0.0
2024-12-24T00:00,20.9,59,10.0,989.6,0.0,0.0
2024-12-24T01:00,20.0,63,8.1,989.0,0.0,0.0
2024-12-24T02:00,19.2,67,7.6,988.7,0.0,0.0
2024-12-24T03:00,18.7,69,7.5,988.7,0.0,0.0
2024-12-24T04:00,17.8,74,5.0,988.8,0.0,0.0
2024-12-24T05:00,17.7,75,2.9,989.1,0.0,0.0
2024-12-24T06:00,18.3,72,5.6,989.7,0.0,0.0
2024-12-24T07:00,19.2,70,6.5,990.4,111.9,0.0
2024-12-24T08:00,21.8,62,5.1,991.3,460.4,0.0
2024-12-24T09:00,24.2,56,4.0,992.0,528.1,0.0
2024-12-24T10:00,26.3,51,4.3,991.8,736.2,0.0
2024-12-24T11:00,28.1,46,3.5,991.3,776.6,0.0
2024-12-24T12:00,29.3,40,4.6,990.0,798.6,0.0
2024-12-24T13:00,29.9,37,5.6,989.1,751.5,0.0
2024-12-24T14:00,30.0,36,5.6,988.4,544.3,0.0
2024-12-24T15:00,29.9,36,6.4,988.2,572.0,0.0
2024-12-24T16:00,29.2,37,6.6,988.2,385.3,0.0
2024-12-24T17:00,26.9,50,4.3,988.4,98.3,0.0
2024-12-24T18:00,25.5,54,5.6,989.1,0.0,0.0
2024-12-24T19:00,24.6,57,4.8,990.1,0.0,0.0
2024-12-24T20:00,23.6,62,3.5,990.9,0.0,0.0
2024-12-24T21:00,23.5,63,1.1,991.3,0.0,0.0
2024-12-24T22:00,23.0,63,5.9,991.6,0.0,0.0
2024-12-24T23:00,23.4,58,7.2,991.2,0.0,0.0
2024-12-25T00:00,23.3,57,10.5,990.9,0.0,0.0
2024-12-25T01:00,22.3,60,10.1,990.4,0.0,0.0
2024-12-25T02:00,21.4,65,7.4,990.0,0.0,0.0
2024-12-25T03:00,20.1,73,5.4,989.7,0.0,0.0
2024-12-25T04:00,20.5,75,6.8,989.8,0.0,0.0
2024-12-25T05:00,20.3,79,7.6,990.2,0.0,0.0
2024-12-25T06:00,20.5,79,7.3,991.0,0.0,0.0
2024-12-25T07:00,21.3,76,7.6,991.9,0.0,0.0
2024-12-25T08:00,22.0,73,6.4,992.9,0.0,0.0
2024-12-25T09:00,23.4,67,8.8,993.5,118.7,0.0
2024-12-25T10:00,24.8,60,9.2,994.0,352.3,0.0
2024-12-25T11:00,25.9,54,9.1,993.3,382.6,0.0
2024-12-25T12:00,26.2,52,9.1,992.3,225.1,0.0
2024-12-25T13:00,26.5,51,8.0,991.2,192.3,0.0
2024-12-25T14:00,26.8,49,6.8,990.7,206.9,0.0
2024-12-25T15:00,26.6,50,5.8,990.4,82.9,0.0
2024-12-25T16:00,26.4,50,6.0,990.5,243.5,0.0
2024-12-25T17:00,24.5,61,3.5,990.8,250.9,0.0
2024-12-25T18:00,23.7,70,4.9,991.4,0.0,0.0
2024-12-25T19:00,22.6,77,4.2,992.5,0.0,0.0
2024-12-25T20:00,21.9,80,4.0,993.4,0.0,0.0
2024-12-25T21:00,21.6,80,4.5,994.1,0.0,0.0
2024-12-25T22:00,21.5,78,4.6,994.2,0.0,0.0
2024-12-25T23:00,21.2,77,5.3,993.9,0.0,0.0
2024-12-26T00:00,21.1,76,5.4,993.7,0.0,0.0
2024-12-26T01:00,21.1,78,6.5,993.3,0.0,0.0
2024-12-26T02:00,21.3,81,6.7,992.7,0.0,0.0
2024-12-26T03:00,21.4,82,7.2,992.5,0.0,0.0
2024-12-26T04:00,20.6,86,8.4,992.7,0.0,0.0
2024-12-26T05:00,19.8,88,8.9,993.1,0.0,0.0
2024-12-26T06:00,19.5,87,7.1,994.4,0.0,0.0
2024-12-26T07:00,20.0,84,8.0,995.4,72.4,0.0
2024-12-26T08:00,22.0,76,7.0,996.6,354.2,0.0
2024-12-26T09:00,24.3,67,7.7,997.0,526.2,0.0
2024-12-26T10:00,25.9,62,6.1,997.1,493.1,0.0
2024-12-26T11:00,26.8,59,4.8,996.2,309.4,0.0
2024-12-26T12:00,28.0,55,5.3,994.8,378.3,0.0
2024-12-26T13:00,28.3,54,5.2,993.5,180.8,0.0
2024-12-26T14:00,28.9,52,5.9,992.7,499.6,0.0
2024-12-26T15:00,28.9,51,5.4,992.4,517.2,0.0
2024-12-26T16:00,28.3,54,5.1,992.5,375.1,0.0
2024-12-26T17:00,26.6,63,3.6,992.8,228.3,0.0
2024-12-26T18:00,25.7,71,2.8,993.4,0.0,0.0
2024-12-26T19:00,24.7,80,1.7,994.2,0.0,0.0
2024-12-26T20:00,23.9,84,1.0,994.8,0.0,0.0
2024-12-26T21:00,23.3,88,0.4,994.6,0.0,0.0
2024-12-26T22:00,22.6,87,4.9,994.8,0.0,0.0
2024-12-26T23:00,22.4,82,5.6,994.4,0.0,0.0
2024-12-27T00:00,21.7,84,4.5,994.1,0.0,0.0
2024-12-27T01:00,21.5,84,6.0,993.6,0.0,0.0
2024-12-27T02:00,21.2,85,7.9,993.0,0.0,0.0
2024-12-27T03:00,20.7,88,5.1,992.9,0.0,0.0
2024-12-27T04:00,20.5,89,4.3,993.0,0.0,0.0
2024-12-27T05:00,20.5,89,4.5,993.3,0.0,0.0
2024-12-27T06:00,20.8,89,3.2,994.5,0.0,0.0
2024-12-27T07:00,21.6,85,5.8,995.2,52.1,0.0
2024-12-27T08:00,23.4,78,5.3,996.3,212.1,0.0
2024-12-27T09:00,25.4,71,6.3,996.8,476.9,0.0
2024-12-27T10:00,27.2,65,7.0,996.5,661.6,0.0
2024-12-27T11:00,28.6,60,7.6,995.7,733.3,0.0
2024-12-27T12:00,29.1,58,9.4,994.6,707.9,0.1
2024-12-27T13:00,29.3,57,8.9,993.3,599.4,0.1
2024-12-27T14:00,29.9,54,9.4,992.4,591.4,0.0
2024-12-27T15:00,29.1,55,9.7,992.3,388.1,0.0
2024-12-27T16:00,27.2,66,8.3,992.7,108.6,0.3
2024-12-27T17:00,26.2,71,4.0,993.0,206.0,0.0
2024-12-27T18:00,24.1,82,1.7,993.4,0.0,0.0
2024-12-27T19:00,23.7,82,1.8,994.0,0.0,0.0
2024-12-27T20:00,23.6,83,2.1,994.4,0.0,0.0
2024-12-27T21:00,23.4,83,1.9,994.4,0.0,0.0
2024-12-27T22:00,22.9,86,1.9,994.5,0.0,0.0
2024-12-27T23:00,22.3,89,2.0,994.1,0.0,0.0
2024-12-28T00:00,21.6,93,3.3,993.6,0.0,0.0
2024-12-28T01:00,21.2,95,2.3,993.2,0.0,0.0
2024-12-28T02:00,20.9,96,5.6,992.6,0.0,0.0
2024-12-28T03:00,20.7,95,6.9,992.2,0.0,0.0
2024-12-28T04:00,20.9,93,8.6,992.3,0.0,0.0
2024-12-28T05:00,20.5,93,6.3,992.7,0.0,0.0
2024-12-28T06:00,20.5,93,4.6,993.7,0.0,0.0
2024-12-28T07:00,21.3,87,5.7,994.5,105.0,0.0
2024-12-28T08:00,23.5,74,3.0,995.3,446.5,0.0
2024-12-28T09:00,25.4,64,3.5,996.0,615.9,0.0
2024-12-28T10:00,27.2,54,4.8,995.7,722.2,0.0
2024-12-28T11:00,28.7,48,6.7,995.2,769.9,0.0
2024-12-28T12:00,29.8,41,8.3,994.0,781.9,0.0
2024-12-28T13:00,30.3,40,8.3,992.7,747.9,0.0
2024-12-28T14:00,30.4,39,8.8,991.7,679.5,0.0
2024-12-28T15:00,30.1,40,8.7,991.1,574.2,0.0
2024-12-28T16:00,29.3,41,9.1,991.2,504.9,0.0
2024-12-28T17:00,27.4,48,8.9,991.5,293.0,0.0
2024-12-28T18:00,26.2,52,7.5,992.1,0.0,0.0
2024-12-28T19:00,25.1,58,8.7,992.9,0.0,0.0
2024-12-28T20:00,24.1,62,7.2,993.7,0.0,0.0
2024-12-28T21:00,23.3,65,7.1,994.1,0.0,0.0
2024-12-28T22:00,22.6,68,7.0,994.2,0.0,0.0
2024-12-28T23:00,22.3,69,6.9,993.6,0.0,0.0
2024-12-29T00:00,21.7,72,7.4,993.2,0.0,0.0
2024-12-29T01:00,21.1,75,6.9,992.7,0.0,0.0
2024-12-29T02:00,20.8,76,8.4,992.0,0.0,0.0
2024-12-29T03:00,20.4,79,9.4,992.1,0.0,0.0
2024-12-29T04:00,19.9,83,6.4,992.4,0.0,0.0
2024-12-29T05:00,20.0,86,0.6,993.4,0.0,0.0
2024-12-29T06:00,19.9,84,6.0,994.2,0.0,0.0
2024-12-29T07:00,20.4,83,7.3,995.0,74.0,0.0
2024-12-29T08:00,22.5,75,4.8,996.2,424.4,0.0
2024-12-29T09:00,24.7,67,4.7,996.8,409.8,0.0
2024-12-29T10:00,26.5,60,3.4,996.6,472.1,0.0
2024-12-29T11:00,28.2,55,3.8,995.7,718.5,0.0
2024-12-29T12:00,29.2,50,3.9,994.3,771.6,0.0
2024-12-29T13:00,29.8,45,4.5,993.2,742.6,0.0
2024-12-29T14:00,30.0,43,4.8,992.5,668.5,0.0
2024-12-29T15:00,29.8,43,4.8,991.9,626.7,0.0
2024-12-29T16:00,29.3,45,5.0,991.6,507.6,0.0
2024-12-29T17:00,27.4,54,3.5,991.9,284.0,0.0
2024-12-29T18:00,25.9,54,4.6,992.5,0.0,0.0
2024-12-29T19:00,25.5,60,9.9,993.4,0.0,0.0
2024-12-29T20:00,24.5,66,10.6,994.2,0.0,0.0
2024-12-29T21:00,23.8,70,9.0,994.7,0.0,0.0
2024-12-29T22:00,23.1,72,8.1,995.0,0.0,0.0
2024-12-29T23:00,22.7,74,7.5,994.8,0.0,0.0
2024-12-30T00:00,21.9,78,7.2,994.5,0.0,0.0
2024-12-30T01:00,21.2,81,6.1,993.9,0.0,0.0
2024-12-30T02:00,20.8,83,5.6,993.2,0.0,0.0
2024-12-30T03:00,20.0,87,3.7,993.1,0.0,0.0
2024-12-30T04:00,19.7,89,3.8,993.3,0.0,0.0
2024-12-30T05:00,19.4,90,3.7,993.3,0.0,0.0
2024-12-30T06:00,19.7,91,3.2,994.1,0.0,0.0
2024-12-30T07:00,20.4,87,6.1,994.9,85.2,0.0
2024-12-30T08:00,22.3,77,4.0,995.9,406.1,0.0
2024-12-30T09:00,24.8,66,2.5,996.5,602.0,0.0
2024-12-30T10:00,27.1,57,1.8,996.2,709.4,0.0
2024-12-30T11:00,28.8,51,0.3,995.4,763.8,0.0
2024-12-30T12:00,30.0,47,2.9,994.1,777.8,0.0
2024-12-30T13:00,30.3,45,6.0,993.0,689.4,0.0
2024-12-30T14:00,30.3,44,8.5,992.2,635.6,0.0
2024-12-30T15:00,30.0,45,10.2,991.9,542.9,0.0
2024-12-30T16:00,29.4,46,10.5,992.0,406.4,0.0
2024-12-30T17:00,28.0,50,8.1,992.2,241.5,0.0
2024-12-30T18:00,26.3,59,4.9,993.1,0.0,0.0
2024-12-30T19:00,25.6,62,6.7,993.8,0.0,0.0
2024-12-30T20:00,24.9,63,7.3,994.6,0.0,0.0
2024-12-30T21:00,24.3,64,7.0,994.8,0.0,0.0
2024-12-30T22:00,23.6,66,6.2,995.1,0.0,0.0
2024-12-30T23:00,22.7,71,5.1,994.7,0.0,0.0
2024-12-31T00:00,21.8,75,4.8,994.2,0.0,0.0
2024-12-31T01:00,21.0,79,4.5,993.9,0.0,0.0
2024-12-31T02:00,20.5,82,3.3,993.2,0.0,0.0
2024-12-31T03:00,20.2,81,6.3,993.0,0.0,0.0
2024-12-31T04:00,19.8,83,6.0,993.1,0.0,0.0
2024-12-31T05:00,19.4,84,6.4,993.3,0.0,0.0
2024-12-31T06:00,19.3,85,5.2,994.4,0.0,0.0
2024-12-31T07:00,19.7,82,7.4,995.3,96.4,0.0
2024-12-31T08:00,21.9,72,4.9,996.3,436.4,0.0
2024-12-31T09:00,24.7,61,3.8,996.9,626.1,0.0
2024-12-31T10:00,27.1,52,4.9,996.8,728.6,0.0
2024-12-31T11:00,28.8,46,4.6,995.9,779.7,0.0
2024-12-31T12:00,29.8,43,3.2,994.7,800.4,0.0
2024-12-31T13:00,30.7,40,0.9,993.2,792.0,0.0
2024-12-31T14:00,31.1,37,4.1,992.4,716.5,0.0
2024-12-31T15:00,30.7,37,9.2,991.8,594.9,0.0
2024-12-31T16:00,29.6,39,13.5,992.0,521.3,0.0
2024-12-31T17:00,28.2,43,10.8,992.2,299.5,0.0
2024-12-31T18:00,26.6,50,7.1,993.0,0.0,0.0
2024-12-31T19:00,25.0,59,5.1,993.6,0.0,0.0
2024-12-31T20:00,23.7,65,5.6,994.2,0.0,0.0
2024-12-31T21:00,23.1,66,6.9,994.3,0.0,0.0
2024-12-31T22:00,22.0,69,4.8,994.0,0.0,0.0
2024-12-31T23:00,21.3,72,3.8,993.6,0.0,0.0
